account_id,account_name,industry,country,signup_date,referral_source,plan_tier,seats,is_trial,churn_flag,subscription_id,start_date,end_date,mrr_amount,arr_amount,upgrade_flag,downgrade_flag,billing_frequency,auto_renew_flag,usage_count,error_count,total_tickets,avg_satisfaction
A-2e4581,Company_0,EdTech,US,2024-10-16,partner,Basic,9,False,False,S-faa8ec,2024-12-09,,209,2508,False,False,monthly,True,42.0,0.0,2.0,3.4906382978723407
A-2e4581,Company_0,EdTech,US,2024-10-16,partner,Basic,9,False,False,S-b78829,2024-11-12,,980,11760,False,False,monthly,True,46.0,4.0,2.0,3.4906382978723407
A-2e4581,Company_0,EdTech,US,2024-10-16,partner,Basic,9,False,False,S-7ce677,2024-10-20,,441,5292,False,False,monthly,True,44.0,5.0,2.0,3.4906382978723407
A-2e4581,Company_0,EdTech,US,2024-10-16,partner,Basic,9,False,False,S-34a131,2024-11-29,,1791,21492,False,False,annual,False,41.0,6.0,2.0,3.4906382978723407
A-2e4581,Company_0,EdTech,US,2024-10-16,partner,Basic,9,False,False,S-1e349b,2024-11-13,,1938,23256,False,False,monthly,True,66.0,0.0,2.0,3.4906382978723407
A-2e4581,Company_0,EdTech,US,2024-10-16,partner,Basic,9,False,False,S-d24841,2024-11-17,,0,0,True,False,annual,True,78.0,4.0,2.0,3.4906382978723407
A-2e4581,Company_0,EdTech,US,2024-10-16,partner,Basic,9,False,False,S-c4cef7,2024-10-25,,637,7644,False,False,annual,False,60.0,2.0,2.0,3.4906382978723407
A-2e4581,Company_0,EdTech,US,2024-10-16,partner,Basic,9,False,False,S-3d7bed,2024-12-22,,836,10032,False,False,monthly,True,82.0,5.0,2.0,3.4906382978723407
A-2e4581,Company_0,EdTech,US,2024-10-16,partner,Basic,9,False,False,S-e79dbc,2024-10-30,,0,0,False,False,monthly,True,58.0,7.0,2.0,3.4906382978723407
A-2e4581,Company_0,EdTech,US,2024-10-16,partner,Basic,9,False,False,S-d4d459,2024-12-19,,5771,69252,False,False,monthly,True,18.0,5.0,2.0,3.4906382978723407
A-43a9e3,Company_1,FinTech,IN,2023-08-17,other,Basic,18,False,True,S-f3274c,2024-02-07,,882,10584,False,False,annual,False,30.0,0.0,3.0,4.0
A-43a9e3,Company_1,FinTech,IN,2023-08-17,other,Basic,18,False,True,S-8e5fd4,2024-03-09,,513,6156,True,False,annual,True,69.0,4.0,3.0,4.0
A-43a9e3,Company_1,FinTech,IN,2023-08-17,other,Basic,18,False,True,S-fa8c75,2024-07-08,,882,10584,False,False,monthly,True,40.0,1.0,3.0,4.0
A-43a9e3,Company_1,FinTech,IN,2023-08-17,other,Basic,18,False,True,S-df262a,2023-11-06,,5572,66864,True,False,monthly,True,71.0,4.0,3.0,4.0
A-43a9e3,Company_1,FinTech,IN,2023-08-17,other,Basic,18,False,True,S-c80ac4,2023-11-29,,342,4104,False,False,annual,True,21.0,0.0,3.0,4.0
A-43a9e3,Company_1,FinTech,IN,2023-08-17,other,Basic,18,False,True,S-9171f0,2024-03-26,,513,6156,False,False,annual,True,37.0,0.0,3.0,4.0
A-43a9e3,Company_1,FinTech,IN,2023-08-17,other,Basic,18,False,True,S-0d2fb8,2023-09-20,,418,5016,False,False,annual,False,27.0,5.0,3.0,4.0
A-43a9e3,Company_1,FinTech,IN,2023-08-17,other,Basic,18,False,True,S-726749,2024-02-22,,882,10584,True,False,annual,True,60.0,0.0,3.0,4.0
A-0a282f,Company_2,DevTools,US,2024-08-27,organic,Basic,1,False,False,S-ce5450,2024-12-25,2024-12-28,0,0,False,False,annual,True,80.0,5.0,3.0,4.666666666666667
A-0a282f,Company_2,DevTools,US,2024-08-27,organic,Basic,1,False,False,S-f615d2,2024-10-23,,882,10584,True,False,monthly,True,40.0,1.0,3.0,4.666666666666667
A-0a282f,Company_2,DevTools,US,2024-08-27,organic,Basic,1,False,False,S-a346d6,2024-08-31,2024-09-25,3781,45372,False,False,annual,True,39.0,2.0,3.0,4.666666666666667
A-0a282f,Company_2,DevTools,US,2024-08-27,organic,Basic,1,False,False,S-45baa6,2024-10-08,,196,2352,False,False,monthly,True,35.0,3.0,3.0,4.666666666666667
A-0a282f,Company_2,DevTools,US,2024-08-27,organic,Basic,1,False,False,S-f32440,2024-10-06,,760,9120,False,False,monthly,True,51.0,2.0,3.0,4.666666666666667
A-0a282f,Company_2,DevTools,US,2024-08-27,organic,Basic,1,False,False,S-973e8e,2024-09-28,2024-12-16,1194,14328,False,False,annual,True,66.0,2.0,3.0,4.666666666666667
A-0a282f,Company_2,DevTools,US,2024-08-27,organic,Basic,1,False,False,S-d6106b,2024-10-16,,114,1368,False,False,monthly,True,45.0,6.0,3.0,4.666666666666667
A-0a282f,Company_2,DevTools,US,2024-08-27,organic,Basic,1,False,False,S-22eb3c,2024-12-20,,1140,13680,False,False,monthly,True,64.0,6.0,3.0,4.666666666666667
A-0a282f,Company_2,DevTools,US,2024-08-27,organic,Basic,1,False,False,S-3b98b1,2024-10-10,,5771,69252,False,False,monthly,True,31.0,1.0,3.0,4.666666666666667
A-0a282f,Company_2,DevTools,US,2024-08-27,organic,Basic,1,False,False,S-fc7e8e,2024-10-11,,398,4776,False,False,monthly,True,92.0,4.0,3.0,4.666666666666667
A-0a282f,Company_2,DevTools,US,2024-08-27,organic,Basic,1,False,False,S-897d69,2024-12-20,,2695,32340,False,False,monthly,True,24.0,0.0,3.0,4.666666666666667
A-0a282f,Company_2,DevTools,US,2024-08-27,organic,Basic,1,False,False,S-561d54,2024-11-10,,49,588,False,False,annual,True,99.0,6.0,3.0,4.666666666666667
A-0a282f,Company_2,DevTools,US,2024-08-27,organic,Basic,1,False,False,S-04fd47,2024-10-27,,228,2736,False,False,annual,True,28.0,2.0,3.0,4.666666666666667
A-0a282f,Company_2,DevTools,US,2024-08-27,organic,Basic,1,False,False,S-b037c5,2024-10-07,,980,11760,False,True,annual,True,72.0,4.0,3.0,4.666666666666667
A-0a282f,Company_2,DevTools,US,2024-08-27,organic,Basic,1,False,False,S-9c414f,2024-12-27,,98,1176,False,False,annual,True,55.0,4.0,3.0,4.666666666666667
A-1f0ac7,Company_3,HealthTech,UK,2023-08-27,other,Basic,24,True,False,S-fccc09,2024-12-20,,1176,14112,True,False,monthly,True,69.0,3.0,2.0,3.981276595744681
A-1f0ac7,Company_3,HealthTech,UK,2023-08-27,other,Basic,24,True,False,S-327a60,2024-05-03,,893,10716,False,False,annual,True,41.0,2.0,2.0,3.981276595744681
A-1f0ac7,Company_3,HealthTech,UK,2023-08-27,other,Basic,24,True,False,S-e7e4bd,2024-02-15,,4776,57312,False,False,annual,True,114.0,8.0,2.0,3.981276595744681
A-1f0ac7,Company_3,HealthTech,UK,2023-08-27,other,Basic,24,True,False,S-90229f,2024-07-11,,0,0,True,False,monthly,True,26.0,0.0,2.0,3.981276595744681
A-1f0ac7,Company_3,HealthTech,UK,2023-08-27,other,Basic,24,True,False,S-12ed58,2024-11-14,,608,7296,False,False,annual,True,16.0,2.0,2.0,3.981276595744681
A-1f0ac7,Company_3,HealthTech,UK,2023-08-27,other,Basic,24,True,False,S-da7f1f,2023-12-04,,1176,14112,False,False,monthly,False,66.0,4.0,2.0,3.981276595744681
A-1f0ac7,Company_3,HealthTech,UK,2023-08-27,other,Basic,24,True,False,S-329803,2024-04-29,,646,7752,False,False,monthly,False,50.0,2.0,2.0,3.981276595744681
A-ce550d,Company_4,HealthTech,US,2024-10-27,event,Enterprise,35,False,True,S-e1de58,2024-10-28,,6965,83580,True,False,annual,True,18.0,3.0,7.0,3.851793313069909
A-ce550d,Company_4,HealthTech,US,2024-10-27,event,Enterprise,35,False,True,S-6055d4,2024-11-13,,0,0,False,False,monthly,True,56.0,2.0,7.0,3.851793313069909
A-ce550d,Company_4,HealthTech,US,2024-10-27,event,Enterprise,35,False,True,S-4bfa1d,2024-12-21,2024-12-30,1715,20580,False,False,monthly,True,44.0,4.0,7.0,3.851793313069909
A-ce550d,Company_4,HealthTech,US,2024-10-27,event,Enterprise,35,False,True,S-c3cb12,2024-11-01,,10746,128952,False,False,annual,False,87.0,5.0,7.0,3.851793313069909
A-ce550d,Company_4,HealthTech,US,2024-10-27,event,Enterprise,35,False,True,S-d925e2,2024-12-16,,1715,20580,False,False,annual,True,59.0,0.0,7.0,3.851793313069909
A-ce550d,Company_4,HealthTech,US,2024-10-27,event,Enterprise,35,False,True,S-3cae3d,2024-12-04,,1715,20580,False,False,annual,False,68.0,5.0,7.0,3.851793313069909
A-ce550d,Company_4,HealthTech,US,2024-10-27,event,Enterprise,35,False,True,S-79d1e0,2024-12-31,2024-12-31,21691,260292,False,False,monthly,True,117.0,7.0,7.0,3.851793313069909
A-ce550d,Company_4,HealthTech,US,2024-10-27,event,Enterprise,35,False,True,S-16dc40,2024-11-16,,2499,29988,True,False,monthly,True,72.0,1.0,7.0,3.851793313069909
A-ce550d,Company_4,HealthTech,US,2024-10-27,event,Enterprise,35,False,True,S-7ac9dd,2024-11-24,,1715,20580,False,False,annual,False,58.0,4.0,7.0,3.851793313069909
A-1b9609,Company_5,EdTech,IN,2023-10-12,ads,Enterprise,4,False,False,S-86455a,2023-12-01,,588,7056,False,False,monthly,True,61.0,2.0,4.0,3.7359574468085106
A-1b9609,Company_5,EdTech,IN,2023-10-12,ads,Enterprise,4,False,False,S-ee53e8,2024-09-03,,323,3876,False,False,annual,True,78.0,1.0,4.0,3.7359574468085106
A-1b9609,Company_5,EdTech,IN,2023-10-12,ads,Enterprise,4,False,False,S-35cf1c,2024-02-17,,931,11172,False,False,monthly,True,56.0,2.0,4.0,3.7359574468085106
A-1b9609,Company_5,EdTech,IN,2023-10-12,ads,Enterprise,4,False,False,S-ba672b,2024-05-01,,196,2352,False,False,annual,False,46.0,0.0,4.0,3.7359574468085106
A-1b9609,Company_5,EdTech,IN,2023-10-12,ads,Enterprise,4,False,False,S-523cce,2024-08-28,,5970,71640,False,False,monthly,True,43.0,0.0,4.0,3.7359574468085106
A-1b9609,Company_5,EdTech,IN,2023-10-12,ads,Enterprise,4,False,False,S-80016a,2024-01-11,,995,11940,False,False,monthly,True,7.0,2.0,4.0,3.7359574468085106
A-1b9609,Company_5,EdTech,IN,2023-10-12,ads,Enterprise,4,False,False,S-4f3f73,2024-08-04,2024-08-12,196,2352,False,False,annual,True,13.0,3.0,4.0,3.7359574468085106
A-1b9609,Company_5,EdTech,IN,2023-10-12,ads,Enterprise,4,False,False,S-5d5699,2024-06-16,,6965,83580,False,False,annual,True,46.0,4.0,4.0,3.7359574468085106
A-1b9609,Company_5,EdTech,IN,2023-10-12,ads,Enterprise,4,False,False,S-afa7a7,2024-10-03,,0,0,False,False,annual,True,27.0,2.0,4.0,3.7359574468085106
A-1b9609,Company_5,EdTech,IN,2023-10-12,ads,Enterprise,4,False,False,S-34253c,2023-12-02,,342,4104,False,False,annual,False,30.0,3.0,4.0,3.7359574468085106
A-1b9609,Company_5,EdTech,IN,2023-10-12,ads,Enterprise,4,False,False,S-412125,2024-01-14,,304,3648,False,False,monthly,True,50.0,2.0,4.0,3.7359574468085106
A-a0ca4e,Company_6,Cybersecurity,US,2024-03-08,ads,Pro,11,False,False,S-e97b9f,2024-03-16,,2388,28656,False,False,annual,True,30.0,4.0,6.0,3.8302127659574468
A-a0ca4e,Company_6,Cybersecurity,US,2024-03-08,ads,Pro,11,False,False,S-d26ff6,2024-12-01,,5174,62088,False,False,monthly,True,44.0,1.0,6.0,3.8302127659574468
A-a0ca4e,Company_6,Cybersecurity,US,2024-03-08,ads,Pro,11,False,False,S-665df9,2024-10-28,,539,6468,False,False,annual,True,44.0,0.0,6.0,3.8302127659574468
A-a0ca4e,Company_6,Cybersecurity,US,2024-03-08,ads,Pro,11,False,False,S-ccf11b,2024-08-02,,539,6468,False,False,annual,True,52.0,2.0,6.0,3.8302127659574468
A-a0ca4e,Company_6,Cybersecurity,US,2024-03-08,ads,Pro,11,False,False,S-40e528,2024-11-19,,0,0,False,False,annual,True,40.0,1.0,6.0,3.8302127659574468
A-a0ca4e,Company_6,Cybersecurity,US,2024-03-08,ads,Pro,11,False,False,S-461334,2024-05-06,,209,2508,False,False,annual,True,80.0,3.0,6.0,3.8302127659574468
A-a0ca4e,Company_6,Cybersecurity,US,2024-03-08,ads,Pro,11,False,False,S-97a57b,2024-08-12,,5174,62088,False,False,monthly,True,39.0,2.0,6.0,3.8302127659574468
A-a0ca4e,Company_6,Cybersecurity,US,2024-03-08,ads,Pro,11,False,False,S-f8d0a2,2024-05-15,,209,2508,False,False,annual,False,44.0,1.0,6.0,3.8302127659574468
A-a0ca4e,Company_6,Cybersecurity,US,2024-03-08,ads,Pro,11,False,False,S-1784ce,2024-09-25,,2401,28812,False,False,annual,True,0.0,0.0,6.0,3.8302127659574468
A-e5d6ab,Company_7,EdTech,US,2023-04-15,partner,Pro,3,False,False,S-0a28cd,2023-10-08,,4179,50148,False,False,monthly,True,41.0,2.0,3.0,3.981276595744681
A-e5d6ab,Company_7,EdTech,US,2023-04-15,partner,Pro,3,False,False,S-e1dc0b,2023-09-16,,0,0,False,False,monthly,True,38.0,1.0,3.0,3.981276595744681
A-e5d6ab,Company_7,EdTech,US,2023-04-15,partner,Pro,3,False,False,S-b57dcd,2023-05-11,,95,1140,False,False,annual,True,54.0,3.0,3.0,3.981276595744681
A-e5d6ab,Company_7,EdTech,US,2023-04-15,partner,Pro,3,False,False,S-531e3a,2024-07-22,,741,8892,False,False,monthly,True,27.0,4.0,3.0,3.981276595744681
A-e5d6ab,Company_7,EdTech,US,2023-04-15,partner,Pro,3,False,False,S-47cf94,2023-10-02,2024-05-03,665,7980,False,False,annual,True,5.0,1.0,3.0,3.981276595744681
A-e5d6ab,Company_7,EdTech,US,2023-04-15,partner,Pro,3,False,False,S-5677fb,2024-07-02,,2587,31044,False,False,monthly,False,33.0,2.0,3.0,3.981276595744681
A-e5d6ab,Company_7,EdTech,US,2023-04-15,partner,Pro,3,False,False,S-12125f,2023-08-08,,57,684,False,False,monthly,True,66.0,6.0,3.0,3.981276595744681
A-e5d6ab,Company_7,EdTech,US,2023-04-15,partner,Pro,3,False,False,S-a01d87,2024-06-27,,171,2052,False,False,annual,True,48.0,2.0,3.0,3.981276595744681
A-e5d6ab,Company_7,EdTech,US,2023-04-15,partner,Pro,3,False,False,S-7b211a,2024-11-10,,1568,18816,False,False,annual,True,38.0,0.0,3.0,3.981276595744681
A-e5d6ab,Company_7,EdTech,US,2023-04-15,partner,Pro,3,False,False,S-b41269,2024-03-23,,2985,35820,False,False,annual,True,32.0,2.0,3.0,3.981276595744681
A-7dacce,Company_8,Cybersecurity,CA,2024-09-10,event,Enterprise,12,False,True,S-99fbf7,2024-09-10,,2388,28656,False,False,annual,True,65.0,2.0,4.0,3.7453191489361704
A-7dacce,Company_8,Cybersecurity,CA,2024-09-10,event,Enterprise,12,False,True,S-4d1a78,2024-11-02,,0,0,False,False,monthly,True,50.0,5.0,4.0,3.7453191489361704
A-7dacce,Company_8,Cybersecurity,CA,2024-09-10,event,Enterprise,12,False,True,S-8942cf,2024-11-21,,588,7056,False,False,monthly,True,19.0,0.0,4.0,3.7453191489361704
A-7dacce,Company_8,Cybersecurity,CA,2024-09-10,event,Enterprise,12,False,True,S-5901a1,2024-09-10,,0,0,False,False,annual,True,55.0,4.0,4.0,3.7453191489361704
A-7dacce,Company_8,Cybersecurity,CA,2024-09-10,event,Enterprise,12,False,True,S-ab476e,2024-11-28,,13333,159996,False,False,annual,True,57.0,0.0,4.0,3.7453191489361704
A-7dacce,Company_8,Cybersecurity,CA,2024-09-10,event,Enterprise,12,False,True,S-32545c,2024-11-13,,2985,35820,False,False,annual,False,32.0,0.0,4.0,3.7453191489361704
A-7dacce,Company_8,Cybersecurity,CA,2024-09-10,event,Enterprise,12,False,True,S-31d765,2024-12-04,,0,0,True,False,annual,True,39.0,4.0,4.0,3.7453191489361704
A-7dacce,Company_8,Cybersecurity,CA,2024-09-10,event,Enterprise,12,False,True,S-92b77f,2024-11-27,,588,7056,False,False,annual,False,76.0,6.0,4.0,3.7453191489361704
A-7dacce,Company_8,Cybersecurity,CA,2024-09-10,event,Enterprise,12,False,True,S-fa03a5,2024-11-27,,588,7056,False,False,annual,True,25.0,6.0,4.0,3.7453191489361704
A-7dacce,Company_8,Cybersecurity,CA,2024-09-10,event,Enterprise,12,False,True,S-0bdf55,2024-09-18,,2587,31044,False,False,annual,False,54.0,2.0,4.0,3.7453191489361704
A-10b8da,Company_9,DevTools,US,2023-05-08,partner,Enterprise,14,False,True,S-b4212b,2023-05-12,2024-01-21,3383,40596,True,False,monthly,True,74.0,5.0,3.0,3.660425531914894
A-10b8da,Company_9,DevTools,US,2023-05-08,partner,Enterprise,14,False,True,S-a34e37,2024-04-27,,0,0,False,False,annual,True,48.0,2.0,3.0,3.660425531914894
A-10b8da,Company_9,DevTools,US,2023-05-08,partner,Enterprise,14,False,True,S-6eb56d,2024-09-14,,1666,19992,False,False,monthly,True,51.0,1.0,3.0,3.660425531914894
A-10b8da,Company_9,DevTools,US,2023-05-08,partner,Enterprise,14,False,True,S-c1ad26,2024-05-09,,686,8232,False,False,annual,True,13.0,6.0,3.0,3.660425531914894
A-10b8da,Company_9,DevTools,US,2023-05-08,partner,Enterprise,14,False,True,S-020dce,2024-07-05,,2786,33432,False,False,monthly,False,7.0,0.0,3.0,3.660425531914894
A-10b8da,Company_9,DevTools,US,2023-05-08,partner,Enterprise,14,False,True,S-bfca66,2023-06-09,,266,3192,False,False,annual,False,64.0,0.0,3.0,3.660425531914894
A-592832,Company_10,Cybersecurity,US,2024-09-25,organic,Basic,18,False,True,S-17cfc4,2024-12-01,,0,0,False,True,monthly,True,100.0,2.0,3.0,4.320851063829788
A-592832,Company_10,Cybersecurity,US,2024-09-25,organic,Basic,18,False,True,S-65dd83,2024-11-07,,1764,21168,False,False,annual,True,61.0,4.0,3.0,4.320851063829788
A-592832,Company_10,Cybersecurity,US,2024-09-25,organic,Basic,18,False,True,S-d97185,2024-12-22,,1813,21756,False,False,annual,True,58.0,1.0,3.0,4.320851063829788
A-592832,Company_10,Cybersecurity,US,2024-09-25,organic,Basic,18,False,True,S-f86bcf,2024-12-02,2024-12-03,2156,25872,False,False,annual,False,41.0,2.0,3.0,4.320851063829788
A-592832,Company_10,Cybersecurity,US,2024-09-25,organic,Basic,18,False,True,S-404ecd,2024-09-27,2024-12-18,3582,42984,False,False,monthly,True,47.0,1.0,3.0,4.320851063829788
A-592832,Company_10,Cybersecurity,US,2024-09-25,organic,Basic,18,False,True,S-24cdb5,2024-10-21,,665,7980,False,False,annual,True,40.0,3.0,3.0,4.320851063829788
A-592832,Company_10,Cybersecurity,US,2024-09-25,organic,Basic,18,False,True,S-810a67,2024-10-15,,882,10584,False,False,monthly,True,34.0,3.0,3.0,4.320851063829788
A-592832,Company_10,Cybersecurity,US,2024-09-25,organic,Basic,18,False,True,S-0c63de,2024-12-31,,882,10584,False,False,annual,False,50.0,4.0,3.0,4.320851063829788
A-592832,Company_10,Cybersecurity,US,2024-09-25,organic,Basic,18,False,True,S-751802,2024-11-03,,342,4104,False,False,monthly,True,0.0,0.0,3.0,4.320851063829788
A-592832,Company_10,Cybersecurity,US,2024-09-25,organic,Basic,18,False,True,S-73d0eb,2024-10-09,,1140,13680,False,False,monthly,True,75.0,4.0,3.0,4.320851063829788
A-592832,Company_10,Cybersecurity,US,2024-09-25,organic,Basic,18,False,True,S-16a545,2024-09-30,,665,7980,False,False,annual,True,64.0,3.0,3.0,4.320851063829788
A-592832,Company_10,Cybersecurity,US,2024-09-25,organic,Basic,18,False,True,S-150930,2024-09-26,,8358,100296,False,False,monthly,False,78.0,2.0,3.0,4.320851063829788
A-592832,Company_10,Cybersecurity,US,2024-09-25,organic,Basic,18,False,True,S-a4d69d,2024-12-11,,342,4104,False,False,monthly,True,94.0,11.0,3.0,4.320851063829788
A-592832,Company_10,Cybersecurity,US,2024-09-25,organic,Basic,18,False,True,S-8b1b5a,2024-12-17,,882,10584,False,False,annual,True,31.0,1.0,3.0,4.320851063829788
A-592832,Company_10,Cybersecurity,US,2024-09-25,organic,Basic,18,False,True,S-5a500d,2024-09-26,,0,0,False,False,annual,True,59.0,0.0,3.0,4.320851063829788
A-592832,Company_10,Cybersecurity,US,2024-09-25,organic,Basic,18,False,True,S-edd29b,2024-12-24,,3582,42984,False,False,annual,True,40.0,5.0,3.0,4.320851063829788
A-592832,Company_10,Cybersecurity,US,2024-09-25,organic,Basic,18,False,True,S-86615c,2024-10-03,,5174,62088,True,False,monthly,True,76.0,2.0,3.0,4.320851063829788
A-592832,Company_10,Cybersecurity,US,2024-09-25,organic,Basic,18,False,True,S-529f0c,2024-11-28,2024-12-10,0,0,False,False,monthly,True,51.0,5.0,3.0,4.320851063829788
A-592832,Company_10,Cybersecurity,US,2024-09-25,organic,Basic,18,False,True,S-763b53,2024-12-22,,342,4104,False,False,annual,False,54.0,2.0,3.0,4.320851063829788
A-d40bf7,Company_11,FinTech,IN,2024-11-08,organic,Basic,59,False,False,S-26e8f0,2024-11-17,,11741,140892,False,False,monthly,False,43.0,2.0,2.0,5.0
A-d40bf7,Company_11,FinTech,IN,2024-11-08,organic,Basic,59,False,False,S-39bb68,2024-11-23,,1121,13452,False,False,monthly,True,54.0,2.0,2.0,5.0
A-d40bf7,Company_11,FinTech,IN,2024-11-08,organic,Basic,59,False,False,S-388190,2024-12-27,,11741,140892,False,False,annual,False,64.0,3.0,2.0,5.0
A-d40bf7,Company_11,FinTech,IN,2024-11-08,organic,Basic,59,False,False,S-e338a1,2024-12-14,,2891,34692,False,False,monthly,True,47.0,2.0,2.0,5.0
A-d40bf7,Company_11,FinTech,IN,2024-11-08,organic,Basic,59,False,False,S-4d5623,2024-11-09,,11741,140892,False,False,annual,True,59.0,1.0,2.0,5.0
A-d40bf7,Company_11,FinTech,IN,2024-11-08,organic,Basic,59,False,False,S-7554c2,2024-12-13,,0,0,False,False,annual,True,113.0,4.0,2.0,5.0
A-d40bf7,Company_11,FinTech,IN,2024-11-08,organic,Basic,59,False,False,S-a175c2,2024-12-15,,0,0,True,False,annual,True,41.0,3.0,2.0,5.0
A-d40bf7,Company_11,FinTech,IN,2024-11-08,organic,Basic,59,False,False,S-7cd9fa,2024-12-29,,1121,13452,False,False,monthly,True,35.0,0.0,2.0,5.0
A-d40bf7,Company_11,FinTech,IN,2024-11-08,organic,Basic,59,False,False,S-31afc4,2024-12-09,,2891,34692,False,False,monthly,False,52.0,3.0,2.0,5.0
A-d40bf7,Company_11,FinTech,IN,2024-11-08,organic,Basic,59,False,False,S-85b7d7,2024-12-27,,0,0,False,False,monthly,False,54.0,2.0,2.0,5.0
A-6c093d,Company_12,DevTools,US,2023-04-14,partner,Basic,7,True,False,S-191550,2024-05-08,,285,3420,True,False,monthly,True,36.0,1.0,3.0,4.320851063829788
A-6c093d,Company_12,DevTools,US,2023-04-14,partner,Basic,7,True,False,S-d1350e,2024-07-27,,12139,145668,False,False,annual,True,30.0,0.0,3.0,4.320851063829788
A-6c093d,Company_12,DevTools,US,2023-04-14,partner,Basic,7,True,False,S-d66d63,2023-08-25,,637,7644,False,False,annual,True,110.0,6.0,3.0,4.320851063829788
A-6c093d,Company_12,DevTools,US,2023-04-14,partner,Basic,7,True,False,S-8b9deb,2024-09-12,2024-11-01,343,4116,False,False,monthly,True,118.0,6.0,3.0,4.320851063829788
A-6c093d,Company_12,DevTools,US,2023-04-14,partner,Basic,7,True,False,S-77c22b,2024-03-13,,1393,16716,False,False,annual,True,43.0,4.0,3.0,4.320851063829788
A-6c093d,Company_12,DevTools,US,2023-04-14,partner,Basic,7,True,False,S-91da84,2024-03-08,2024-09-19,343,4116,False,False,annual,True,27.0,1.0,3.0,4.320851063829788
A-6c093d,Company_12,DevTools,US,2023-04-14,partner,Basic,7,True,False,S-4af421,2024-07-08,,513,6156,False,False,monthly,False,82.0,2.0,3.0,4.320851063829788
A-6c093d,Company_12,DevTools,US,2023-04-14,partner,Basic,7,True,False,S-270a4e,2024-01-17,,133,1596,True,False,monthly,True,63.0,2.0,3.0,4.320851063829788
A-6c093d,Company_12,DevTools,US,2023-04-14,partner,Basic,7,True,False,S-0ff481,2023-04-30,,285,3420,False,False,annual,False,28.0,3.0,3.0,4.320851063829788
A-6c093d,Company_12,DevTools,US,2023-04-14,partner,Basic,7,True,False,S-b633be,2023-09-26,2024-07-14,0,0,False,False,monthly,True,53.0,2.0,3.0,4.320851063829788
A-6c093d,Company_12,DevTools,US,2023-04-14,partner,Basic,7,True,False,S-c9eecb,2024-10-10,,171,2052,False,False,annual,True,45.0,0.0,3.0,4.320851063829788
A-6c093d,Company_12,DevTools,US,2023-04-14,partner,Basic,7,True,False,S-4fc62f,2024-12-12,,0,0,False,False,annual,True,35.0,3.0,3.0,4.320851063829788
A-462d45,Company_13,Cybersecurity,US,2024-01-15,partner,Enterprise,11,True,False,S-162596,2024-02-29,,0,0,False,False,monthly,True,23.0,1.0,4.0,3.9859574468085106
A-462d45,Company_13,Cybersecurity,US,2024-01-15,partner,Enterprise,11,True,False,S-53fa80,2024-08-05,,2786,33432,False,False,monthly,True,52.0,4.0,4.0,3.9859574468085106
A-462d45,Company_13,Cybersecurity,US,2024-01-15,partner,Enterprise,11,True,False,S-9dda85,2024-01-16,2024-05-29,1691,20292,False,False,annual,False,37.0,2.0,4.0,3.9859574468085106
A-462d45,Company_13,Cybersecurity,US,2024-01-15,partner,Enterprise,11,True,False,S-5a4fb5,2024-02-13,,637,7644,True,False,annual,True,61.0,4.0,4.0,3.9859574468085106
A-462d45,Company_13,Cybersecurity,US,2024-01-15,partner,Enterprise,11,True,False,S-3a6a71,2024-04-19,,1159,13908,False,False,monthly,False,52.0,0.0,4.0,3.9859574468085106
A-462d45,Company_13,Cybersecurity,US,2024-01-15,partner,Enterprise,11,True,False,S-d5bf88,2024-02-21,,10348,124176,False,True,annual,True,77.0,6.0,4.0,3.9859574468085106
A-462d45,Company_13,Cybersecurity,US,2024-01-15,partner,Enterprise,11,True,False,S-b86304,2024-05-07,,931,11172,False,False,annual,True,59.0,1.0,4.0,3.9859574468085106
A-462d45,Company_13,Cybersecurity,US,2024-01-15,partner,Enterprise,11,True,False,S-cce34b,2024-03-25,,882,10584,False,False,monthly,True,53.0,0.0,4.0,3.9859574468085106
A-462d45,Company_13,Cybersecurity,US,2024-01-15,partner,Enterprise,11,True,False,S-b046ad,2024-09-24,,0,0,False,False,monthly,True,72.0,5.0,4.0,3.9859574468085106
A-462d45,Company_13,Cybersecurity,US,2024-01-15,partner,Enterprise,11,True,False,S-17c51e,2024-11-25,2024-12-12,2989,35868,False,False,annual,True,40.0,0.0,4.0,3.9859574468085106
A-462d45,Company_13,Cybersecurity,US,2024-01-15,partner,Enterprise,11,True,False,S-82c91a,2024-12-10,,1470,17640,False,False,annual,True,44.0,1.0,4.0,3.9859574468085106
A-462d45,Company_13,Cybersecurity,US,2024-01-15,partner,Enterprise,11,True,False,S-718116,2024-05-03,,539,6468,False,True,monthly,True,72.0,2.0,4.0,3.9859574468085106
A-956988,Company_14,EdTech,UK,2024-11-30,ads,Enterprise,1,False,False,S-d1527e,2024-12-07,,1274,15288,False,False,annual,True,32.0,1.0,2.0,3.4906382978723407
A-956988,Company_14,EdTech,UK,2024-11-30,ads,Enterprise,1,False,False,S-f9df40,2024-12-05,,1330,15960,False,False,annual,True,20.0,5.0,2.0,3.4906382978723407
A-956988,Company_14,EdTech,UK,2024-11-30,ads,Enterprise,1,False,False,S-13dfe7,2024-12-15,,98,1176,False,False,annual,True,32.0,2.0,2.0,3.4906382978723407
A-956988,Company_14,EdTech,UK,2024-11-30,ads,Enterprise,1,False,False,S-226cf3,2024-12-18,,2058,24696,False,True,monthly,True,70.0,4.0,2.0,3.4906382978723407
A-956988,Company_14,EdTech,UK,2024-11-30,ads,Enterprise,1,False,False,S-e195f5,2024-12-26,,2388,28656,False,False,monthly,True,69.0,6.0,2.0,3.4906382978723407
A-956988,Company_14,EdTech,UK,2024-11-30,ads,Enterprise,1,False,False,S-c5e371,2024-12-15,,2009,24108,False,False,monthly,True,39.0,4.0,2.0,3.4906382978723407
A-956988,Company_14,EdTech,UK,2024-11-30,ads,Enterprise,1,False,False,S-c069ab,2024-12-05,,10945,131340,False,False,annual,True,97.0,3.0,2.0,3.4906382978723407
A-956988,Company_14,EdTech,UK,2024-11-30,ads,Enterprise,1,False,False,S-ccf9c8,2024-12-14,,19,228,False,False,monthly,False,60.0,5.0,2.0,3.4906382978723407
A-956988,Company_14,EdTech,UK,2024-11-30,ads,Enterprise,1,False,False,S-f2ccdd,2024-12-30,,6368,76416,False,False,annual,True,9.0,0.0,2.0,3.4906382978723407
A-956988,Company_14,EdTech,UK,2024-11-30,ads,Enterprise,1,False,False,S-49b640,2024-12-02,,1791,21492,False,False,monthly,True,59.0,7.0,2.0,3.4906382978723407
A-956988,Company_14,EdTech,UK,2024-11-30,ads,Enterprise,1,False,False,S-5d0f41,2024-12-18,,1127,13524,False,False,monthly,True,52.0,2.0,2.0,3.4906382978723407
A-956988,Company_14,EdTech,UK,2024-11-30,ads,Enterprise,1,False,False,S-79ab7e,2024-12-13,2024-12-22,0,0,False,False,monthly,False,66.0,9.0,2.0,3.4906382978723407
A-956988,Company_14,EdTech,UK,2024-11-30,ads,Enterprise,1,False,False,S-3872fd,2024-12-01,,0,0,False,False,monthly,False,53.0,1.0,2.0,3.4906382978723407
A-ac14bb,Company_15,FinTech,US,2023-09-08,partner,Enterprise,21,False,False,S-1ac1b4,2023-10-28,,4179,50148,False,False,monthly,True,54.0,4.0,2.0,3.9906382978723407
A-ac14bb,Company_15,FinTech,US,2023-09-08,partner,Enterprise,21,False,False,S-049667,2024-07-03,,532,6384,True,False,annual,True,108.0,5.0,2.0,3.9906382978723407
A-ac14bb,Company_15,FinTech,US,2023-09-08,partner,Enterprise,21,False,False,S-fc4ac6,2024-02-22,2024-06-13,399,4788,False,False,monthly,True,66.0,6.0,2.0,3.9906382978723407
A-ac14bb,Company_15,FinTech,US,2023-09-08,partner,Enterprise,21,False,False,S-b8caad,2023-09-27,,1029,12348,False,False,annual,False,71.0,6.0,2.0,3.9906382978723407
A-ac14bb,Company_15,FinTech,US,2023-09-08,partner,Enterprise,21,False,False,S-c855b0,2024-01-16,,14129,169548,True,False,annual,True,67.0,8.0,2.0,3.9906382978723407
A-ac14bb,Company_15,FinTech,US,2023-09-08,partner,Enterprise,21,False,False,S-9917a2,2024-02-29,,0,0,False,False,annual,True,49.0,3.0,2.0,3.9906382978723407
A-ac14bb,Company_15,FinTech,US,2023-09-08,partner,Enterprise,21,False,False,S-7e8bd4,2024-03-26,,513,6156,False,False,monthly,True,55.0,1.0,2.0,3.9906382978723407
A-ac14bb,Company_15,FinTech,US,2023-09-08,partner,Enterprise,21,False,False,S-65ec6b,2024-03-15,2024-10-20,6965,83580,False,False,monthly,True,61.0,9.0,2.0,3.9906382978723407
A-463db0,Company_16,HealthTech,US,2024-12-05,partner,Basic,15,False,False,S-040422,2024-12-28,,285,3420,False,False,annual,True,36.0,1.0,6.0,4.1604255319148935
A-463db0,Company_16,HealthTech,US,2024-12-05,partner,Basic,15,False,False,S-ede618,2024-12-15,,735,8820,False,False,annual,True,58.0,3.0,6.0,4.1604255319148935
A-463db0,Company_16,HealthTech,US,2024-12-05,partner,Basic,15,False,False,S-18565e,2024-12-26,,8358,100296,False,False,monthly,False,38.0,1.0,6.0,4.1604255319148935
A-463db0,Company_16,HealthTech,US,2024-12-05,partner,Basic,15,False,False,S-a2cde5,2024-12-20,,735,8820,False,False,annual,False,51.0,1.0,6.0,4.1604255319148935
A-463db0,Company_16,HealthTech,US,2024-12-05,partner,Basic,15,False,False,S-e0f238,2024-12-09,,1715,20580,False,False,annual,True,66.0,0.0,6.0,4.1604255319148935
A-463db0,Company_16,HealthTech,US,2024-12-05,partner,Basic,15,False,False,S-3eb56d,2024-12-31,,735,8820,False,False,annual,True,40.0,5.0,6.0,4.1604255319148935
A-463db0,Company_16,HealthTech,US,2024-12-05,partner,Basic,15,False,False,S-479d9a,2024-12-12,,703,8436,False,False,monthly,True,78.0,2.0,6.0,4.1604255319148935
A-ce66f8,Company_17,EdTech,CA,2023-08-23,event,Pro,29,False,False,S-695c1e,2024-07-02,,7363,88356,False,False,monthly,True,84.0,4.0,6.0,3.8208510638297875
A-ce66f8,Company_17,EdTech,CA,2023-08-23,event,Pro,29,False,False,S-2f138c,2024-07-27,,1421,17052,False,False,annual,True,108.0,1.0,6.0,3.8208510638297875
A-ce66f8,Company_17,EdTech,CA,2023-08-23,event,Pro,29,False,False,S-b91501,2024-07-19,,1421,17052,False,False,annual,True,83.0,0.0,6.0,3.8208510638297875
A-ce66f8,Company_17,EdTech,CA,2023-08-23,event,Pro,29,False,False,S-2aec7e,2024-05-21,,551,6612,False,False,annual,True,68.0,1.0,6.0,3.8208510638297875
A-ce66f8,Company_17,EdTech,CA,2023-08-23,event,Pro,29,False,False,S-bdd2e4,2024-05-16,,551,6612,False,False,annual,True,83.0,9.0,6.0,3.8208510638297875
A-ce66f8,Company_17,EdTech,CA,2023-08-23,event,Pro,29,False,False,S-10bf4d,2023-08-24,,551,6612,False,False,monthly,True,68.0,4.0,6.0,3.8208510638297875
A-c4ea60,Company_18,FinTech,DE,2023-03-09,other,Enterprise,18,False,True,S-3279f1,2024-11-09,,3582,42984,False,False,annual,True,28.0,0.0,5.0,3.6
A-c4ea60,Company_18,FinTech,DE,2023-03-09,other,Enterprise,18,False,True,S-935e79,2024-02-19,,0,0,False,False,annual,True,50.0,0.0,5.0,3.6
A-c4ea60,Company_18,FinTech,DE,2023-03-09,other,Enterprise,18,False,True,S-7af0d5,2023-04-11,,912,10944,False,True,annual,False,42.0,4.0,5.0,3.6
A-c4ea60,Company_18,FinTech,DE,2023-03-09,other,Enterprise,18,False,True,S-501046,2024-07-20,,882,10584,False,False,annual,True,34.0,0.0,5.0,3.6
A-c4ea60,Company_18,FinTech,DE,2023-03-09,other,Enterprise,18,False,True,S-16ce94,2024-09-09,,882,10584,False,False,annual,True,41.0,1.0,5.0,3.6
A-c4ea60,Company_18,FinTech,DE,2023-03-09,other,Enterprise,18,False,True,S-0ada66,2024-07-29,,3582,42984,False,False,monthly,False,108.0,6.0,5.0,3.6
A-c4ea60,Company_18,FinTech,DE,2023-03-09,other,Enterprise,18,False,True,S-a67e83,2024-10-28,,882,10584,False,False,monthly,True,52.0,2.0,5.0,3.6
A-c4ea60,Company_18,FinTech,DE,2023-03-09,other,Enterprise,18,False,True,S-ebe172,2023-05-29,,342,4104,False,False,monthly,True,34.0,5.0,5.0,3.6
A-c4ea60,Company_18,FinTech,DE,2023-03-09,other,Enterprise,18,False,True,S-a3791c,2024-12-17,,3582,42984,False,False,monthly,True,38.0,0.0,5.0,3.6
A-832ec2,Company_19,FinTech,UK,2023-11-19,event,Enterprise,4,True,False,S-e76e80,2024-01-02,,0,0,False,False,monthly,True,68.0,2.0,3.0,3.993758865248227
A-832ec2,Company_19,FinTech,UK,2023-11-19,event,Enterprise,4,True,False,S-460deb,2024-11-27,,4378,52536,True,False,annual,False,86.0,6.0,3.0,3.993758865248227
A-832ec2,Company_19,FinTech,UK,2023-11-19,event,Enterprise,4,True,False,S-5e5ff0,2024-09-04,,0,0,False,False,annual,True,45.0,2.0,3.0,3.993758865248227
A-832ec2,Company_19,FinTech,UK,2023-11-19,event,Enterprise,4,True,False,S-1a2f35,2024-04-07,,228,2736,False,False,monthly,False,71.0,4.0,3.0,3.993758865248227
A-832ec2,Company_19,FinTech,UK,2023-11-19,event,Enterprise,4,True,False,S-96bb5c,2024-05-26,,228,2736,True,False,monthly,False,48.0,1.0,3.0,3.993758865248227
A-832ec2,Company_19,FinTech,UK,2023-11-19,event,Enterprise,4,True,False,S-396546,2024-02-02,,3781,45372,False,False,monthly,False,47.0,2.0,3.0,3.993758865248227
A-832ec2,Company_19,FinTech,UK,2023-11-19,event,Enterprise,4,True,False,S-d638c7,2024-07-25,,589,7068,True,False,annual,True,60.0,3.0,3.0,3.993758865248227
A-832ec2,Company_19,FinTech,UK,2023-11-19,event,Enterprise,4,True,False,S-5cda31,2024-03-04,,95,1140,False,False,annual,False,86.0,5.0,3.0,3.993758865248227
A-684255,Company_20,FinTech,US,2024-04-14,ads,Enterprise,9,False,False,S-f74ac6,2024-07-01,,441,5292,False,False,monthly,True,39.0,0.0,4.0,4.49531914893617
A-684255,Company_20,FinTech,US,2024-04-14,ads,Enterprise,9,False,False,S-68ecd5,2024-08-18,,1791,21492,False,False,annual,True,30.0,2.0,4.0,4.49531914893617
A-684255,Company_20,FinTech,US,2024-04-14,ads,Enterprise,9,False,False,S-d29830,2024-07-01,,171,2052,False,False,annual,True,31.0,2.0,4.0,4.49531914893617
A-684255,Company_20,FinTech,US,2024-04-14,ads,Enterprise,9,False,False,S-c2c321,2024-06-18,2024-08-09,0,0,True,False,monthly,True,75.0,10.0,4.0,4.49531914893617
A-684255,Company_20,FinTech,US,2024-04-14,ads,Enterprise,9,False,False,S-c935b8,2024-04-14,,608,7296,False,False,annual,True,91.0,6.0,4.0,4.49531914893617
A-684255,Company_20,FinTech,US,2024-04-14,ads,Enterprise,9,False,False,S-5da1b8,2024-06-28,2024-08-01,980,11760,False,False,annual,False,13.0,1.0,4.0,4.49531914893617
A-684255,Company_20,FinTech,US,2024-04-14,ads,Enterprise,9,False,False,S-18f498,2024-10-29,,532,6384,False,False,monthly,False,58.0,7.0,4.0,4.49531914893617
A-684255,Company_20,FinTech,US,2024-04-14,ads,Enterprise,9,False,False,S-6a56f1,2024-10-17,,588,7056,False,False,annual,False,24.0,0.0,4.0,4.49531914893617
A-684255,Company_20,FinTech,US,2024-04-14,ads,Enterprise,9,False,False,S-070d42,2024-05-23,,1127,13524,True,False,annual,True,51.0,3.0,4.0,4.49531914893617
A-684255,Company_20,FinTech,US,2024-04-14,ads,Enterprise,9,False,False,S-5df64f,2024-08-31,,2786,33432,False,False,annual,True,79.0,7.0,4.0,4.49531914893617
A-684255,Company_20,FinTech,US,2024-04-14,ads,Enterprise,9,False,False,S-dafec3,2024-09-09,,1791,21492,False,False,annual,False,25.0,3.0,4.0,4.49531914893617
A-684255,Company_20,FinTech,US,2024-04-14,ads,Enterprise,9,False,False,S-65731a,2024-12-15,2024-12-26,0,0,False,True,annual,True,51.0,1.0,4.0,4.49531914893617
A-684255,Company_20,FinTech,US,2024-04-14,ads,Enterprise,9,False,False,S-1a3d9c,2024-07-07,,539,6468,False,False,annual,False,46.0,0.0,4.0,4.49531914893617
A-684255,Company_20,FinTech,US,2024-04-14,ads,Enterprise,9,False,False,S-7ea5d9,2024-08-05,,490,5880,True,False,monthly,True,40.0,2.0,4.0,4.49531914893617
A-c42f1f,Company_21,HealthTech,US,2024-07-28,other,Pro,8,False,False,S-1bf267,2024-11-13,,532,6384,False,False,annual,True,45.0,8.0,9.0,3.9916784869976363
A-c42f1f,Company_21,HealthTech,US,2024-07-28,other,Pro,8,False,False,S-6c109f,2024-10-13,,2388,28656,False,False,annual,True,27.0,1.0,9.0,3.9916784869976363
A-c42f1f,Company_21,HealthTech,US,2024-07-28,other,Pro,8,False,False,S-022a1e,2024-07-28,,539,6468,False,False,annual,True,44.0,0.0,9.0,3.9916784869976363
A-c42f1f,Company_21,HealthTech,US,2024-07-28,other,Pro,8,False,False,S-164594,2024-10-26,,285,3420,False,False,annual,False,43.0,2.0,9.0,3.9916784869976363
A-c42f1f,Company_21,HealthTech,US,2024-07-28,other,Pro,8,False,False,S-62b4fc,2024-12-29,,152,1824,False,False,monthly,True,16.0,1.0,9.0,3.9916784869976363
A-c42f1f,Company_21,HealthTech,US,2024-07-28,other,Pro,8,False,False,S-1d3af2,2024-11-19,,152,1824,True,False,monthly,True,68.0,0.0,9.0,3.9916784869976363
A-c42f1f,Company_21,HealthTech,US,2024-07-28,other,Pro,8,False,False,S-1f4c01,2024-11-22,,588,7056,False,False,monthly,False,45.0,7.0,9.0,3.9916784869976363
A-c42f1f,Company_21,HealthTech,US,2024-07-28,other,Pro,8,False,False,S-bdf7c2,2024-10-26,2024-12-24,539,6468,False,True,annual,True,49.0,1.0,9.0,3.9916784869976363
A-4e44e8,Company_22,DevTools,US,2024-08-20,ads,Enterprise,3,False,True,S-cdd00a,2024-08-23,,722,8664,False,False,monthly,True,41.0,2.0,3.0,3.3333333333333335
A-4e44e8,Company_22,DevTools,US,2024-08-20,ads,Enterprise,3,False,True,S-e052d8,2024-10-26,,0,0,False,False,annual,True,50.0,8.0,3.0,3.3333333333333335
A-4e44e8,Company_22,DevTools,US,2024-08-20,ads,Enterprise,3,False,True,S-02ab8b,2024-11-03,,14925,179100,False,False,monthly,True,52.0,1.0,3.0,3.3333333333333335
A-4e44e8,Company_22,DevTools,US,2024-08-20,ads,Enterprise,3,False,True,S-ed4c45,2024-09-15,2024-09-21,15522,186264,False,False,monthly,True,27.0,0.0,3.0,3.3333333333333335
A-4e44e8,Company_22,DevTools,US,2024-08-20,ads,Enterprise,3,False,True,S-307b2b,2024-09-21,2024-10-26,392,4704,False,False,annual,True,35.0,2.0,3.0,3.3333333333333335
A-4e44e8,Company_22,DevTools,US,2024-08-20,ads,Enterprise,3,False,True,S-8e9e9b,2024-09-06,,57,684,True,False,annual,False,59.0,1.0,3.0,3.3333333333333335
A-4e44e8,Company_22,DevTools,US,2024-08-20,ads,Enterprise,3,False,True,S-b39049,2024-11-08,,0,0,False,False,monthly,True,53.0,7.0,3.0,3.3333333333333335
A-4e44e8,Company_22,DevTools,US,2024-08-20,ads,Enterprise,3,False,True,S-fc8463,2024-10-16,,190,2280,False,False,annual,True,47.0,0.0,3.0,3.3333333333333335
A-4e44e8,Company_22,DevTools,US,2024-08-20,ads,Enterprise,3,False,True,S-3ea19d,2024-09-28,,0,0,False,False,monthly,True,73.0,0.0,3.0,3.3333333333333335
A-4e44e8,Company_22,DevTools,US,2024-08-20,ads,Enterprise,3,False,True,S-d0af44,2024-08-23,,380,4560,True,False,annual,False,49.0,1.0,3.0,3.3333333333333335
A-4e44e8,Company_22,DevTools,US,2024-08-20,ads,Enterprise,3,False,True,S-99efdc,2024-12-19,,3383,40596,False,False,annual,True,66.0,9.0,3.0,3.3333333333333335
A-4e44e8,Company_22,DevTools,US,2024-08-20,ads,Enterprise,3,False,True,S-d365af,2024-09-01,,209,2508,False,False,annual,True,19.0,0.0,3.0,3.3333333333333335
A-4e44e8,Company_22,DevTools,US,2024-08-20,ads,Enterprise,3,False,True,S-c8a3f6,2024-09-04,,114,1368,False,False,monthly,False,62.0,3.0,3.0,3.3333333333333335
A-4e44e8,Company_22,DevTools,US,2024-08-20,ads,Enterprise,3,False,True,S-07399c,2024-11-18,,551,6612,False,False,monthly,True,54.0,3.0,3.0,3.3333333333333335
A-30b4ca,Company_23,EdTech,IN,2024-05-20,organic,Basic,86,False,True,S-239a39,2024-07-01,,4214,50568,False,False,monthly,True,51.0,2.0,3.0,3.9875177304964544
A-30b4ca,Company_23,EdTech,IN,2024-05-20,organic,Basic,86,False,True,S-3c1038,2024-08-13,,0,0,False,False,monthly,True,18.0,2.0,3.0,3.9875177304964544
A-30b4ca,Company_23,EdTech,IN,2024-05-20,organic,Basic,86,False,True,S-e36ccb,2024-06-30,,17114,205368,False,False,monthly,True,56.0,4.0,3.0,3.9875177304964544
A-30b4ca,Company_23,EdTech,IN,2024-05-20,organic,Basic,86,False,True,S-f9ec8f,2024-10-03,,1634,19608,False,False,annual,True,64.0,5.0,3.0,3.9875177304964544
A-30b4ca,Company_23,EdTech,IN,2024-05-20,organic,Basic,86,False,True,S-3128b4,2024-05-27,,17114,205368,False,False,monthly,False,41.0,4.0,3.0,3.9875177304964544
A-30b4ca,Company_23,EdTech,IN,2024-05-20,organic,Basic,86,False,True,S-1f93cd,2024-08-25,,1634,19608,False,False,monthly,True,19.0,0.0,3.0,3.9875177304964544
A-30b4ca,Company_23,EdTech,IN,2024-05-20,organic,Basic,86,False,True,S-5ab139,2024-05-24,,17114,205368,False,False,annual,True,60.0,4.0,3.0,3.9875177304964544
A-30b4ca,Company_23,EdTech,IN,2024-05-20,organic,Basic,86,False,True,S-af6284,2024-05-27,,17114,205368,False,False,annual,True,93.0,1.0,3.0,3.9875177304964544
A-9f2731,Company_24,FinTech,IN,2024-10-04,event,Enterprise,1,False,False,S-c5f3d4,2024-11-22,,0,0,False,False,annual,True,76.0,9.0,0.0,3.981276595744681
A-9f2731,Company_24,FinTech,IN,2024-10-04,event,Enterprise,1,False,False,S-c6dc67,2024-11-10,,1617,19404,False,False,monthly,True,16.0,0.0,0.0,3.981276595744681
A-9f2731,Company_24,FinTech,IN,2024-10-04,event,Enterprise,1,False,False,S-2b8a8b,2024-11-08,,637,7644,False,False,annual,True,42.0,4.0,0.0,3.981276595744681
A-9f2731,Company_24,FinTech,IN,2024-10-04,event,Enterprise,1,False,False,S-2b35cc,2024-11-11,,637,7644,False,True,monthly,True,30.0,0.0,0.0,3.981276595744681
A-9f2731,Company_24,FinTech,IN,2024-10-04,event,Enterprise,1,False,False,S-c27e9c,2024-11-02,,722,8664,False,False,monthly,True,34.0,1.0,0.0,3.981276595744681
A-9f2731,Company_24,FinTech,IN,2024-10-04,event,Enterprise,1,False,False,S-f639fb,2024-10-12,,0,0,False,False,monthly,True,33.0,2.0,0.0,3.981276595744681
A-9f2731,Company_24,FinTech,IN,2024-10-04,event,Enterprise,1,False,False,S-be42e1,2024-10-22,,0,0,False,False,annual,True,93.0,4.0,0.0,3.981276595744681
A-32fb14,Company_25,DevTools,US,2023-03-07,event,Enterprise,26,False,True,S-8d6cec,2024-07-05,,1568,18816,True,False,annual,True,33.0,2.0,5.0,4.188765957446809
A-32fb14,Company_25,DevTools,US,2023-03-07,event,Enterprise,26,False,True,S-579a24,2024-09-04,,494,5928,True,False,monthly,False,104.0,1.0,5.0,4.188765957446809
A-32fb14,Company_25,DevTools,US,2023-03-07,event,Enterprise,26,False,True,S-5ed35a,2024-03-16,2024-04-21,893,10716,False,False,monthly,True,54.0,1.0,5.0,4.188765957446809
A-32fb14,Company_25,DevTools,US,2023-03-07,event,Enterprise,26,False,True,S-856241,2023-09-12,,494,5928,False,False,monthly,True,57.0,0.0,5.0,4.188765957446809
A-32fb14,Company_25,DevTools,US,2023-03-07,event,Enterprise,26,False,True,S-d9eb73,2023-07-18,,0,0,False,False,annual,True,44.0,3.0,5.0,4.188765957446809
A-32fb14,Company_25,DevTools,US,2023-03-07,event,Enterprise,26,False,True,S-1200b3,2023-11-19,,494,5928,False,False,annual,False,26.0,4.0,5.0,4.188765957446809
A-32fb14,Company_25,DevTools,US,2023-03-07,event,Enterprise,26,False,True,S-33598f,2024-11-09,,5174,62088,False,False,annual,True,58.0,4.0,5.0,4.188765957446809
A-32fb14,Company_25,DevTools,US,2023-03-07,event,Enterprise,26,False,True,S-38c5fd,2023-11-20,2024-06-28,494,5928,False,False,annual,True,37.0,3.0,5.0,4.188765957446809
A-32fb14,Company_25,DevTools,US,2023-03-07,event,Enterprise,26,False,True,S-4f8c90,2024-03-18,,551,6612,False,False,annual,True,75.0,1.0,5.0,4.188765957446809
A-00cac8,Company_26,HealthTech,AU,2023-09-15,organic,Enterprise,8,True,False,S-4d1ba6,2024-04-04,,0,0,False,False,annual,False,65.0,2.0,2.0,3.981276595744681
A-00cac8,Company_26,HealthTech,AU,2023-09-15,organic,Enterprise,8,True,False,S-c46499,2024-03-03,,152,1824,False,False,annual,True,96.0,5.0,2.0,3.981276595744681
A-00cac8,Company_26,HealthTech,AU,2023-09-15,organic,Enterprise,8,True,False,S-ebfbbe,2024-08-04,,152,1824,False,False,monthly,True,73.0,7.0,2.0,3.981276595744681
A-00cac8,Company_26,HealthTech,AU,2023-09-15,organic,Enterprise,8,True,False,S-138c41,2023-12-26,,361,4332,False,False,annual,True,89.0,4.0,2.0,3.981276595744681
A-00cac8,Company_26,HealthTech,AU,2023-09-15,organic,Enterprise,8,True,False,S-c0ca82,2024-12-02,,931,11172,False,True,annual,True,67.0,4.0,2.0,3.981276595744681
A-00cac8,Company_26,HealthTech,AU,2023-09-15,organic,Enterprise,8,True,False,S-0bdbb3,2024-08-09,,7761,93132,False,False,monthly,True,80.0,0.0,2.0,3.981276595744681
A-00cac8,Company_26,HealthTech,AU,2023-09-15,organic,Enterprise,8,True,False,S-dcae52,2024-10-29,,3980,47760,False,False,monthly,True,14.0,2.0,2.0,3.981276595744681
A-00cac8,Company_26,HealthTech,AU,2023-09-15,organic,Enterprise,8,True,False,S-2e965d,2023-09-16,,392,4704,False,False,monthly,True,79.0,3.0,2.0,3.981276595744681
A-00cac8,Company_26,HealthTech,AU,2023-09-15,organic,Enterprise,8,True,False,S-761518,2024-09-05,,392,4704,False,False,monthly,True,39.0,4.0,2.0,3.981276595744681
A-35083d,Company_27,HealthTech,IN,2023-04-28,partner,Basic,19,False,True,S-22be2c,2024-12-15,,9751,117012,False,False,monthly,True,38.0,1.0,4.0,4.74531914893617
A-35083d,Company_27,HealthTech,IN,2023-04-28,partner,Basic,19,False,True,S-418b7c,2024-10-17,,931,11172,False,False,annual,True,87.0,1.0,4.0,4.74531914893617
A-35083d,Company_27,HealthTech,IN,2023-04-28,partner,Basic,19,False,True,S-dc2418,2024-01-23,,646,7752,False,False,monthly,True,40.0,3.0,4.0,4.74531914893617
A-35083d,Company_27,HealthTech,IN,2023-04-28,partner,Basic,19,False,True,S-842638,2024-05-04,2024-06-26,931,11172,False,False,annual,True,26.0,3.0,4.0,4.74531914893617
A-35083d,Company_27,HealthTech,IN,2023-04-28,partner,Basic,19,False,True,S-374628,2024-07-17,,361,4332,False,False,monthly,False,48.0,5.0,4.0,4.74531914893617
A-35083d,Company_27,HealthTech,IN,2023-04-28,partner,Basic,19,False,True,S-6a02fe,2023-11-07,,475,5700,False,False,monthly,True,56.0,2.0,4.0,4.74531914893617
A-35083d,Company_27,HealthTech,IN,2023-04-28,partner,Basic,19,False,True,S-de059a,2024-05-11,,3781,45372,False,False,monthly,True,43.0,4.0,4.0,4.74531914893617
A-35083d,Company_27,HealthTech,IN,2023-04-28,partner,Basic,19,False,True,S-ad5d94,2023-11-30,,0,0,False,False,annual,False,64.0,4.0,4.0,4.74531914893617
A-35083d,Company_27,HealthTech,IN,2023-04-28,partner,Basic,19,False,True,S-e7fe6f,2024-07-22,,2058,24696,True,False,annual,True,37.0,3.0,4.0,4.74531914893617
A-35083d,Company_27,HealthTech,IN,2023-04-28,partner,Basic,19,False,True,S-ad3ef7,2023-06-03,,0,0,False,False,annual,True,76.0,1.0,4.0,4.74531914893617
A-35083d,Company_27,HealthTech,IN,2023-04-28,partner,Basic,19,False,True,S-f00f7e,2024-09-09,,1225,14700,False,False,monthly,True,68.0,4.0,4.0,4.74531914893617
A-35083d,Company_27,HealthTech,IN,2023-04-28,partner,Basic,19,False,True,S-b4b400,2024-04-16,,931,11172,True,False,annual,True,80.0,3.0,4.0,4.74531914893617
A-35083d,Company_27,HealthTech,IN,2023-04-28,partner,Basic,19,False,True,S-d7ee6f,2023-08-10,,3781,45372,True,False,annual,True,54.0,0.0,4.0,4.74531914893617
A-35083d,Company_27,HealthTech,IN,2023-04-28,partner,Basic,19,False,True,S-ff23a7,2024-08-04,,0,0,False,False,monthly,True,25.0,1.0,4.0,4.74531914893617
A-35083d,Company_27,HealthTech,IN,2023-04-28,partner,Basic,19,False,True,S-03ac49,2023-08-23,,3781,45372,False,False,monthly,True,27.0,2.0,4.0,4.74531914893617
A-35083d,Company_27,HealthTech,IN,2023-04-28,partner,Basic,19,False,True,S-c5d797,2024-08-13,,3781,45372,False,False,monthly,True,22.0,0.0,4.0,4.74531914893617
A-eb7fac,Company_28,DevTools,US,2023-10-28,organic,Enterprise,7,False,False,S-3a1a06,2024-07-09,,2786,33432,False,False,monthly,True,61.0,7.0,4.0,3.985957446808511
A-eb7fac,Company_28,DevTools,US,2023-10-28,organic,Enterprise,7,False,False,S-4c100f,2024-02-24,,27064,324768,False,False,monthly,False,39.0,4.0,4.0,3.985957446808511
A-eb7fac,Company_28,DevTools,US,2023-10-28,organic,Enterprise,7,False,False,S-dfa4c8,2024-01-21,2024-04-22,343,4116,False,False,annual,True,103.0,6.0,4.0,3.985957446808511
A-eb7fac,Company_28,DevTools,US,2023-10-28,organic,Enterprise,7,False,False,S-0b7de7,2024-09-03,,3184,38208,False,False,monthly,True,41.0,6.0,4.0,3.985957446808511
A-eb7fac,Company_28,DevTools,US,2023-10-28,organic,Enterprise,7,False,False,S-e60f46,2024-03-30,,1393,16716,False,False,annual,True,0.0,0.0,4.0,3.985957446808511
A-eb7fac,Company_28,DevTools,US,2023-10-28,organic,Enterprise,7,False,False,S-30c045,2024-05-24,,4508,54096,False,False,monthly,True,62.0,3.0,4.0,3.985957446808511
A-eb7fac,Company_28,DevTools,US,2023-10-28,organic,Enterprise,7,False,False,S-4ef4fd,2024-09-19,,343,4116,False,False,annual,True,117.0,9.0,4.0,3.985957446808511
A-eb7fac,Company_28,DevTools,US,2023-10-28,organic,Enterprise,7,False,False,S-9464f8,2024-10-22,,494,5928,False,False,monthly,True,46.0,4.0,4.0,3.985957446808511
A-eb7fac,Company_28,DevTools,US,2023-10-28,organic,Enterprise,7,False,False,S-28a2b2,2024-09-22,,1393,16716,False,False,monthly,True,40.0,1.0,4.0,3.985957446808511
A-eb7fac,Company_28,DevTools,US,2023-10-28,organic,Enterprise,7,False,False,S-bd02dd,2023-12-26,,588,7056,False,False,monthly,True,29.0,4.0,4.0,3.985957446808511
A-b20d99,Company_29,HealthTech,IN,2023-09-27,other,Basic,20,False,False,S-081b81,2024-01-30,,380,4560,False,False,annual,True,27.0,0.0,2.0,3.5
A-b20d99,Company_29,HealthTech,IN,2023-09-27,other,Basic,20,False,False,S-78da0b,2024-01-26,,3980,47760,False,False,monthly,True,36.0,0.0,2.0,3.5
A-b20d99,Company_29,HealthTech,IN,2023-09-27,other,Basic,20,False,False,S-c226ae,2024-03-27,,646,7752,False,False,annual,False,36.0,1.0,2.0,3.5
A-b20d99,Company_29,HealthTech,IN,2023-09-27,other,Basic,20,False,False,S-ac6547,2024-07-19,,380,4560,False,False,annual,True,88.0,3.0,2.0,3.5
A-b20d99,Company_29,HealthTech,IN,2023-09-27,other,Basic,20,False,False,S-d6f31b,2024-11-03,,3980,47760,True,False,monthly,True,71.0,2.0,2.0,3.5
A-b20d99,Company_29,HealthTech,IN,2023-09-27,other,Basic,20,False,False,S-15be1c,2024-09-26,,1323,15876,False,False,monthly,True,43.0,3.0,2.0,3.5
A-b20d99,Company_29,HealthTech,IN,2023-09-27,other,Basic,20,False,False,S-208e33,2024-08-05,,380,4560,False,False,monthly,True,28.0,3.0,2.0,3.5
A-396e5f,Company_30,Cybersecurity,CA,2024-10-02,other,Enterprise,2,False,False,S-fd648e,2024-10-29,,1813,21756,False,False,annual,False,10.0,0.0,5.0,3.9850212765957442
A-396e5f,Company_30,Cybersecurity,CA,2024-10-02,other,Enterprise,2,False,False,S-467918,2024-12-19,,1666,19992,False,False,monthly,False,73.0,5.0,5.0,3.9850212765957442
A-396e5f,Company_30,Cybersecurity,CA,2024-10-02,other,Enterprise,2,False,False,S-7f28f3,2024-10-18,,490,5880,True,True,annual,True,20.0,1.0,5.0,3.9850212765957442
A-396e5f,Company_30,Cybersecurity,CA,2024-10-02,other,Enterprise,2,False,False,S-6ee6c9,2024-10-19,,2597,31164,False,False,annual,True,25.0,0.0,5.0,3.9850212765957442
A-396e5f,Company_30,Cybersecurity,CA,2024-10-02,other,Enterprise,2,False,False,S-7c47af,2024-10-25,,342,4104,False,False,annual,True,79.0,3.0,5.0,3.9850212765957442
A-396e5f,Company_30,Cybersecurity,CA,2024-10-02,other,Enterprise,2,False,False,S-67c2c9,2024-11-15,,343,4116,False,False,monthly,True,67.0,3.0,5.0,3.9850212765957442
A-396e5f,Company_30,Cybersecurity,CA,2024-10-02,other,Enterprise,2,False,False,S-58d17c,2024-12-02,,398,4776,False,False,monthly,True,83.0,4.0,5.0,3.9850212765957442
A-396e5f,Company_30,Cybersecurity,CA,2024-10-02,other,Enterprise,2,False,False,S-d18856,2024-10-05,,1194,14328,False,False,monthly,True,64.0,4.0,5.0,3.9850212765957442
A-396e5f,Company_30,Cybersecurity,CA,2024-10-02,other,Enterprise,2,False,False,S-9f8593,2024-10-23,,0,0,False,False,monthly,True,76.0,3.0,5.0,3.9850212765957442
A-396e5f,Company_30,Cybersecurity,CA,2024-10-02,other,Enterprise,2,False,False,S-3ae8d8,2024-10-02,,1393,16716,True,False,monthly,True,43.0,0.0,5.0,3.9850212765957442
A-45ce7a,Company_31,FinTech,US,2023-07-23,ads,Enterprise,16,False,False,S-643ccd,2024-09-30,,304,3648,False,False,annual,False,72.0,4.0,5.0,3.7925106382978724
A-45ce7a,Company_31,FinTech,US,2023-07-23,ads,Enterprise,16,False,False,S-ec0efa,2024-04-04,,418,5016,False,False,monthly,True,55.0,1.0,5.0,3.7925106382978724
A-45ce7a,Company_31,FinTech,US,2023-07-23,ads,Enterprise,16,False,False,S-92e1fc,2024-04-13,,0,0,False,False,monthly,True,21.0,2.0,5.0,3.7925106382978724
A-45ce7a,Company_31,FinTech,US,2023-07-23,ads,Enterprise,16,False,False,S-41128b,2024-11-13,,3184,38208,False,False,monthly,True,62.0,2.0,5.0,3.7925106382978724
A-45ce7a,Company_31,FinTech,US,2023-07-23,ads,Enterprise,16,False,False,S-6ce794,2024-02-20,,342,4104,True,False,monthly,False,93.0,11.0,5.0,3.7925106382978724
A-45ce7a,Company_31,FinTech,US,2023-07-23,ads,Enterprise,16,False,False,S-453f00,2023-08-18,2024-05-20,784,9408,True,True,monthly,True,54.0,3.0,5.0,3.7925106382978724
A-45ce7a,Company_31,FinTech,US,2023-07-23,ads,Enterprise,16,False,False,S-fcb954,2024-03-19,,3184,38208,False,False,annual,True,67.0,7.0,5.0,3.7925106382978724
A-08e34e,Company_32,EdTech,US,2024-06-27,event,Basic,14,False,True,S-69937b,2024-08-08,,686,8232,False,False,annual,False,29.0,0.0,3.0,3.3270921985815605
A-08e34e,Company_32,EdTech,US,2024-06-27,event,Basic,14,False,True,S-7d55dc,2024-09-01,,5970,71640,False,False,annual,True,47.0,6.0,3.0,3.3270921985815605
A-08e34e,Company_32,EdTech,US,2024-06-27,event,Basic,14,False,True,S-711820,2024-09-02,,931,11172,False,False,annual,False,65.0,6.0,3.0,3.3270921985815605
A-08e34e,Company_32,EdTech,US,2024-06-27,event,Basic,14,False,True,S-d50f1d,2024-07-02,,0,0,False,False,annual,True,79.0,3.0,3.0,3.3270921985815605
A-08e34e,Company_32,EdTech,US,2024-06-27,event,Basic,14,False,True,S-39a28e,2024-12-26,,0,0,False,False,monthly,True,63.0,0.0,3.0,3.3270921985815605
A-08e34e,Company_32,EdTech,US,2024-06-27,event,Basic,14,False,True,S-8e3b74,2024-11-06,,5771,69252,False,False,monthly,False,45.0,0.0,3.0,3.3270921985815605
A-08e34e,Company_32,EdTech,US,2024-06-27,event,Basic,14,False,True,S-7f219a,2024-09-28,,686,8232,False,False,monthly,True,51.0,1.0,3.0,3.3270921985815605
A-08e34e,Company_32,EdTech,US,2024-06-27,event,Basic,14,False,True,S-bbe998,2024-07-01,,686,8232,False,False,annual,True,36.0,4.0,3.0,3.3270921985815605
A-08e34e,Company_32,EdTech,US,2024-06-27,event,Basic,14,False,True,S-6b534f,2024-12-31,,2786,33432,False,False,monthly,True,72.0,4.0,3.0,3.3270921985815605
A-08e34e,Company_32,EdTech,US,2024-06-27,event,Basic,14,False,True,S-42daaa,2024-08-07,,1463,17556,False,False,annual,False,64.0,1.0,3.0,3.3270921985815605
A-08e34e,Company_32,EdTech,US,2024-06-27,event,Basic,14,False,True,S-101401,2024-12-05,,2842,34104,False,False,monthly,True,100.0,7.0,3.0,3.3270921985815605
A-8145a0,Company_33,Cybersecurity,AU,2023-04-25,partner,Basic,2,True,False,S-e51242,2023-11-13,,1791,21492,False,False,annual,True,62.0,3.0,6.0,3.9906382978723407
A-8145a0,Company_33,Cybersecurity,AU,2023-04-25,partner,Basic,2,True,False,S-426f2f,2024-03-08,,597,7164,False,False,annual,True,14.0,3.0,6.0,3.9906382978723407
A-8145a0,Company_33,Cybersecurity,AU,2023-04-25,partner,Basic,2,True,False,S-43cd30,2024-05-01,,0,0,True,False,annual,False,68.0,2.0,6.0,3.9906382978723407
A-8145a0,Company_33,Cybersecurity,AU,2023-04-25,partner,Basic,2,True,False,S-d7c21d,2024-12-17,,285,3420,False,False,monthly,True,48.0,3.0,6.0,3.9906382978723407
A-8145a0,Company_33,Cybersecurity,AU,2023-04-25,partner,Basic,2,True,False,S-87e8d3,2023-08-07,,796,9552,False,False,monthly,True,98.0,4.0,6.0,3.9906382978723407
A-8145a0,Company_33,Cybersecurity,AU,2023-04-25,partner,Basic,2,True,False,S-98126d,2024-09-09,,228,2736,False,False,monthly,True,14.0,0.0,6.0,3.9906382978723407
A-8145a0,Company_33,Cybersecurity,AU,2023-04-25,partner,Basic,2,True,False,S-8fd62c,2024-03-27,,398,4776,False,False,monthly,True,85.0,4.0,6.0,3.9906382978723407
A-8145a0,Company_33,Cybersecurity,AU,2023-04-25,partner,Basic,2,True,False,S-b362a5,2023-10-17,,836,10032,False,False,annual,True,55.0,0.0,6.0,3.9906382978723407
A-8145a0,Company_33,Cybersecurity,AU,2023-04-25,partner,Basic,2,True,False,S-2eb247,2024-02-01,2024-06-09,4975,59700,False,False,monthly,True,32.0,0.0,6.0,3.9906382978723407
A-8145a0,Company_33,Cybersecurity,AU,2023-04-25,partner,Basic,2,True,False,S-101324,2023-09-29,,4776,57312,False,False,monthly,True,63.0,5.0,6.0,3.9906382978723407
A-8145a0,Company_33,Cybersecurity,AU,2023-04-25,partner,Basic,2,True,False,S-da2f0b,2024-08-10,,2388,28656,True,False,annual,True,94.0,2.0,6.0,3.9906382978723407
A-8145a0,Company_33,Cybersecurity,AU,2023-04-25,partner,Basic,2,True,False,S-40adae,2024-01-26,,190,2280,False,False,monthly,True,60.0,1.0,6.0,3.9906382978723407
A-bad8c1,Company_34,FinTech,AU,2023-03-01,organic,Basic,7,False,False,S-ea71b5,2023-12-12,,0,0,True,False,annual,True,82.0,2.0,1.0,4.0
A-bad8c1,Company_34,FinTech,AU,2023-03-01,organic,Basic,7,False,False,S-a80c62,2024-02-22,,2388,28656,True,False,monthly,True,33.0,2.0,1.0,4.0
A-bad8c1,Company_34,FinTech,AU,2023-03-01,organic,Basic,7,False,False,S-6bdda7,2024-06-03,,1813,21756,False,False,monthly,True,76.0,1.0,1.0,4.0
A-bad8c1,Company_34,FinTech,AU,2023-03-01,organic,Basic,7,False,False,S-55aa8a,2023-11-15,,0,0,False,False,monthly,True,64.0,4.0,1.0,4.0
A-bad8c1,Company_34,FinTech,AU,2023-03-01,organic,Basic,7,False,False,S-371662,2023-06-12,,2646,31752,False,False,monthly,True,44.0,2.0,1.0,4.0
A-bad8c1,Company_34,FinTech,AU,2023-03-01,organic,Basic,7,False,False,S-c9a968,2024-03-21,,152,1824,False,False,monthly,True,52.0,0.0,1.0,4.0
A-bad8c1,Company_34,FinTech,AU,2023-03-01,organic,Basic,7,False,False,S-ddbad0,2023-09-16,,798,9576,False,False,monthly,True,34.0,0.0,1.0,4.0
A-44dc83,Company_35,EdTech,FR,2024-05-12,other,Basic,5,False,False,S-fe3b71,2024-09-24,,0,0,False,False,monthly,True,52.0,2.0,7.0,4.4232218844984805
A-44dc83,Company_35,EdTech,FR,2024-05-12,other,Basic,5,False,False,S-a9e864,2024-09-24,,0,0,False,False,annual,True,56.0,6.0,7.0,4.4232218844984805
A-44dc83,Company_35,EdTech,FR,2024-05-12,other,Basic,5,False,False,S-df3e3d,2024-11-26,,0,0,False,False,annual,True,51.0,1.0,7.0,4.4232218844984805
A-44dc83,Company_35,EdTech,FR,2024-05-12,other,Basic,5,False,False,S-90a2c8,2024-06-17,,456,5472,False,False,annual,True,89.0,4.0,7.0,4.4232218844984805
A-f446b6,Company_36,DevTools,DE,2023-05-12,ads,Pro,5,True,False,S-19b415,2023-05-28,,570,6840,False,False,annual,True,21.0,1.0,8.0,4.115638297872341
A-f446b6,Company_36,DevTools,DE,2023-05-12,ads,Pro,5,True,False,S-3ab534,2024-01-07,,3582,42984,False,False,annual,False,34.0,2.0,8.0,4.115638297872341
A-f446b6,Company_36,DevTools,DE,2023-05-12,ads,Pro,5,True,False,S-998ec2,2024-04-17,,95,1140,False,False,annual,True,75.0,5.0,8.0,4.115638297872341
A-f446b6,Company_36,DevTools,DE,2023-05-12,ads,Pro,5,True,False,S-127844,2024-02-11,,1393,16716,False,False,monthly,True,34.0,2.0,8.0,4.115638297872341
A-f446b6,Company_36,DevTools,DE,2023-05-12,ads,Pro,5,True,False,S-54a3ed,2024-07-21,,245,2940,False,False,monthly,True,62.0,9.0,8.0,4.115638297872341
A-f446b6,Company_36,DevTools,DE,2023-05-12,ads,Pro,5,True,False,S-e4b8fd,2024-04-25,,2597,31164,False,False,monthly,False,38.0,2.0,8.0,4.115638297872341
A-f446b6,Company_36,DevTools,DE,2023-05-12,ads,Pro,5,True,False,S-f53776,2023-09-06,,228,2736,False,False,monthly,True,43.0,5.0,8.0,4.115638297872341
A-f446b6,Company_36,DevTools,DE,2023-05-12,ads,Pro,5,True,False,S-57800a,2024-09-08,,95,1140,False,False,annual,True,26.0,0.0,8.0,4.115638297872341
A-f446b6,Company_36,DevTools,DE,2023-05-12,ads,Pro,5,True,False,S-f7b2fc,2024-07-25,2024-10-13,2587,31044,False,False,monthly,True,43.0,5.0,8.0,4.115638297872341
A-a45270,Company_37,HealthTech,US,2024-06-24,ads,Enterprise,3,False,False,S-49aa80,2024-12-22,2024-12-30,147,1764,False,True,monthly,True,92.0,6.0,4.0,3.9906382978723407
A-a45270,Company_37,HealthTech,US,2024-06-24,ads,Enterprise,3,False,False,S-feb4b0,2024-07-12,,1990,23880,False,False,annual,True,34.0,3.0,4.0,3.9906382978723407
A-a45270,Company_37,HealthTech,US,2024-06-24,ads,Enterprise,3,False,False,S-bdd5df,2024-07-18,,4975,59700,False,False,monthly,False,76.0,4.0,4.0,3.9906382978723407
A-a45270,Company_37,HealthTech,US,2024-06-24,ads,Enterprise,3,False,False,S-d4a76b,2024-09-23,,551,6612,True,False,monthly,True,51.0,3.0,4.0,3.9906382978723407
A-a45270,Company_37,HealthTech,US,2024-06-24,ads,Enterprise,3,False,False,S-c45df0,2024-11-15,,597,7164,False,False,monthly,False,95.0,6.0,4.0,3.9906382978723407
A-a45270,Company_37,HealthTech,US,2024-06-24,ads,Enterprise,3,False,False,S-106283,2024-07-27,,4577,54924,False,False,annual,True,66.0,5.0,4.0,3.9906382978723407
A-a45270,Company_37,HealthTech,US,2024-06-24,ads,Enterprise,3,False,False,S-c23126,2024-10-31,,2189,26268,False,False,annual,False,49.0,8.0,4.0,3.9906382978723407
A-a45270,Company_37,HealthTech,US,2024-06-24,ads,Enterprise,3,False,False,S-a50803,2024-12-23,,0,0,False,False,annual,True,70.0,8.0,4.0,3.9906382978723407
A-a45270,Company_37,HealthTech,US,2024-06-24,ads,Enterprise,3,False,False,S-0e12d4,2024-08-02,,637,7644,False,False,monthly,True,44.0,2.0,4.0,3.9906382978723407
A-a45270,Company_37,HealthTech,US,2024-06-24,ads,Enterprise,3,False,False,S-0802a4,2024-08-24,,3871,46452,False,False,annual,True,46.0,3.0,4.0,3.9906382978723407
A-a45270,Company_37,HealthTech,US,2024-06-24,ads,Enterprise,3,False,False,S-646813,2024-09-14,,0,0,False,False,monthly,True,39.0,3.0,4.0,3.9906382978723407
A-a45270,Company_37,HealthTech,US,2024-06-24,ads,Enterprise,3,False,False,S-617065,2024-10-01,,597,7164,True,False,annual,True,71.0,2.0,4.0,3.9906382978723407
A-854864,Company_38,FinTech,IN,2024-12-07,event,Enterprise,20,False,False,S-bbafad,2024-12-27,2024-12-30,380,4560,False,False,annual,True,42.0,0.0,5.0,4.8
A-854864,Company_38,FinTech,IN,2024-12-07,event,Enterprise,20,False,False,S-b32512,2024-12-25,,3980,47760,False,False,monthly,True,58.0,6.0,5.0,4.8
A-854864,Company_38,FinTech,IN,2024-12-07,event,Enterprise,20,False,False,S-676254,2024-12-31,,980,11760,False,False,annual,True,63.0,2.0,5.0,4.8
A-854864,Company_38,FinTech,IN,2024-12-07,event,Enterprise,20,False,False,S-3d6100,2024-12-24,,980,11760,False,False,annual,True,36.0,0.0,5.0,4.8
A-854864,Company_38,FinTech,IN,2024-12-07,event,Enterprise,20,False,False,S-6c625e,2024-12-15,,4459,53508,False,False,monthly,False,24.0,0.0,5.0,4.8
A-854864,Company_38,FinTech,IN,2024-12-07,event,Enterprise,20,False,False,S-6d4050,2024-12-09,,3980,47760,False,False,monthly,True,25.0,2.0,5.0,4.8
A-1b7577,Company_39,Cybersecurity,US,2024-10-27,other,Pro,4,False,False,S-dd3b36,2024-11-26,2024-12-06,76,912,False,False,monthly,True,72.0,2.0,5.0,3.9962553191489363
A-1b7577,Company_39,Cybersecurity,US,2024-10-27,other,Pro,4,False,False,S-009027,2024-10-28,,1791,21492,False,False,annual,True,54.0,1.0,5.0,3.9962553191489363
A-1b7577,Company_39,Cybersecurity,US,2024-10-27,other,Pro,4,False,False,S-001561,2024-12-12,,1194,14328,False,False,annual,True,48.0,3.0,5.0,3.9962553191489363
A-1b7577,Company_39,Cybersecurity,US,2024-10-27,other,Pro,4,False,False,S-467d4a,2024-11-14,,441,5292,False,False,annual,True,55.0,2.0,5.0,3.9962553191489363
A-1b7577,Company_39,Cybersecurity,US,2024-10-27,other,Pro,4,False,False,S-af430c,2024-12-29,,539,6468,False,False,monthly,True,48.0,3.0,5.0,3.9962553191489363
A-1b7577,Company_39,Cybersecurity,US,2024-10-27,other,Pro,4,False,False,S-396a83,2024-11-28,,796,9552,False,False,monthly,True,85.0,8.0,5.0,3.9962553191489363
A-1b7577,Company_39,Cybersecurity,US,2024-10-27,other,Pro,4,False,False,S-94fa70,2024-12-30,,2009,24108,False,False,monthly,True,71.0,0.0,5.0,3.9962553191489363
A-1b7577,Company_39,Cybersecurity,US,2024-10-27,other,Pro,4,False,False,S-06770c,2024-11-15,,1539,18468,False,False,monthly,True,55.0,6.0,5.0,3.9962553191489363
A-1b7577,Company_39,Cybersecurity,US,2024-10-27,other,Pro,4,False,False,S-f932c0,2024-11-02,,0,0,False,False,annual,True,41.0,1.0,5.0,3.9962553191489363
A-1b7577,Company_39,Cybersecurity,US,2024-10-27,other,Pro,4,False,False,S-5bbb53,2024-12-03,,196,2352,False,False,annual,True,78.0,5.0,5.0,3.9962553191489363
A-1b7577,Company_39,Cybersecurity,US,2024-10-27,other,Pro,4,False,False,S-d91f4c,2024-11-15,2024-11-15,190,2280,False,True,monthly,True,40.0,2.0,5.0,3.9962553191489363
A-05f0e5,Company_40,FinTech,US,2023-05-04,partner,Basic,32,False,False,S-d02277,2024-06-11,,18308,219696,True,False,monthly,True,64.0,0.0,4.0,3.9953191489361704
A-05f0e5,Company_40,FinTech,US,2023-05-04,partner,Basic,32,False,False,S-afea79,2024-08-16,,1568,18816,True,False,annual,False,57.0,2.0,4.0,3.9953191489361704
A-05f0e5,Company_40,FinTech,US,2023-05-04,partner,Basic,32,False,False,S-22365f,2023-06-11,,6368,76416,False,False,annual,True,81.0,9.0,4.0,3.9953191489361704
A-05f0e5,Company_40,FinTech,US,2023-05-04,partner,Basic,32,False,False,S-597873,2024-07-09,,6368,76416,False,False,monthly,True,89.0,7.0,4.0,3.9953191489361704
A-05f0e5,Company_40,FinTech,US,2023-05-04,partner,Basic,32,False,False,S-62af97,2023-06-30,,2254,27048,False,False,annual,False,52.0,1.0,4.0,3.9953191489361704
A-05f0e5,Company_40,FinTech,US,2023-05-04,partner,Basic,32,False,False,S-1883dc,2024-02-28,,1064,12768,False,False,annual,True,34.0,1.0,4.0,3.9953191489361704
A-05f0e5,Company_40,FinTech,US,2023-05-04,partner,Basic,32,False,False,S-e5bed6,2024-11-23,,2842,34104,False,False,annual,True,41.0,5.0,4.0,3.9953191489361704
A-05f0e5,Company_40,FinTech,US,2023-05-04,partner,Basic,32,False,False,S-00866d,2023-10-31,,608,7296,False,False,annual,True,37.0,2.0,4.0,3.9953191489361704
A-05f0e5,Company_40,FinTech,US,2023-05-04,partner,Basic,32,False,False,S-3a57be,2024-05-15,,1568,18816,False,False,monthly,True,93.0,8.0,4.0,3.9953191489361704
A-05f0e5,Company_40,FinTech,US,2023-05-04,partner,Basic,32,False,False,S-0ab9fb,2024-10-22,,3185,38220,False,False,annual,True,25.0,2.0,4.0,3.9953191489361704
A-05f0e5,Company_40,FinTech,US,2023-05-04,partner,Basic,32,False,False,S-27e9ad,2023-10-18,,608,7296,False,False,annual,True,73.0,1.0,4.0,3.9953191489361704
A-05f0e5,Company_40,FinTech,US,2023-05-04,partner,Basic,32,False,False,S-42f3be,2024-04-29,,6368,76416,False,False,monthly,True,60.0,8.0,4.0,3.9953191489361704
A-9077b0,Company_41,HealthTech,US,2024-08-25,ads,Basic,2,False,False,S-556071,2024-12-20,2024-12-30,0,0,False,False,monthly,True,66.0,6.0,3.0,4.333333333333333
A-9077b0,Company_41,HealthTech,US,2024-08-25,ads,Basic,2,False,False,S-5f30ce,2024-08-26,,38,456,False,False,monthly,True,65.0,6.0,3.0,4.333333333333333
A-9077b0,Company_41,HealthTech,US,2024-08-25,ads,Basic,2,False,False,S-2cb298,2024-12-20,,398,4776,True,False,annual,True,70.0,2.0,3.0,4.333333333333333
A-9077b0,Company_41,HealthTech,US,2024-08-25,ads,Basic,2,False,False,S-731ee3,2024-11-09,2024-12-07,2786,33432,False,False,annual,True,69.0,5.0,3.0,4.333333333333333
A-9077b0,Company_41,HealthTech,US,2024-08-25,ads,Basic,2,False,False,S-535e55,2024-12-08,,343,4116,True,False,monthly,True,99.0,4.0,3.0,4.333333333333333
A-9077b0,Company_41,HealthTech,US,2024-08-25,ads,Basic,2,False,False,S-3af429,2024-12-10,,0,0,True,False,monthly,True,84.0,6.0,3.0,4.333333333333333
A-9077b0,Company_41,HealthTech,US,2024-08-25,ads,Basic,2,False,False,S-a53eac,2024-11-18,,0,0,False,False,monthly,True,40.0,2.0,3.0,4.333333333333333
A-7f8241,Company_42,EdTech,US,2023-03-14,organic,Pro,34,False,True,S-fef85a,2024-08-06,,1666,19992,False,False,annual,True,69.0,3.0,1.0,3.0
A-7f8241,Company_42,EdTech,US,2023-03-14,organic,Pro,34,False,True,S-8e45ba,2023-12-13,,646,7752,False,False,annual,False,78.0,4.0,1.0,3.0
A-7f8241,Company_42,EdTech,US,2023-03-14,organic,Pro,34,False,True,S-4f91d0,2024-10-12,,646,7752,False,False,monthly,False,78.0,5.0,1.0,3.0
A-7f8241,Company_42,EdTech,US,2023-03-14,organic,Pro,34,False,True,S-2573e4,2024-01-25,,1140,13680,False,False,monthly,True,36.0,0.0,1.0,3.0
A-7f8241,Company_42,EdTech,US,2023-03-14,organic,Pro,34,False,True,S-b2cfac,2024-12-24,,6766,81192,False,False,monthly,False,32.0,1.0,1.0,3.0
A-7f8241,Company_42,EdTech,US,2023-03-14,organic,Pro,34,False,True,S-21bd25,2023-07-16,,1666,19992,False,False,monthly,True,49.0,2.0,1.0,3.0
A-7f8241,Company_42,EdTech,US,2023-03-14,organic,Pro,34,False,True,S-125201,2023-11-29,,0,0,True,False,annual,True,46.0,0.0,1.0,3.0
A-7f8241,Company_42,EdTech,US,2023-03-14,organic,Pro,34,False,True,S-115423,2023-08-05,,1666,19992,False,False,annual,True,30.0,2.0,1.0,3.0
A-7f8241,Company_42,EdTech,US,2023-03-14,organic,Pro,34,False,True,S-bfc2c2,2023-09-06,,1666,19992,False,False,monthly,True,70.0,2.0,1.0,3.0
A-7f8241,Company_42,EdTech,US,2023-03-14,organic,Pro,34,False,True,S-7b7e04,2023-10-12,,6766,81192,False,False,annual,True,45.0,0.0,1.0,3.0
A-7f8241,Company_42,EdTech,US,2023-03-14,organic,Pro,34,False,True,S-f1cc81,2023-03-27,,646,7752,False,False,annual,True,44.0,0.0,1.0,3.0
A-7f8241,Company_42,EdTech,US,2023-03-14,organic,Pro,34,False,True,S-c985c4,2023-05-22,,646,7752,False,False,annual,False,70.0,5.0,1.0,3.0
A-7f8241,Company_42,EdTech,US,2023-03-14,organic,Pro,34,False,True,S-6c7bd8,2024-06-16,,7164,85968,False,False,monthly,True,59.0,6.0,1.0,3.0
A-7f8241,Company_42,EdTech,US,2023-03-14,organic,Pro,34,False,True,S-2e4018,2023-06-06,,6766,81192,True,False,monthly,True,13.0,0.0,1.0,3.0
A-7f8241,Company_42,EdTech,US,2023-03-14,organic,Pro,34,False,True,S-51dfbc,2023-09-24,,1666,19992,False,False,monthly,False,15.0,8.0,1.0,3.0
A-2bc93d,Company_43,HealthTech,US,2023-03-14,event,Basic,14,False,False,S-6c6e91,2024-04-16,,1519,18228,False,False,monthly,True,45.0,0.0,2.0,4.5
A-2bc93d,Company_43,HealthTech,US,2023-03-14,event,Basic,14,False,False,S-4d9bfd,2024-08-31,,0,0,False,False,annual,True,35.0,2.0,2.0,4.5
A-2bc93d,Company_43,HealthTech,US,2023-03-14,event,Basic,14,False,False,S-223221,2023-08-09,,7960,95520,False,False,monthly,True,68.0,3.0,2.0,4.5
A-2bc93d,Company_43,HealthTech,US,2023-03-14,event,Basic,14,False,False,S-104053,2024-12-20,,1715,20580,False,False,monthly,True,61.0,5.0,2.0,4.5
A-2bc93d,Company_43,HealthTech,US,2023-03-14,event,Basic,14,False,False,S-fa0094,2024-02-23,,686,8232,False,False,annual,True,67.0,2.0,2.0,4.5
A-2bc93d,Company_43,HealthTech,US,2023-03-14,event,Basic,14,False,False,S-36aedb,2024-09-10,,2786,33432,True,False,annual,False,85.0,7.0,2.0,4.5
A-2bc93d,Company_43,HealthTech,US,2023-03-14,event,Basic,14,False,False,S-39539d,2023-07-19,,2786,33432,False,False,annual,True,54.0,0.0,2.0,4.5
A-2bc93d,Company_43,HealthTech,US,2023-03-14,event,Basic,14,False,False,S-085f96,2023-12-31,,7960,95520,True,False,annual,True,40.0,1.0,2.0,4.5
A-2bc93d,Company_43,HealthTech,US,2023-03-14,event,Basic,14,False,False,S-c2cc5c,2023-11-24,,3980,47760,False,False,annual,True,40.0,2.0,2.0,4.5
A-2bc93d,Company_43,HealthTech,US,2023-03-14,event,Basic,14,False,False,S-073381,2024-09-11,2024-09-27,266,3192,False,False,monthly,False,10.0,0.0,2.0,4.5
A-2bc93d,Company_43,HealthTech,US,2023-03-14,event,Basic,14,False,False,S-c68e80,2024-03-26,,1805,21660,False,False,monthly,True,53.0,6.0,2.0,4.5
A-2bc93d,Company_43,HealthTech,US,2023-03-14,event,Basic,14,False,False,S-720940,2023-07-29,,380,4560,True,False,monthly,True,69.0,2.0,2.0,4.5
A-2bc93d,Company_43,HealthTech,US,2023-03-14,event,Basic,14,False,False,S-337c84,2024-09-22,,551,6612,True,False,annual,True,39.0,1.0,2.0,4.5
A-f3ff05,Company_44,FinTech,IN,2024-07-06,other,Enterprise,2,False,False,S-522aef,2024-08-22,,196,2352,False,False,annual,True,14.0,0.0,3.0,3.660425531914894
A-f3ff05,Company_44,FinTech,IN,2024-07-06,other,Enterprise,2,False,False,S-f12a54,2024-11-24,,98,1176,False,False,monthly,True,70.0,5.0,3.0,3.660425531914894
A-f3ff05,Company_44,FinTech,IN,2024-07-06,other,Enterprise,2,False,False,S-c64e87,2024-09-19,,5373,64476,False,False,annual,True,96.0,7.0,3.0,3.660425531914894
A-f3ff05,Company_44,FinTech,IN,2024-07-06,other,Enterprise,2,False,False,S-44c9ae,2024-11-10,,0,0,False,False,annual,False,103.0,8.0,3.0,3.660425531914894
A-f3ff05,Company_44,FinTech,IN,2024-07-06,other,Enterprise,2,False,False,S-5aacfa,2024-10-19,,9552,114624,False,False,annual,True,9.0,1.0,3.0,3.660425531914894
A-f3ff05,Company_44,FinTech,IN,2024-07-06,other,Enterprise,2,False,False,S-515485,2024-09-21,,1715,20580,False,False,monthly,True,22.0,0.0,3.0,3.660425531914894
A-f3ff05,Company_44,FinTech,IN,2024-07-06,other,Enterprise,2,False,False,S-628884,2024-08-03,,361,4332,False,False,annual,True,46.0,4.0,3.0,3.660425531914894
A-f3ff05,Company_44,FinTech,IN,2024-07-06,other,Enterprise,2,False,False,S-43af5a,2024-11-26,,196,2352,False,False,monthly,True,29.0,1.0,3.0,3.660425531914894
A-f3ff05,Company_44,FinTech,IN,2024-07-06,other,Enterprise,2,False,False,S-ce61e0,2024-08-02,2024-09-01,38,456,True,False,monthly,True,72.0,1.0,3.0,3.660425531914894
A-f3ff05,Company_44,FinTech,IN,2024-07-06,other,Enterprise,2,False,False,S-fc2bf2,2024-08-01,,532,6384,False,False,monthly,True,41.0,3.0,3.0,3.660425531914894
A-f3ff05,Company_44,FinTech,IN,2024-07-06,other,Enterprise,2,False,False,S-180b6c,2024-12-02,,570,6840,False,False,monthly,True,15.0,0.0,3.0,3.660425531914894
A-f3ff05,Company_44,FinTech,IN,2024-07-06,other,Enterprise,2,False,False,S-5c3f50,2024-09-11,,796,9552,False,False,annual,True,85.0,5.0,3.0,3.660425531914894
A-f3ff05,Company_44,FinTech,IN,2024-07-06,other,Enterprise,2,False,False,S-9f13f8,2024-10-07,,38,456,False,False,annual,True,70.0,1.0,3.0,3.660425531914894
A-2d4502,Company_45,FinTech,IN,2024-04-29,event,Basic,7,False,False,S-1218fd,2024-11-02,,266,3192,True,False,monthly,False,61.0,0.0,3.0,4.6604255319148935
A-2d4502,Company_45,FinTech,IN,2024-04-29,event,Basic,7,False,False,S-c8a983,2024-12-04,,588,7056,False,False,annual,False,74.0,1.0,3.0,4.6604255319148935
A-2d4502,Company_45,FinTech,IN,2024-04-29,event,Basic,7,False,False,S-595693,2024-09-25,,0,0,False,False,annual,True,37.0,2.0,3.0,4.6604255319148935
A-2d4502,Company_45,FinTech,IN,2024-04-29,event,Basic,7,False,False,S-2bc644,2024-04-30,,392,4704,False,False,annual,True,46.0,3.0,3.0,4.6604255319148935
A-2d4502,Company_45,FinTech,IN,2024-04-29,event,Basic,7,False,False,S-2664e1,2024-07-19,,8159,97908,True,False,annual,True,76.0,3.0,3.0,4.6604255319148935
A-2d4502,Company_45,FinTech,IN,2024-04-29,event,Basic,7,False,False,S-8bc290,2024-11-02,,5970,71640,False,False,annual,True,55.0,6.0,3.0,4.6604255319148935
A-2d4502,Company_45,FinTech,IN,2024-04-29,event,Basic,7,False,False,S-6e0386,2024-09-04,,4378,52536,False,False,monthly,True,64.0,3.0,3.0,4.6604255319148935
A-2d4502,Company_45,FinTech,IN,2024-04-29,event,Basic,7,False,False,S-71cb15,2024-12-12,,6766,81192,False,False,annual,True,7.0,0.0,3.0,4.6604255319148935
A-2d4502,Company_45,FinTech,IN,2024-04-29,event,Basic,7,False,False,S-65e749,2024-07-14,,1159,13908,False,False,monthly,False,28.0,0.0,3.0,4.6604255319148935
A-2d4502,Company_45,FinTech,IN,2024-04-29,event,Basic,7,False,False,S-f783b6,2024-08-31,,1393,16716,False,False,monthly,True,17.0,1.0,3.0,4.6604255319148935
A-6a4e2d,Company_46,EdTech,UK,2023-04-07,partner,Pro,9,False,False,S-63e282,2024-10-15,2024-11-07,686,8232,True,False,annual,True,37.0,0.0,2.0,4.5
A-6a4e2d,Company_46,EdTech,UK,2023-04-07,partner,Pro,9,False,False,S-e715bb,2023-11-15,,266,3192,False,False,monthly,True,48.0,5.0,2.0,4.5
A-6a4e2d,Company_46,EdTech,UK,2023-04-07,partner,Pro,9,False,False,S-0ab4e8,2023-12-04,,784,9408,False,False,monthly,True,79.0,2.0,2.0,4.5
A-6a4e2d,Company_46,EdTech,UK,2023-04-07,partner,Pro,9,False,False,S-e7c172,2024-03-12,,418,5016,False,False,monthly,True,46.0,2.0,2.0,4.5
A-6a4e2d,Company_46,EdTech,UK,2023-04-07,partner,Pro,9,False,False,S-9b8421,2023-05-29,2024-07-19,0,0,False,False,annual,False,65.0,3.0,2.0,4.5
A-6a4e2d,Company_46,EdTech,UK,2023-04-07,partner,Pro,9,False,False,S-96ead2,2024-09-13,,494,5928,False,False,annual,True,59.0,2.0,2.0,4.5
A-6a4e2d,Company_46,EdTech,UK,2023-04-07,partner,Pro,9,False,False,S-2565f0,2023-07-09,,1026,12312,False,False,annual,False,67.0,3.0,2.0,4.5
A-6a4e2d,Company_46,EdTech,UK,2023-04-07,partner,Pro,9,False,False,S-2b504d,2023-07-12,,1791,21492,False,False,annual,True,43.0,6.0,2.0,4.5
A-6a4e2d,Company_46,EdTech,UK,2023-04-07,partner,Pro,9,False,False,S-9efd1b,2024-04-06,,380,4560,False,True,monthly,True,51.0,0.0,2.0,4.5
A-6a4e2d,Company_46,EdTech,UK,2023-04-07,partner,Pro,9,False,False,S-c844bd,2024-01-23,2024-11-03,171,2052,True,False,annual,True,76.0,8.0,2.0,4.5
A-6a4e2d,Company_46,EdTech,UK,2023-04-07,partner,Pro,9,False,False,S-3092cb,2023-08-03,,4378,52536,False,False,annual,True,26.0,0.0,2.0,4.5
A-eb7c38,Company_47,DevTools,AU,2024-02-25,organic,Enterprise,5,False,False,S-a916cb,2024-10-28,,6965,83580,False,False,monthly,True,68.0,1.0,5.0,4.192510638297873
A-eb7c38,Company_47,DevTools,AU,2024-02-25,organic,Enterprise,5,False,False,S-44c5dd,2024-10-21,,95,1140,False,False,annual,False,67.0,5.0,5.0,4.192510638297873
A-eb7c38,Company_47,DevTools,AU,2024-02-25,organic,Enterprise,5,False,False,S-921f19,2024-09-16,,0,0,False,False,monthly,True,52.0,0.0,5.0,4.192510638297873
A-eb7c38,Company_47,DevTools,AU,2024-02-25,organic,Enterprise,5,False,False,S-7151d9,2024-04-12,,1938,23256,True,False,annual,True,33.0,2.0,5.0,4.192510638297873
A-eb7c38,Company_47,DevTools,AU,2024-02-25,organic,Enterprise,5,False,False,S-4e00a0,2024-11-01,,686,8232,False,False,annual,True,83.0,2.0,5.0,4.192510638297873
A-eb7c38,Company_47,DevTools,AU,2024-02-25,organic,Enterprise,5,False,False,S-615915,2024-05-24,2024-10-19,17910,214920,False,False,monthly,True,25.0,3.0,5.0,4.192510638297873
A-eb7c38,Company_47,DevTools,AU,2024-02-25,organic,Enterprise,5,False,False,S-4c9c01,2024-09-26,2024-10-10,0,0,False,False,annual,True,34.0,0.0,5.0,4.192510638297873
A-eb7c38,Company_47,DevTools,AU,2024-02-25,organic,Enterprise,5,False,False,S-6bab8f,2024-04-11,,0,0,False,False,annual,False,26.0,0.0,5.0,4.192510638297873
A-eb7c38,Company_47,DevTools,AU,2024-02-25,organic,Enterprise,5,False,False,S-381988,2024-08-27,,0,0,False,False,annual,False,44.0,4.0,5.0,4.192510638297873
A-eb7c38,Company_47,DevTools,AU,2024-02-25,organic,Enterprise,5,False,False,S-a76521,2024-12-04,,627,7524,False,False,annual,True,73.0,3.0,5.0,4.192510638297873
A-eb7c38,Company_47,DevTools,AU,2024-02-25,organic,Enterprise,5,False,False,S-14d515,2024-07-02,,6567,78804,False,False,monthly,False,38.0,1.0,5.0,4.192510638297873
A-eb7c38,Company_47,DevTools,AU,2024-02-25,organic,Enterprise,5,False,False,S-8048cc,2024-07-04,,171,2052,False,True,annual,True,53.0,2.0,5.0,4.192510638297873
A-eb7c38,Company_47,DevTools,AU,2024-02-25,organic,Enterprise,5,False,False,S-4ff3ae,2024-07-29,,95,1140,True,False,annual,True,19.0,0.0,5.0,4.192510638297873
A-eb7c38,Company_47,DevTools,AU,2024-02-25,organic,Enterprise,5,False,False,S-8789b0,2024-04-23,2024-08-02,171,2052,True,False,monthly,False,58.0,4.0,5.0,4.192510638297873
A-eb7c38,Company_47,DevTools,AU,2024-02-25,organic,Enterprise,5,False,False,S-075ffc,2024-09-02,2024-12-15,2985,35820,False,False,annual,True,20.0,0.0,5.0,4.192510638297873
A-c37601,Company_48,EdTech,US,2024-10-31,partner,Basic,6,True,False,S-6b7aa4,2024-11-29,,418,5016,False,False,monthly,True,35.0,1.0,4.0,3.7453191489361704
A-c37601,Company_48,EdTech,US,2024-10-31,partner,Basic,6,True,False,S-ad26e3,2024-11-04,2024-12-09,0,0,False,False,monthly,False,30.0,0.0,4.0,3.7453191489361704
A-c37601,Company_48,EdTech,US,2024-10-31,partner,Basic,6,True,False,S-95c467,2024-11-02,,490,5880,False,False,annual,True,74.0,5.0,4.0,3.7453191489361704
A-c37601,Company_48,EdTech,US,2024-10-31,partner,Basic,6,True,False,S-6cff51,2024-12-23,,1372,16464,False,False,annual,True,78.0,3.0,4.0,3.7453191489361704
A-c37601,Company_48,EdTech,US,2024-10-31,partner,Basic,6,True,False,S-b65ff3,2024-11-11,,1194,14328,False,False,annual,True,22.0,0.0,4.0,3.7453191489361704
A-c37601,Company_48,EdTech,US,2024-10-31,partner,Basic,6,True,False,S-7dcec3,2024-12-17,2024-12-29,2985,35820,False,False,annual,True,0.0,0.0,4.0,3.7453191489361704
A-c37601,Company_48,EdTech,US,2024-10-31,partner,Basic,6,True,False,S-f6f848,2024-12-28,,294,3528,False,False,annual,True,23.0,2.0,4.0,3.7453191489361704
A-c37601,Company_48,EdTech,US,2024-10-31,partner,Basic,6,True,False,S-3383a4,2024-12-29,,0,0,False,False,annual,True,39.0,3.0,4.0,3.7453191489361704
A-c37601,Company_48,EdTech,US,2024-10-31,partner,Basic,6,True,False,S-06b9f0,2024-12-30,,0,0,False,False,annual,True,46.0,0.0,4.0,3.7453191489361704
A-c37601,Company_48,EdTech,US,2024-10-31,partner,Basic,6,True,False,S-036362,2024-11-01,,588,7056,False,False,annual,True,52.0,2.0,4.0,3.7453191489361704
A-c37601,Company_48,EdTech,US,2024-10-31,partner,Basic,6,True,False,S-eae806,2024-12-30,,10746,128952,False,False,monthly,False,68.0,5.0,4.0,3.7453191489361704
A-c37601,Company_48,EdTech,US,2024-10-31,partner,Basic,6,True,False,S-6d9231,2024-12-24,,2388,28656,False,False,monthly,True,22.0,0.0,4.0,3.7453191489361704
A-3b5cd1,Company_49,FinTech,US,2023-09-12,event,Basic,13,True,False,S-b4ac47,2023-10-07,,1519,18228,False,False,annual,False,40.0,2.0,5.0,3.988765957446809
A-3b5cd1,Company_49,FinTech,US,2023-09-12,event,Basic,13,True,False,S-d959d3,2024-12-24,,4179,50148,False,False,annual,True,43.0,0.0,5.0,3.988765957446809
A-3b5cd1,Company_49,FinTech,US,2023-09-12,event,Basic,13,True,False,S-f3138f,2024-06-11,,0,0,True,False,annual,True,70.0,3.0,5.0,3.988765957446809
A-3b5cd1,Company_49,FinTech,US,2023-09-12,event,Basic,13,True,False,S-ff582b,2023-12-29,,2587,31044,False,False,monthly,True,49.0,6.0,5.0,3.988765957446809
A-3b5cd1,Company_49,FinTech,US,2023-09-12,event,Basic,13,True,False,S-cccce3,2023-11-18,,637,7644,True,False,monthly,True,36.0,2.0,5.0,3.988765957446809
A-3b5cd1,Company_49,FinTech,US,2023-09-12,event,Basic,13,True,False,S-211bc2,2024-11-24,,2587,31044,False,False,annual,False,21.0,1.0,5.0,3.988765957446809
A-3b5cd1,Company_49,FinTech,US,2023-09-12,event,Basic,13,True,False,S-067c38,2024-01-03,,304,3648,False,False,monthly,True,19.0,1.0,5.0,3.988765957446809
A-3b5cd1,Company_49,FinTech,US,2023-09-12,event,Basic,13,True,False,S-224bca,2024-02-27,,3582,42984,False,False,monthly,False,59.0,0.0,5.0,3.988765957446809
A-3b5cd1,Company_49,FinTech,US,2023-09-12,event,Basic,13,True,False,S-fc3dcb,2024-12-24,,6368,76416,False,False,annual,True,68.0,1.0,5.0,3.988765957446809
A-3b5cd1,Company_49,FinTech,US,2023-09-12,event,Basic,13,True,False,S-e3165d,2023-10-09,,1029,12348,False,False,monthly,True,25.0,2.0,5.0,3.988765957446809
A-3b5cd1,Company_49,FinTech,US,2023-09-12,event,Basic,13,True,False,S-70cf3c,2024-03-24,,637,7644,False,False,monthly,True,39.0,0.0,5.0,3.988765957446809
A-3b5cd1,Company_49,FinTech,US,2023-09-12,event,Basic,13,True,False,S-332e0d,2023-09-30,,0,0,False,True,monthly,True,0.0,0.0,5.0,3.988765957446809
A-3b5cd1,Company_49,FinTech,US,2023-09-12,event,Basic,13,True,False,S-a648e7,2024-01-29,,247,2964,False,False,annual,False,54.0,6.0,5.0,3.988765957446809
A-b2225d,Company_50,FinTech,US,2024-03-08,ads,Basic,47,False,True,S-b3bd43,2024-11-03,,2450,29400,False,False,monthly,False,84.0,8.0,2.0,3.4906382978723407
A-b2225d,Company_50,FinTech,US,2024-03-08,ads,Basic,47,False,True,S-8c3cc8,2024-10-17,,0,0,False,False,monthly,True,35.0,3.0,2.0,3.4906382978723407
A-b2225d,Company_50,FinTech,US,2024-03-08,ads,Basic,47,False,True,S-48a54e,2024-10-29,,0,0,False,False,monthly,True,38.0,3.0,2.0,3.4906382978723407
A-b2225d,Company_50,FinTech,US,2024-03-08,ads,Basic,47,False,True,S-cd3f49,2024-05-22,,0,0,False,False,annual,True,31.0,1.0,2.0,3.4906382978723407
A-b2225d,Company_50,FinTech,US,2024-03-08,ads,Basic,47,False,True,S-380617,2024-12-10,,893,10716,False,False,annual,True,75.0,1.0,2.0,3.4906382978723407
A-b2225d,Company_50,FinTech,US,2024-03-08,ads,Basic,47,False,True,S-023f5f,2024-08-18,,893,10716,False,False,annual,True,60.0,1.0,2.0,3.4906382978723407
A-b2225d,Company_50,FinTech,US,2024-03-08,ads,Basic,47,False,True,S-6450ac,2024-09-17,,0,0,False,False,annual,True,54.0,5.0,2.0,3.4906382978723407
A-b2225d,Company_50,FinTech,US,2024-03-08,ads,Basic,47,False,True,S-2940a5,2024-04-02,,0,0,False,True,annual,False,64.0,9.0,2.0,3.4906382978723407
A-b2225d,Company_50,FinTech,US,2024-03-08,ads,Basic,47,False,True,S-261a8d,2024-09-01,,2303,27636,True,False,monthly,True,50.0,5.0,2.0,3.4906382978723407
A-b2225d,Company_50,FinTech,US,2024-03-08,ads,Basic,47,False,True,S-0eff34,2024-08-04,,2303,27636,False,False,monthly,False,102.0,8.0,2.0,3.4906382978723407
A-b2225d,Company_50,FinTech,US,2024-03-08,ads,Basic,47,False,True,S-b47d75,2024-05-13,,9353,112236,False,False,annual,True,31.0,8.0,2.0,3.4906382978723407
A-b2225d,Company_50,FinTech,US,2024-03-08,ads,Basic,47,False,True,S-da9362,2024-05-21,,893,10716,False,False,annual,True,72.0,8.0,2.0,3.4906382978723407
A-94f8c9,Company_51,HealthTech,US,2024-03-29,other,Basic,13,False,False,S-6e4c1a,2024-08-02,,2587,31044,False,False,monthly,True,43.0,5.0,3.0,4.6604255319148935
A-94f8c9,Company_51,HealthTech,US,2024-03-29,other,Basic,13,False,False,S-ccdf41,2024-11-29,,3383,40596,False,False,monthly,True,32.0,2.0,3.0,4.6604255319148935
A-94f8c9,Company_51,HealthTech,US,2024-03-29,other,Basic,13,False,False,S-abff7d,2024-06-26,,0,0,False,False,annual,True,32.0,4.0,3.0,4.6604255319148935
A-94f8c9,Company_51,HealthTech,US,2024-03-29,other,Basic,13,False,False,S-5e572d,2024-07-16,,2587,31044,False,False,annual,False,35.0,1.0,3.0,4.6604255319148935
A-94f8c9,Company_51,HealthTech,US,2024-03-29,other,Basic,13,False,False,S-e42331,2024-07-25,,0,0,False,False,annual,True,10.0,5.0,3.0,4.6604255319148935
A-94f8c9,Company_51,HealthTech,US,2024-03-29,other,Basic,13,False,False,S-89e27e,2024-12-23,,247,2964,False,True,monthly,True,57.0,8.0,3.0,4.6604255319148935
A-94f8c9,Company_51,HealthTech,US,2024-03-29,other,Basic,13,False,False,S-55ef07,2024-08-11,,2587,31044,False,False,annual,True,106.0,7.0,3.0,4.6604255319148935
A-94f8c9,Company_51,HealthTech,US,2024-03-29,other,Basic,13,False,False,S-cc9b9d,2024-11-25,,2587,31044,False,False,annual,True,17.0,7.0,3.0,4.6604255319148935
A-94f8c9,Company_51,HealthTech,US,2024-03-29,other,Basic,13,False,False,S-1eb467,2024-12-31,,2587,31044,False,False,monthly,True,75.0,0.0,3.0,4.6604255319148935
A-94f8c9,Company_51,HealthTech,US,2024-03-29,other,Basic,13,False,False,S-25ee09,2024-04-11,,2587,31044,True,False,monthly,True,39.0,0.0,3.0,4.6604255319148935
A-94f8c9,Company_51,HealthTech,US,2024-03-29,other,Basic,13,False,False,S-0efb82,2024-04-05,,637,7644,False,False,monthly,True,46.0,4.0,3.0,4.6604255319148935
A-94f8c9,Company_51,HealthTech,US,2024-03-29,other,Basic,13,False,False,S-525d6b,2024-04-17,2024-05-29,0,0,False,False,monthly,True,76.0,4.0,3.0,4.6604255319148935
A-94f8c9,Company_51,HealthTech,US,2024-03-29,other,Basic,13,False,False,S-59be40,2024-10-21,,247,2964,False,False,annual,True,63.0,9.0,3.0,4.6604255319148935
A-94f8c9,Company_51,HealthTech,US,2024-03-29,other,Basic,13,False,False,S-d0bab8,2024-06-26,,1406,16872,True,False,annual,True,9.0,0.0,3.0,4.6604255319148935
A-94f8c9,Company_51,HealthTech,US,2024-03-29,other,Basic,13,False,False,S-54daa5,2024-12-17,,7164,85968,False,False,annual,True,62.0,4.0,3.0,4.6604255319148935
A-94f8c9,Company_51,HealthTech,US,2024-03-29,other,Basic,13,False,False,S-cc3f3d,2024-10-19,,3383,40596,False,False,annual,False,44.0,3.0,3.0,4.6604255319148935
A-02fac6,Company_52,FinTech,US,2023-04-06,event,Pro,22,False,False,S-60b7c7,2024-05-02,,4577,54924,False,False,annual,False,66.0,1.0,6.0,3.9875177304964544
A-02fac6,Company_52,FinTech,US,2023-04-06,event,Pro,22,False,False,S-020222,2024-05-23,,1078,12936,False,False,monthly,True,47.0,3.0,6.0,3.9875177304964544
A-02fac6,Company_52,FinTech,US,2023-04-06,event,Pro,22,False,False,S-33eb1d,2024-09-20,,4378,52536,False,False,annual,False,55.0,4.0,6.0,3.9875177304964544
A-02fac6,Company_52,FinTech,US,2023-04-06,event,Pro,22,False,False,S-74a274,2024-10-06,,4378,52536,False,False,monthly,True,19.0,2.0,6.0,3.9875177304964544
A-02fac6,Company_52,FinTech,US,2023-04-06,event,Pro,22,False,False,S-f95951,2024-09-10,,1078,12936,False,False,monthly,True,36.0,10.0,6.0,3.9875177304964544
A-02fac6,Company_52,FinTech,US,2023-04-06,event,Pro,22,False,False,S-9e15d0,2024-01-19,,1078,12936,False,False,monthly,True,23.0,0.0,6.0,3.9875177304964544
A-02fac6,Company_52,FinTech,US,2023-04-06,event,Pro,22,False,False,S-d91908,2024-09-22,,418,5016,False,False,monthly,True,26.0,4.0,6.0,3.9875177304964544
A-02fac6,Company_52,FinTech,US,2023-04-06,event,Pro,22,False,False,S-a408fe,2024-10-18,,1078,12936,True,False,monthly,True,79.0,4.0,6.0,3.9875177304964544
A-02fac6,Company_52,FinTech,US,2023-04-06,event,Pro,22,False,False,S-b48787,2023-10-21,,1078,12936,False,False,annual,True,45.0,3.0,6.0,3.9875177304964544
A-02fac6,Company_52,FinTech,US,2023-04-06,event,Pro,22,False,False,S-52119f,2023-11-20,,4378,52536,False,False,monthly,True,84.0,2.0,6.0,3.9875177304964544
A-02fac6,Company_52,FinTech,US,2023-04-06,event,Pro,22,False,False,S-f45fe3,2024-05-30,,2891,34692,False,False,monthly,True,34.0,1.0,6.0,3.9875177304964544
A-c1dfe1,Company_53,DevTools,DE,2023-08-07,ads,Pro,26,False,False,S-8b52b5,2024-03-04,,5174,62088,False,False,monthly,True,85.0,4.0,3.0,3.9875177304964544
A-c1dfe1,Company_53,DevTools,DE,2023-08-07,ads,Pro,26,False,False,S-592443,2024-05-01,,5174,62088,False,True,monthly,False,16.0,0.0,3.0,3.9875177304964544
A-c1dfe1,Company_53,DevTools,DE,2023-08-07,ads,Pro,26,False,False,S-3a4336,2024-07-07,,5174,62088,False,True,monthly,True,36.0,4.0,3.0,3.9875177304964544
A-c1dfe1,Company_53,DevTools,DE,2023-08-07,ads,Pro,26,False,False,S-2b0a2d,2024-02-04,,494,5928,True,False,annual,True,40.0,5.0,3.0,3.9875177304964544
A-c1dfe1,Company_53,DevTools,DE,2023-08-07,ads,Pro,26,False,False,S-154918,2024-09-22,,494,5928,False,False,monthly,False,80.0,9.0,3.0,3.9875177304964544
A-c1dfe1,Company_53,DevTools,DE,2023-08-07,ads,Pro,26,False,False,S-847173,2023-12-17,,627,7524,False,False,monthly,True,32.0,4.0,3.0,3.9875177304964544
A-c1dfe1,Company_53,DevTools,DE,2023-08-07,ads,Pro,26,False,False,S-db56d2,2023-10-26,2024-03-17,494,5928,False,False,monthly,False,42.0,1.0,3.0,3.9875177304964544
A-c1dfe1,Company_53,DevTools,DE,2023-08-07,ads,Pro,26,False,False,S-b56884,2024-07-26,,8159,97908,False,False,annual,True,44.0,3.0,3.0,3.9875177304964544
A-32728c,Company_54,DevTools,US,2023-01-03,event,Pro,20,False,True,S-a4f26d,2023-05-21,,980,11760,False,False,monthly,True,46.0,1.0,2.0,3.5
A-32728c,Company_54,DevTools,US,2023-01-03,event,Pro,20,False,True,S-2c091a,2023-06-20,,980,11760,False,False,annual,True,70.0,10.0,2.0,3.5
A-32728c,Company_54,DevTools,US,2023-01-03,event,Pro,20,False,True,S-8b349c,2023-07-01,2024-04-07,380,4560,False,False,annual,True,48.0,3.0,2.0,3.5
A-32728c,Company_54,DevTools,US,2023-01-03,event,Pro,20,False,True,S-be05fd,2024-03-23,,0,0,False,False,monthly,True,55.0,1.0,2.0,3.5
A-32728c,Company_54,DevTools,US,2023-01-03,event,Pro,20,False,True,S-4757c8,2024-09-17,,798,9576,False,False,annual,True,30.0,3.0,2.0,3.5
A-32728c,Company_54,DevTools,US,2023-01-03,event,Pro,20,False,True,S-1f0d7f,2024-05-05,,380,4560,False,False,annual,True,69.0,0.0,2.0,3.5
A-32728c,Company_54,DevTools,US,2023-01-03,event,Pro,20,False,True,S-2ebd06,2023-04-04,,980,11760,False,False,monthly,True,69.0,1.0,2.0,3.5
A-32728c,Company_54,DevTools,US,2023-01-03,event,Pro,20,False,True,S-9030e0,2024-04-18,,0,0,True,False,annual,True,31.0,3.0,2.0,3.5
A-4c38bc,Company_55,HealthTech,UK,2024-03-09,event,Basic,36,False,True,S-427275,2024-07-14,,7164,85968,False,False,annual,True,95.0,4.0,3.0,3.660425531914894
A-4c38bc,Company_55,HealthTech,UK,2024-03-09,event,Basic,36,False,True,S-e2793d,2024-10-07,,684,8208,False,False,monthly,True,15.0,0.0,3.0,3.660425531914894
A-4c38bc,Company_55,HealthTech,UK,2024-03-09,event,Basic,36,False,True,S-e82bdc,2024-03-17,,684,8208,False,False,annual,True,18.0,0.0,3.0,3.660425531914894
A-4c38bc,Company_55,HealthTech,UK,2024-03-09,event,Basic,36,False,True,S-307e49,2024-06-01,,1764,21168,False,False,monthly,False,25.0,4.0,3.0,3.660425531914894
A-4c38bc,Company_55,HealthTech,UK,2024-03-09,event,Basic,36,False,True,S-0b831e,2024-05-10,,1764,21168,False,False,annual,True,39.0,0.0,3.0,3.660425531914894
A-4c38bc,Company_55,HealthTech,UK,2024-03-09,event,Basic,36,False,True,S-9eb13e,2024-04-30,,684,8208,False,False,monthly,True,14.0,0.0,3.0,3.660425531914894
A-4c38bc,Company_55,HealthTech,UK,2024-03-09,event,Basic,36,False,True,S-0fdcfe,2024-08-24,,7164,85968,True,False,annual,True,67.0,4.0,3.0,3.660425531914894
A-4c38bc,Company_55,HealthTech,UK,2024-03-09,event,Basic,36,False,True,S-9a7851,2024-12-27,2024-12-28,1764,21168,False,False,annual,True,70.0,0.0,3.0,3.660425531914894
A-4c38bc,Company_55,HealthTech,UK,2024-03-09,event,Basic,36,False,True,S-79123c,2024-10-19,,7164,85968,False,False,annual,True,43.0,2.0,3.0,3.660425531914894
A-4c38bc,Company_55,HealthTech,UK,2024-03-09,event,Basic,36,False,True,S-60cb51,2024-04-21,2024-10-25,684,8208,False,False,monthly,False,33.0,1.0,3.0,3.660425531914894
A-4c38bc,Company_55,HealthTech,UK,2024-03-09,event,Basic,36,False,True,S-a801d1,2024-04-03,,7164,85968,False,False,monthly,True,63.0,2.0,3.0,3.660425531914894
A-4c38bc,Company_55,HealthTech,UK,2024-03-09,event,Basic,36,False,True,S-2ddb46,2024-05-09,,1764,21168,False,False,monthly,True,90.0,4.0,3.0,3.660425531914894
A-4c38bc,Company_55,HealthTech,UK,2024-03-09,event,Basic,36,False,True,S-78f326,2024-04-21,,0,0,False,False,monthly,True,62.0,3.0,3.0,3.660425531914894
A-4c38bc,Company_55,HealthTech,UK,2024-03-09,event,Basic,36,False,True,S-2aaa9c,2024-12-10,,1764,21168,False,False,monthly,True,73.0,1.0,3.0,3.660425531914894
A-4c38bc,Company_55,HealthTech,UK,2024-03-09,event,Basic,36,False,True,S-f69fca,2024-07-06,,684,8208,False,False,annual,True,57.0,0.0,3.0,3.660425531914894
A-4c38bc,Company_55,HealthTech,UK,2024-03-09,event,Basic,36,False,True,S-62b7cf,2024-11-06,,7164,85968,True,False,annual,True,54.0,2.0,3.0,3.660425531914894
A-1b707d,Company_56,Cybersecurity,US,2023-07-14,organic,Enterprise,1,False,False,S-47985c,2024-12-27,,0,0,False,False,annual,False,21.0,0.0,3.0,3.981276595744681
A-1b707d,Company_56,Cybersecurity,US,2023-07-14,organic,Enterprise,1,False,False,S-dda23d,2023-11-14,,343,4116,False,False,annual,False,27.0,1.0,3.0,3.981276595744681
A-1b707d,Company_56,Cybersecurity,US,2023-07-14,organic,Enterprise,1,False,False,S-b2f038,2024-01-24,,637,7644,False,False,monthly,True,15.0,0.0,3.0,3.981276595744681
A-1b707d,Company_56,Cybersecurity,US,2023-07-14,organic,Enterprise,1,False,False,S-7f04ec,2024-11-08,,456,5472,True,False,monthly,True,81.0,0.0,3.0,3.981276595744681
A-1b707d,Company_56,Cybersecurity,US,2023-07-14,organic,Enterprise,1,False,False,S-3a3be9,2024-05-03,2024-07-14,152,1824,False,False,annual,True,58.0,2.0,3.0,3.981276595744681
A-1b707d,Company_56,Cybersecurity,US,2023-07-14,organic,Enterprise,1,False,False,S-5f75b5,2024-04-13,,3781,45372,False,False,annual,True,73.0,5.0,3.0,3.981276595744681
A-1b707d,Company_56,Cybersecurity,US,2023-07-14,organic,Enterprise,1,False,False,S-bafe35,2024-10-27,,779,9348,False,False,annual,False,93.0,4.0,3.0,3.981276595744681
A-1b707d,Company_56,Cybersecurity,US,2023-07-14,organic,Enterprise,1,False,False,S-0d33fc,2023-11-18,,3184,38208,False,False,monthly,True,31.0,0.0,3.0,3.981276595744681
A-6f8ad2,Company_57,EdTech,IN,2024-07-09,organic,Basic,1,False,False,S-aa20eb,2024-09-08,,49,588,False,False,monthly,False,25.0,3.0,4.0,4.24531914893617
A-6f8ad2,Company_57,EdTech,IN,2024-07-09,organic,Basic,1,False,False,S-c1056f,2024-10-23,,399,4788,False,False,monthly,False,25.0,2.0,4.0,4.24531914893617
A-6f8ad2,Company_57,EdTech,IN,2024-07-09,organic,Basic,1,False,False,S-43c2e3,2024-08-11,,6965,83580,True,False,monthly,True,85.0,3.0,4.0,4.24531914893617
A-6f8ad2,Company_57,EdTech,IN,2024-07-09,organic,Basic,1,False,False,S-e98296,2024-10-22,,784,9408,False,True,monthly,True,69.0,5.0,4.0,4.24531914893617
A-6f8ad2,Company_57,EdTech,IN,2024-07-09,organic,Basic,1,False,False,S-6cafdf,2024-12-27,,343,4116,False,False,annual,False,95.0,5.0,4.0,4.24531914893617
A-6f8ad2,Company_57,EdTech,IN,2024-07-09,organic,Basic,1,False,False,S-fe0c52,2024-07-22,,0,0,False,False,monthly,False,42.0,3.0,4.0,4.24531914893617
A-6f8ad2,Company_57,EdTech,IN,2024-07-09,organic,Basic,1,False,False,S-bf43b4,2024-12-04,,2009,24108,False,False,monthly,True,43.0,2.0,4.0,4.24531914893617
A-6f8ad2,Company_57,EdTech,IN,2024-07-09,organic,Basic,1,False,False,S-93cd57,2024-08-16,,3980,47760,False,False,annual,True,18.0,0.0,4.0,4.24531914893617
A-6f8ad2,Company_57,EdTech,IN,2024-07-09,organic,Basic,1,False,False,S-0c56e1,2024-09-27,,551,6612,False,False,annual,False,62.0,5.0,4.0,4.24531914893617
A-6f8ad2,Company_57,EdTech,IN,2024-07-09,organic,Basic,1,False,False,S-6ace80,2024-09-16,,1393,16716,False,False,monthly,True,17.0,6.0,4.0,4.24531914893617
A-6f8ad2,Company_57,EdTech,IN,2024-07-09,organic,Basic,1,False,False,S-8a3abd,2024-08-23,,1274,15288,False,False,annual,True,47.0,1.0,4.0,4.24531914893617
A-6f8ad2,Company_57,EdTech,IN,2024-07-09,organic,Basic,1,False,False,S-628842,2024-08-26,,5373,64476,False,False,annual,True,66.0,6.0,4.0,4.24531914893617
A-6f8ad2,Company_57,EdTech,IN,2024-07-09,organic,Basic,1,False,False,S-aa5012,2024-12-31,,779,9348,False,False,annual,False,50.0,7.0,4.0,4.24531914893617
A-6f8ad2,Company_57,EdTech,IN,2024-07-09,organic,Basic,1,False,False,S-6a017c,2024-10-03,,995,11940,False,False,annual,False,67.0,4.0,4.0,4.24531914893617
A-6f8ad2,Company_57,EdTech,IN,2024-07-09,organic,Basic,1,False,False,S-c08805,2024-09-03,2024-10-03,882,10584,False,False,annual,True,69.0,1.0,4.0,4.24531914893617
A-6f8ad2,Company_57,EdTech,IN,2024-07-09,organic,Basic,1,False,False,S-3b5eb3,2024-10-07,2024-10-12,0,0,True,False,annual,True,87.0,5.0,4.0,4.24531914893617
A-6f8ad2,Company_57,EdTech,IN,2024-07-09,organic,Basic,1,False,False,S-10f143,2024-08-13,,152,1824,False,False,monthly,True,57.0,1.0,4.0,4.24531914893617
A-4d1e75,Company_58,DevTools,US,2024-08-21,other,Basic,20,False,False,S-c9b0cc,2024-10-11,,7562,90744,False,False,monthly,True,17.0,0.0,2.0,4.0
A-4d1e75,Company_58,DevTools,US,2024-08-21,other,Basic,20,False,False,S-7de1b7,2024-10-27,,3980,47760,False,False,annual,True,19.0,0.0,2.0,4.0
A-4d1e75,Company_58,DevTools,US,2024-08-21,other,Basic,20,False,False,S-200752,2024-09-17,,980,11760,True,False,monthly,False,6.0,0.0,2.0,4.0
A-4d1e75,Company_58,DevTools,US,2024-08-21,other,Basic,20,False,False,S-9161b0,2024-09-14,,12338,148056,True,False,monthly,True,30.0,5.0,2.0,4.0
A-4d1e75,Company_58,DevTools,US,2024-08-21,other,Basic,20,False,False,S-924925,2024-11-17,,1519,18228,False,False,monthly,False,49.0,5.0,2.0,4.0
A-4d1e75,Company_58,DevTools,US,2024-08-21,other,Basic,20,False,False,S-7a2991,2024-11-14,,1911,22932,False,False,annual,True,51.0,0.0,2.0,4.0
A-4d1e75,Company_58,DevTools,US,2024-08-21,other,Basic,20,False,False,S-a2aa70,2024-12-17,,0,0,False,False,monthly,False,37.0,2.0,2.0,4.0
A-4d1e75,Company_58,DevTools,US,2024-08-21,other,Basic,20,False,False,S-8dd1cf,2024-12-17,,380,4560,True,False,monthly,False,55.0,2.0,2.0,4.0
A-4d1e75,Company_58,DevTools,US,2024-08-21,other,Basic,20,False,False,S-43aa0e,2024-10-18,,0,0,False,False,monthly,True,37.0,5.0,2.0,4.0
A-4d1e75,Company_58,DevTools,US,2024-08-21,other,Basic,20,False,False,S-f6e116,2024-10-31,,980,11760,False,True,monthly,True,28.0,0.0,2.0,4.0
A-4d1e75,Company_58,DevTools,US,2024-08-21,other,Basic,20,False,False,S-1ad9cb,2024-10-10,,980,11760,False,False,monthly,True,74.0,1.0,2.0,4.0
A-4d1e75,Company_58,DevTools,US,2024-08-21,other,Basic,20,False,False,S-24631a,2024-09-07,,380,4560,False,False,monthly,True,51.0,4.0,2.0,4.0
A-4d1e75,Company_58,DevTools,US,2024-08-21,other,Basic,20,False,False,S-a14c42,2024-10-10,,380,4560,False,False,monthly,True,23.0,1.0,2.0,4.0
A-9ee962,Company_59,HealthTech,US,2023-02-28,ads,Basic,9,False,True,S-68c537,2024-06-06,,5771,69252,False,False,monthly,True,0.0,0.0,3.0,3.9875177304964544
A-9ee962,Company_59,HealthTech,US,2023-02-28,ads,Basic,9,False,True,S-0ce88b,2024-07-18,,171,2052,False,False,annual,True,24.0,2.0,3.0,3.9875177304964544
A-9ee962,Company_59,HealthTech,US,2023-02-28,ads,Basic,9,False,True,S-f4376f,2024-05-21,,171,2052,False,False,annual,False,79.0,2.0,3.0,3.9875177304964544
A-9ee962,Company_59,HealthTech,US,2023-02-28,ads,Basic,9,False,True,S-ece5a5,2023-08-27,,1470,17640,False,False,annual,False,31.0,2.0,3.0,3.9875177304964544
A-9ee962,Company_59,HealthTech,US,2023-02-28,ads,Basic,9,False,True,S-094e82,2024-05-25,2024-09-23,171,2052,False,False,monthly,True,52.0,0.0,3.0,3.9875177304964544
A-9ee962,Company_59,HealthTech,US,2023-02-28,ads,Basic,9,False,True,S-593787,2023-11-22,,0,0,True,False,monthly,True,67.0,3.0,3.0,3.9875177304964544
A-9ee962,Company_59,HealthTech,US,2023-02-28,ads,Basic,9,False,True,S-4e4ef4,2023-07-09,,1225,14700,False,True,monthly,True,71.0,8.0,3.0,3.9875177304964544
A-9ee962,Company_59,HealthTech,US,2023-02-28,ads,Basic,9,False,True,S-23f506,2023-09-28,2023-11-27,0,0,True,False,annual,True,13.0,0.0,3.0,3.9875177304964544
A-9ee962,Company_59,HealthTech,US,2023-02-28,ads,Basic,9,False,True,S-ffce65,2023-06-23,,441,5292,True,False,annual,True,102.0,0.0,3.0,3.9875177304964544
A-378b99,Company_60,EdTech,UK,2024-09-01,ads,Pro,8,True,False,S-447189,2024-09-19,,1292,15504,False,False,monthly,True,46.0,5.0,6.0,4.3270921985815605
A-378b99,Company_60,EdTech,UK,2024-09-01,ads,Pro,8,True,False,S-775dd1,2024-09-10,,931,11172,False,False,monthly,True,9.0,2.0,6.0,4.3270921985815605
A-378b99,Company_60,EdTech,UK,2024-09-01,ads,Pro,8,True,False,S-41acf0,2024-11-05,,3184,38208,False,False,annual,True,39.0,0.0,6.0,4.3270921985815605
A-378b99,Company_60,EdTech,UK,2024-09-01,ads,Pro,8,True,False,S-29a901,2024-10-24,,392,4704,False,False,annual,True,36.0,4.0,6.0,4.3270921985815605
A-378b99,Company_60,EdTech,UK,2024-09-01,ads,Pro,8,True,False,S-817cf0,2024-10-14,,441,5292,False,False,annual,True,30.0,0.0,6.0,4.3270921985815605
A-378b99,Company_60,EdTech,UK,2024-09-01,ads,Pro,8,True,False,S-3bdedd,2024-11-03,,1121,13452,False,False,monthly,True,61.0,3.0,6.0,4.3270921985815605
A-378b99,Company_60,EdTech,UK,2024-09-01,ads,Pro,8,True,False,S-1c5955,2024-10-07,,588,7056,False,False,annual,True,67.0,6.0,6.0,4.3270921985815605
A-378b99,Company_60,EdTech,UK,2024-09-01,ads,Pro,8,True,False,S-5f4cc6,2024-10-14,,0,0,False,False,monthly,True,61.0,8.0,6.0,4.3270921985815605
A-378b99,Company_60,EdTech,UK,2024-09-01,ads,Pro,8,True,False,S-4b9d7c,2024-12-05,,784,9408,False,True,annual,True,70.0,1.0,6.0,4.3270921985815605
A-378b99,Company_60,EdTech,UK,2024-09-01,ads,Pro,8,True,False,S-ae355b,2024-11-08,,1791,21492,False,False,annual,True,31.0,1.0,6.0,4.3270921985815605
A-378b99,Company_60,EdTech,UK,2024-09-01,ads,Pro,8,True,False,S-a3927a,2024-12-02,2024-12-30,1592,19104,False,False,annual,True,43.0,1.0,6.0,4.3270921985815605
A-378b99,Company_60,EdTech,UK,2024-09-01,ads,Pro,8,True,False,S-7717d6,2024-12-02,,0,0,True,False,monthly,True,72.0,7.0,6.0,4.3270921985815605
A-94d3da,Company_61,HealthTech,US,2023-05-03,other,Basic,41,False,False,S-ffb6cc,2024-09-28,,8159,97908,False,False,monthly,False,54.0,2.0,6.0,3.660425531914894
A-94d3da,Company_61,HealthTech,US,2023-05-03,other,Basic,41,False,False,S-15609d,2024-08-04,,0,0,False,False,monthly,False,13.0,1.0,6.0,3.660425531914894
A-94d3da,Company_61,HealthTech,US,2023-05-03,other,Basic,41,False,False,S-cb8654,2024-02-07,,0,0,False,False,annual,True,27.0,1.0,6.0,3.660425531914894
A-94d3da,Company_61,HealthTech,US,2023-05-03,other,Basic,41,False,False,S-5abbac,2023-09-26,,0,0,False,False,annual,True,38.0,3.0,6.0,3.660425531914894
A-94d3da,Company_61,HealthTech,US,2023-05-03,other,Basic,41,False,False,S-207046,2024-03-03,,0,0,False,False,annual,True,41.0,0.0,6.0,3.660425531914894
A-94d3da,Company_61,HealthTech,US,2023-05-03,other,Basic,41,False,False,S-244df8,2024-10-28,,779,9348,False,False,monthly,True,27.0,1.0,6.0,3.660425531914894
A-94d3da,Company_61,HealthTech,US,2023-05-03,other,Basic,41,False,False,S-a7cab8,2023-12-26,,779,9348,False,False,monthly,False,31.0,4.0,6.0,3.660425531914894
A-94d3da,Company_61,HealthTech,US,2023-05-03,other,Basic,41,False,False,S-3647aa,2023-09-09,,0,0,False,False,monthly,True,66.0,1.0,6.0,3.660425531914894
A-94d3da,Company_61,HealthTech,US,2023-05-03,other,Basic,41,False,False,S-41b844,2023-06-03,,2009,24108,False,False,monthly,False,18.0,0.0,6.0,3.660425531914894
A-94d3da,Company_61,HealthTech,US,2023-05-03,other,Basic,41,False,False,S-bb3c63,2023-12-01,,779,9348,False,False,monthly,True,58.0,5.0,6.0,3.660425531914894
A-94d3da,Company_61,HealthTech,US,2023-05-03,other,Basic,41,False,False,S-5480a7,2023-06-05,,8159,97908,True,False,annual,True,45.0,4.0,6.0,3.660425531914894
A-94d3da,Company_61,HealthTech,US,2023-05-03,other,Basic,41,False,False,S-32e8fa,2023-06-04,2023-10-21,2009,24108,False,False,annual,True,46.0,3.0,6.0,3.660425531914894
A-e351e1,Company_62,EdTech,US,2024-09-26,other,Enterprise,33,False,False,S-dfe952,2024-09-27,,627,7524,False,False,monthly,True,48.0,4.0,4.0,3.75
A-e351e1,Company_62,EdTech,US,2024-09-26,other,Enterprise,33,False,False,S-808668,2024-10-01,,1617,19404,False,False,monthly,True,54.0,2.0,4.0,3.75
A-e351e1,Company_62,EdTech,US,2024-09-26,other,Enterprise,33,False,False,S-0509b8,2024-12-26,2024-12-29,627,7524,False,False,annual,True,66.0,2.0,4.0,3.75
A-e351e1,Company_62,EdTech,US,2024-09-26,other,Enterprise,33,False,False,S-d5605e,2024-11-11,,0,0,False,False,monthly,False,92.0,10.0,4.0,3.75
A-e351e1,Company_62,EdTech,US,2024-09-26,other,Enterprise,33,False,False,S-3c8e09,2024-10-01,,627,7524,False,False,monthly,True,35.0,4.0,4.0,3.75
A-9badbd,Company_63,Cybersecurity,DE,2024-06-19,ads,Enterprise,5,True,False,S-904784,2024-09-20,,0,0,False,False,monthly,False,74.0,9.0,5.0,4.388765957446809
A-9badbd,Company_63,Cybersecurity,DE,2024-06-19,ads,Enterprise,5,True,False,S-f421c8,2024-06-29,,532,6384,False,False,annual,True,90.0,8.0,5.0,4.388765957446809
A-9badbd,Company_63,Cybersecurity,DE,2024-06-19,ads,Enterprise,5,True,False,S-834097,2024-12-03,,995,11940,False,False,annual,True,99.0,9.0,5.0,4.388765957446809
A-9badbd,Company_63,Cybersecurity,DE,2024-06-19,ads,Enterprise,5,True,False,S-f4caa8,2024-09-16,2024-10-12,437,5244,False,False,annual,True,61.0,2.0,5.0,4.388765957446809
A-9badbd,Company_63,Cybersecurity,DE,2024-06-19,ads,Enterprise,5,True,False,S-3c9115,2024-07-01,,5970,71640,False,False,monthly,False,74.0,4.0,5.0,4.388765957446809
A-9badbd,Company_63,Cybersecurity,DE,2024-06-19,ads,Enterprise,5,True,False,S-0756ce,2024-10-15,,3773,45276,False,False,monthly,True,29.0,3.0,5.0,4.388765957446809
A-9badbd,Company_63,Cybersecurity,DE,2024-06-19,ads,Enterprise,5,True,False,S-a8bed8,2024-08-28,,323,3876,False,False,annual,True,14.0,0.0,5.0,4.388765957446809
A-9badbd,Company_63,Cybersecurity,DE,2024-06-19,ads,Enterprise,5,True,False,S-11dba6,2024-11-02,,779,9348,False,False,annual,False,74.0,1.0,5.0,4.388765957446809
A-9badbd,Company_63,Cybersecurity,DE,2024-06-19,ads,Enterprise,5,True,False,S-59fe1d,2024-10-21,,0,0,False,False,monthly,True,38.0,3.0,5.0,4.388765957446809
A-9badbd,Company_63,Cybersecurity,DE,2024-06-19,ads,Enterprise,5,True,False,S-6ee525,2024-09-05,,4577,54924,False,False,annual,True,77.0,2.0,5.0,4.388765957446809
A-9badbd,Company_63,Cybersecurity,DE,2024-06-19,ads,Enterprise,5,True,False,S-c41762,2024-12-21,2024-12-30,11741,140892,False,False,monthly,True,59.0,3.0,5.0,4.388765957446809
A-9badbd,Company_63,Cybersecurity,DE,2024-06-19,ads,Enterprise,5,True,False,S-40d3aa,2024-08-22,,1957,23484,False,False,monthly,True,22.0,1.0,5.0,4.388765957446809
A-9badbd,Company_63,Cybersecurity,DE,2024-06-19,ads,Enterprise,5,True,False,S-78cb5f,2024-12-07,,1393,16716,False,False,monthly,True,18.0,0.0,5.0,4.388765957446809
A-7e0a10,Company_64,FinTech,US,2023-11-18,ads,Enterprise,46,False,False,S-6ceec5,2024-07-24,,874,10488,False,False,annual,True,66.0,3.0,5.0,3.988765957446809
A-7e0a10,Company_64,FinTech,US,2023-11-18,ads,Enterprise,46,False,False,S-7a55d9,2024-01-03,,874,10488,False,False,monthly,True,68.0,2.0,5.0,3.988765957446809
A-7e0a10,Company_64,FinTech,US,2023-11-18,ads,Enterprise,46,False,False,S-c14f97,2024-02-05,,2254,27048,True,False,monthly,True,37.0,2.0,5.0,3.988765957446809
A-7e0a10,Company_64,FinTech,US,2023-11-18,ads,Enterprise,46,False,False,S-2a57b3,2024-06-29,,874,10488,False,False,annual,True,78.0,10.0,5.0,3.988765957446809
A-7e0a10,Company_64,FinTech,US,2023-11-18,ads,Enterprise,46,False,False,S-f030d4,2024-12-30,,13930,167160,False,False,annual,True,87.0,3.0,5.0,3.988765957446809
A-7e0a10,Company_64,FinTech,US,2023-11-18,ads,Enterprise,46,False,False,S-0ac09f,2024-03-09,,9154,109848,False,False,monthly,True,47.0,3.0,5.0,3.988765957446809
A-7e0a10,Company_64,FinTech,US,2023-11-18,ads,Enterprise,46,False,False,S-3f1bb5,2023-12-21,,874,10488,False,False,annual,True,24.0,7.0,5.0,3.988765957446809
A-7e0a10,Company_64,FinTech,US,2023-11-18,ads,Enterprise,46,False,False,S-576aec,2023-12-07,,2254,27048,False,False,monthly,False,10.0,2.0,5.0,3.988765957446809
A-7e0a10,Company_64,FinTech,US,2023-11-18,ads,Enterprise,46,False,False,S-78e1c6,2024-02-28,,9154,109848,False,False,monthly,False,68.0,3.0,5.0,3.988765957446809
A-7e0a10,Company_64,FinTech,US,2023-11-18,ads,Enterprise,46,False,False,S-77befa,2023-11-29,,874,10488,False,False,monthly,False,26.0,0.0,5.0,3.988765957446809
A-118d55,Company_65,Cybersecurity,US,2024-10-22,organic,Basic,8,False,False,S-b9bbfd,2024-11-13,,7164,85968,False,False,monthly,True,73.0,0.0,5.0,4.192510638297873
A-118d55,Company_65,Cybersecurity,US,2024-10-22,organic,Basic,8,False,False,S-34cc51,2024-11-21,,285,3420,False,False,annual,False,12.0,0.0,5.0,4.192510638297873
A-118d55,Company_65,Cybersecurity,US,2024-10-22,organic,Basic,8,False,False,S-a4d121,2024-10-26,,1592,19104,True,False,monthly,True,24.0,1.0,5.0,4.192510638297873
A-118d55,Company_65,Cybersecurity,US,2024-10-22,organic,Basic,8,False,False,S-9cb1f7,2024-12-07,,833,9996,False,True,monthly,True,31.0,2.0,5.0,4.192510638297873
A-118d55,Company_65,Cybersecurity,US,2024-10-22,organic,Basic,8,False,False,S-0b73bd,2024-11-24,,3184,38208,False,True,monthly,False,23.0,0.0,5.0,4.192510638297873
A-118d55,Company_65,Cybersecurity,US,2024-10-22,organic,Basic,8,False,False,S-e2a10c,2024-12-24,,342,4104,True,True,annual,True,19.0,0.0,5.0,4.192510638297873
A-118d55,Company_65,Cybersecurity,US,2024-10-22,organic,Basic,8,False,False,S-7452a4,2024-12-30,2024-12-31,5771,69252,False,False,monthly,True,46.0,6.0,5.0,4.192510638297873
A-118d55,Company_65,Cybersecurity,US,2024-10-22,organic,Basic,8,False,False,S-d7163c,2024-12-27,,539,6468,False,True,monthly,True,68.0,0.0,5.0,4.192510638297873
A-118d55,Company_65,Cybersecurity,US,2024-10-22,organic,Basic,8,False,False,S-43c80c,2024-12-25,,588,7056,False,False,annual,True,57.0,8.0,5.0,4.192510638297873
A-118d55,Company_65,Cybersecurity,US,2024-10-22,organic,Basic,8,False,False,S-2ff628,2024-12-27,,152,1824,True,False,monthly,True,88.0,7.0,5.0,4.192510638297873
A-118d55,Company_65,Cybersecurity,US,2024-10-22,organic,Basic,8,False,False,S-f65381,2024-12-02,,3184,38208,False,False,annual,True,76.0,3.0,5.0,4.192510638297873
A-118d55,Company_65,Cybersecurity,US,2024-10-22,organic,Basic,8,False,False,S-2c64e6,2024-12-24,,285,3420,False,False,monthly,False,82.0,6.0,5.0,4.192510638297873
A-526d93,Company_66,HealthTech,FR,2024-04-14,organic,Basic,43,False,False,S-763384,2024-07-24,,0,0,False,False,annual,True,95.0,7.0,5.0,3.7887659574468087
A-526d93,Company_66,HealthTech,FR,2024-04-14,organic,Basic,43,False,False,S-f4db1d,2024-07-05,,0,0,False,False,annual,True,88.0,9.0,5.0,3.7887659574468087
A-526d93,Company_66,HealthTech,FR,2024-04-14,organic,Basic,43,False,False,S-be53ea,2024-07-28,,2107,25284,False,False,annual,True,93.0,13.0,5.0,3.7887659574468087
A-526d93,Company_66,HealthTech,FR,2024-04-14,organic,Basic,43,False,False,S-70b537,2024-09-26,,8557,102684,True,False,annual,False,39.0,6.0,5.0,3.7887659574468087
A-526d93,Company_66,HealthTech,FR,2024-04-14,organic,Basic,43,False,False,S-87db32,2024-04-24,,9751,117012,False,False,monthly,False,19.0,1.0,5.0,3.7887659574468087
A-526d93,Company_66,HealthTech,FR,2024-04-14,organic,Basic,43,False,False,S-dcc084,2024-10-01,,817,9804,False,False,monthly,True,57.0,3.0,5.0,3.7887659574468087
A-526d93,Company_66,HealthTech,FR,2024-04-14,organic,Basic,43,False,False,S-ee30bb,2024-04-19,,8557,102684,True,False,monthly,False,84.0,3.0,5.0,3.7887659574468087
A-526d93,Company_66,HealthTech,FR,2024-04-14,organic,Basic,43,False,False,S-c2a14b,2024-11-08,2024-11-10,8557,102684,False,False,annual,False,44.0,1.0,5.0,3.7887659574468087
A-526d93,Company_66,HealthTech,FR,2024-04-14,organic,Basic,43,False,False,S-1a2fbc,2024-06-29,,855,10260,False,False,monthly,True,46.0,2.0,5.0,3.7887659574468087
A-f92792,Company_67,FinTech,US,2024-07-04,ads,Pro,1,False,False,S-ca1c21,2024-12-02,,0,0,False,False,annual,False,60.0,3.0,2.0,3.9906382978723407
A-f92792,Company_67,FinTech,US,2024-07-04,ads,Pro,1,False,False,S-3a79ac,2024-11-15,,0,0,False,False,monthly,True,47.0,0.0,2.0,3.9906382978723407
A-f92792,Company_67,FinTech,US,2024-07-04,ads,Pro,1,False,False,S-64dcb7,2024-12-08,,392,4704,False,False,annual,False,55.0,1.0,2.0,3.9906382978723407
A-f92792,Company_67,FinTech,US,2024-07-04,ads,Pro,1,False,False,S-6d09f2,2024-11-24,,57,684,False,False,monthly,True,49.0,4.0,2.0,3.9906382978723407
A-f92792,Company_67,FinTech,US,2024-07-04,ads,Pro,1,False,False,S-9c23e1,2024-09-17,,3582,42984,False,False,annual,True,21.0,1.0,2.0,3.9906382978723407
A-f92792,Company_67,FinTech,US,2024-07-04,ads,Pro,1,False,False,S-1dceca,2024-08-01,,285,3420,False,False,monthly,False,55.0,3.0,2.0,3.9906382978723407
A-f92792,Company_67,FinTech,US,2024-07-04,ads,Pro,1,False,False,S-cb38be,2024-09-05,,38,456,False,True,annual,True,40.0,4.0,2.0,3.9906382978723407
A-f92792,Company_67,FinTech,US,2024-07-04,ads,Pro,1,False,False,S-456829,2024-07-07,,1274,15288,False,False,annual,False,21.0,3.0,2.0,3.9906382978723407
A-f92792,Company_67,FinTech,US,2024-07-04,ads,Pro,1,False,False,S-ab37ae,2024-09-11,,0,0,False,False,monthly,True,65.0,5.0,2.0,3.9906382978723407
A-f92792,Company_67,FinTech,US,2024-07-04,ads,Pro,1,False,False,S-a94ec7,2024-09-17,,342,4104,False,False,monthly,False,30.0,3.0,2.0,3.9906382978723407
A-f92792,Company_67,FinTech,US,2024-07-04,ads,Pro,1,False,False,S-d49a8f,2024-09-30,,4776,57312,False,False,annual,True,46.0,4.0,2.0,3.9906382978723407
A-f92792,Company_67,FinTech,US,2024-07-04,ads,Pro,1,False,False,S-4012d6,2024-10-31,,735,8820,True,False,annual,True,8.0,0.0,2.0,3.9906382978723407
A-f92792,Company_67,FinTech,US,2024-07-04,ads,Pro,1,False,False,S-c61dc9,2024-12-15,,361,4332,False,False,annual,False,27.0,0.0,2.0,3.9906382978723407
A-f92792,Company_67,FinTech,US,2024-07-04,ads,Pro,1,False,False,S-a8a1e8,2024-08-25,,6965,83580,False,False,monthly,True,4.0,0.0,2.0,3.9906382978723407
A-84ebe4,Company_68,FinTech,US,2023-03-12,ads,Pro,18,True,True,S-e3a257,2024-02-14,,882,10584,False,False,annual,True,6.0,2.0,4.0,3.9906382978723407
A-84ebe4,Company_68,FinTech,US,2023-03-12,ads,Pro,18,True,True,S-c2fd82,2024-06-29,2024-11-06,0,0,False,False,monthly,True,39.0,0.0,4.0,3.9906382978723407
A-84ebe4,Company_68,FinTech,US,2023-03-12,ads,Pro,18,True,True,S-a583df,2024-08-07,,8955,107460,False,False,annual,True,84.0,5.0,4.0,3.9906382978723407
A-84ebe4,Company_68,FinTech,US,2023-03-12,ads,Pro,18,True,True,S-7f0419,2023-06-22,,3582,42984,False,False,annual,True,31.0,2.0,4.0,3.9906382978723407
A-84ebe4,Company_68,FinTech,US,2023-03-12,ads,Pro,18,True,True,S-639d60,2024-01-25,,0,0,False,False,annual,True,58.0,6.0,4.0,3.9906382978723407
A-84ebe4,Company_68,FinTech,US,2023-03-12,ads,Pro,18,True,True,S-1170cb,2024-04-19,,882,10584,False,False,annual,True,17.0,1.0,4.0,3.9906382978723407
A-84ebe4,Company_68,FinTech,US,2023-03-12,ads,Pro,18,True,True,S-6bb2c5,2024-11-18,,7164,85968,False,False,monthly,True,52.0,4.0,4.0,3.9906382978723407
A-84ebe4,Company_68,FinTech,US,2023-03-12,ads,Pro,18,True,True,S-2e78ce,2024-04-15,2024-10-22,342,4104,False,False,monthly,True,22.0,1.0,4.0,3.9906382978723407
A-84ebe4,Company_68,FinTech,US,2023-03-12,ads,Pro,18,True,True,S-1cb993,2023-05-10,,342,4104,False,False,annual,True,31.0,3.0,4.0,3.9906382978723407
A-84ebe4,Company_68,FinTech,US,2023-03-12,ads,Pro,18,True,True,S-8738af,2024-03-19,,1666,19992,False,False,monthly,True,36.0,1.0,4.0,3.9906382978723407
A-84ebe4,Company_68,FinTech,US,2023-03-12,ads,Pro,18,True,True,S-6717d6,2023-08-12,,4179,50148,False,False,annual,False,20.0,1.0,4.0,3.9906382978723407
A-5b4ebb,Company_69,Cybersecurity,UK,2024-07-10,other,Basic,21,True,True,S-396a84,2024-10-23,2024-11-27,399,4788,False,False,monthly,False,45.0,4.0,5.0,4.596255319148936
A-5b4ebb,Company_69,Cybersecurity,UK,2024-07-10,other,Basic,21,True,True,S-e2500e,2024-12-06,,0,0,False,False,monthly,True,24.0,1.0,5.0,4.596255319148936
A-5b4ebb,Company_69,Cybersecurity,UK,2024-07-10,other,Basic,21,True,True,S-02cde8,2024-11-21,,12537,150444,False,False,monthly,True,65.0,3.0,5.0,4.596255319148936
A-5b4ebb,Company_69,Cybersecurity,UK,2024-07-10,other,Basic,21,True,True,S-5be27b,2024-10-18,,4179,50148,False,False,annual,True,58.0,2.0,5.0,4.596255319148936
A-5b4ebb,Company_69,Cybersecurity,UK,2024-07-10,other,Basic,21,True,True,S-c8ba3e,2024-09-22,,399,4788,False,False,annual,True,42.0,1.0,5.0,4.596255319148936
A-5b4ebb,Company_69,Cybersecurity,UK,2024-07-10,other,Basic,21,True,True,S-969c1d,2024-07-13,,551,6612,False,False,monthly,True,32.0,0.0,5.0,4.596255319148936
A-5b4ebb,Company_69,Cybersecurity,UK,2024-07-10,other,Basic,21,True,True,S-0cbce0,2024-10-15,,1274,15288,True,False,annual,True,34.0,0.0,5.0,4.596255319148936
A-5b4ebb,Company_69,Cybersecurity,UK,2024-07-10,other,Basic,21,True,True,S-0c9fdd,2024-12-16,,1470,17640,False,False,annual,True,58.0,2.0,5.0,4.596255319148936
A-5b4ebb,Company_69,Cybersecurity,UK,2024-07-10,other,Basic,21,True,True,S-7fca0e,2024-08-21,,988,11856,False,False,annual,True,92.0,2.0,5.0,4.596255319148936
A-5b4ebb,Company_69,Cybersecurity,UK,2024-07-10,other,Basic,21,True,True,S-0a19d1,2024-10-21,,4179,50148,False,False,annual,False,32.0,2.0,5.0,4.596255319148936
A-5b4ebb,Company_69,Cybersecurity,UK,2024-07-10,other,Basic,21,True,True,S-2fed82,2024-07-11,,399,4788,False,False,monthly,True,37.0,0.0,5.0,4.596255319148936
A-5b4ebb,Company_69,Cybersecurity,UK,2024-07-10,other,Basic,21,True,True,S-b04174,2024-10-15,,399,4788,False,False,monthly,True,89.0,5.0,5.0,4.596255319148936
A-5b4ebb,Company_69,Cybersecurity,UK,2024-07-10,other,Basic,21,True,True,S-204d42,2024-10-22,,1029,12348,False,False,monthly,True,84.0,3.0,5.0,4.596255319148936
A-2922b6,Company_70,HealthTech,US,2024-11-14,organic,Basic,15,False,False,S-8dfd77,2024-12-25,,980,11760,True,False,annual,False,65.0,2.0,2.0,3.9906382978723407
A-2922b6,Company_70,HealthTech,US,2024-11-14,organic,Basic,15,False,False,S-36c07b,2024-12-11,,735,8820,False,False,annual,True,47.0,1.0,2.0,3.9906382978723407
A-2922b6,Company_70,HealthTech,US,2024-11-14,organic,Basic,15,False,False,S-5d5a8d,2024-12-17,2024-12-28,735,8820,False,False,annual,True,66.0,2.0,2.0,3.9906382978723407
A-2922b6,Company_70,HealthTech,US,2024-11-14,organic,Basic,15,False,False,S-a2ee32,2024-12-15,,285,3420,False,False,monthly,True,74.0,0.0,2.0,3.9906382978723407
A-2922b6,Company_70,HealthTech,US,2024-11-14,organic,Basic,15,False,False,S-a64940,2024-12-23,,6965,83580,False,False,monthly,True,65.0,7.0,2.0,3.9906382978723407
A-2922b6,Company_70,HealthTech,US,2024-11-14,organic,Basic,15,False,False,S-78554e,2024-12-05,,969,11628,False,False,monthly,True,76.0,1.0,2.0,3.9906382978723407
A-9b9fe9,Company_71,EdTech,AU,2023-09-28,other,Basic,5,False,False,S-0f6f44,2024-06-11,,833,9996,False,False,monthly,True,36.0,6.0,4.0,3.9953191489361704
A-9b9fe9,Company_71,EdTech,AU,2023-09-28,other,Basic,5,False,False,S-066d80,2024-08-17,,245,2940,False,False,monthly,True,0.0,0.0,4.0,3.9953191489361704
A-9b9fe9,Company_71,EdTech,AU,2023-09-28,other,Basic,5,False,False,S-fc9cc3,2024-01-01,,1176,14112,False,False,annual,True,87.0,0.0,4.0,3.9953191489361704
A-9b9fe9,Company_71,EdTech,AU,2023-09-28,other,Basic,5,False,False,S-9aa190,2024-10-17,,627,7524,False,False,annual,True,30.0,0.0,4.0,3.9953191489361704
A-9b9fe9,Company_71,EdTech,AU,2023-09-28,other,Basic,5,False,False,S-4bfe7b,2023-10-16,,0,0,False,False,monthly,True,25.0,0.0,4.0,3.9953191489361704
A-9b9fe9,Company_71,EdTech,AU,2023-09-28,other,Basic,5,False,False,S-7bd2d7,2024-11-28,,9950,119400,False,False,monthly,True,39.0,5.0,4.0,3.9953191489361704
A-9b9fe9,Company_71,EdTech,AU,2023-09-28,other,Basic,5,False,False,S-a06b03,2024-11-19,,3332,39984,False,False,annual,True,60.0,2.0,4.0,3.9953191489361704
A-9b9fe9,Company_71,EdTech,AU,2023-09-28,other,Basic,5,False,False,S-1e8910,2024-05-26,,0,0,False,False,monthly,True,99.0,3.0,4.0,3.9953191489361704
A-9b9fe9,Company_71,EdTech,AU,2023-09-28,other,Basic,5,False,False,S-8eff6d,2023-11-20,,441,5292,False,True,annual,True,41.0,4.0,4.0,3.9953191489361704
A-9b9fe9,Company_71,EdTech,AU,2023-09-28,other,Basic,5,False,False,S-23ccf4,2024-10-27,,1881,22572,False,False,annual,False,88.0,0.0,4.0,3.9953191489361704
A-9b9fe9,Company_71,EdTech,AU,2023-09-28,other,Basic,5,False,False,S-5fe3e5,2023-11-28,,995,11940,False,False,annual,False,36.0,0.0,4.0,3.9953191489361704
A-9b9fe9,Company_71,EdTech,AU,2023-09-28,other,Basic,5,False,False,S-1712e6,2023-12-10,2024-03-01,245,2940,False,False,monthly,True,56.0,2.0,4.0,3.9953191489361704
A-a8b49c,Company_72,Cybersecurity,UK,2023-10-06,partner,Basic,7,False,False,S-48aa95,2024-03-23,,1393,16716,False,False,monthly,True,57.0,6.0,1.0,4.0
A-a8b49c,Company_72,Cybersecurity,UK,2023-10-06,partner,Basic,7,False,False,S-379d32,2024-10-13,,4378,52536,True,False,annual,True,31.0,1.0,1.0,4.0
A-a8b49c,Company_72,Cybersecurity,UK,2023-10-06,partner,Basic,7,False,False,S-ceaff7,2024-02-16,,304,3648,False,False,annual,True,82.0,2.0,1.0,4.0
A-a8b49c,Company_72,Cybersecurity,UK,2023-10-06,partner,Basic,7,False,False,S-2abffe,2024-03-02,,441,5292,False,False,monthly,False,58.0,9.0,1.0,4.0
A-a8b49c,Company_72,Cybersecurity,UK,2023-10-06,partner,Basic,7,False,False,S-b75a31,2023-11-10,,343,4116,False,False,annual,True,26.0,0.0,1.0,4.0
A-a8b49c,Company_72,Cybersecurity,UK,2023-10-06,partner,Basic,7,False,False,S-0c4162,2023-11-24,,0,0,False,False,monthly,True,38.0,1.0,1.0,4.0
A-a8b49c,Company_72,Cybersecurity,UK,2023-10-06,partner,Basic,7,False,False,S-9a85ab,2024-06-02,,570,6840,False,False,annual,True,54.0,4.0,1.0,4.0
A-a8b49c,Company_72,Cybersecurity,UK,2023-10-06,partner,Basic,7,False,False,S-fbc35d,2024-10-17,,343,4116,False,False,annual,True,48.0,10.0,1.0,4.0
A-a8b49c,Company_72,Cybersecurity,UK,2023-10-06,partner,Basic,7,False,False,S-322a59,2024-02-17,,1274,15288,False,False,monthly,True,15.0,2.0,1.0,4.0
A-a8b49c,Company_72,Cybersecurity,UK,2023-10-06,partner,Basic,7,False,False,S-a4142f,2023-10-14,,133,1596,False,False,annual,True,26.0,3.0,1.0,4.0
A-a8b49c,Company_72,Cybersecurity,UK,2023-10-06,partner,Basic,7,False,False,S-964542,2024-09-25,,2388,28656,False,False,annual,True,62.0,4.0,1.0,4.0
A-a8b49c,Company_72,Cybersecurity,UK,2023-10-06,partner,Basic,7,False,False,S-263c1e,2023-12-26,,0,0,False,False,monthly,True,48.0,1.0,1.0,4.0
A-9174e0,Company_73,Cybersecurity,US,2024-12-04,partner,Basic,37,False,False,S-ca454e,2024-12-14,,7363,88356,False,False,monthly,True,30.0,0.0,2.0,4.490638297872341
A-9174e0,Company_73,Cybersecurity,US,2024-12-04,partner,Basic,37,False,False,S-da164e,2024-12-21,,1813,21756,False,False,monthly,True,42.0,2.0,2.0,4.490638297872341
A-9174e0,Company_73,Cybersecurity,US,2024-12-04,partner,Basic,37,False,False,S-5f3359,2024-12-10,,1813,21756,False,False,annual,True,38.0,2.0,2.0,4.490638297872341
A-9174e0,Company_73,Cybersecurity,US,2024-12-04,partner,Basic,37,False,False,S-a1874c,2024-12-09,,1813,21756,False,False,monthly,True,46.0,7.0,2.0,4.490638297872341
A-9174e0,Company_73,Cybersecurity,US,2024-12-04,partner,Basic,37,False,False,S-089fa7,2024-12-16,,7363,88356,False,False,annual,True,10.0,0.0,2.0,4.490638297872341
A-9174e0,Company_73,Cybersecurity,US,2024-12-04,partner,Basic,37,False,False,S-415065,2024-12-24,,7363,88356,False,False,monthly,True,29.0,0.0,2.0,4.490638297872341
A-9174e0,Company_73,Cybersecurity,US,2024-12-04,partner,Basic,37,False,False,S-691bff,2024-12-27,,703,8436,False,False,annual,False,22.0,1.0,2.0,4.490638297872341
A-9174e0,Company_73,Cybersecurity,US,2024-12-04,partner,Basic,37,False,False,S-9df4f6,2024-12-24,,703,8436,True,False,monthly,True,30.0,0.0,2.0,4.490638297872341
A-9174e0,Company_73,Cybersecurity,US,2024-12-04,partner,Basic,37,False,False,S-92afb8,2024-12-28,,7363,88356,True,False,annual,True,122.0,10.0,2.0,4.490638297872341
A-9174e0,Company_73,Cybersecurity,US,2024-12-04,partner,Basic,37,False,False,S-526a2c,2024-12-21,,1813,21756,False,False,monthly,True,95.0,8.0,2.0,4.490638297872341
A-9174e0,Company_73,Cybersecurity,US,2024-12-04,partner,Basic,37,False,False,S-3e0991,2024-12-07,2024-12-14,7363,88356,False,False,monthly,False,26.0,0.0,2.0,4.490638297872341
A-9174e0,Company_73,Cybersecurity,US,2024-12-04,partner,Basic,37,False,False,S-b7c825,2024-12-21,,0,0,False,False,monthly,False,24.0,4.0,2.0,4.490638297872341
A-9174e0,Company_73,Cybersecurity,US,2024-12-04,partner,Basic,37,False,False,S-b60208,2024-12-06,,0,0,False,False,annual,True,44.0,3.0,2.0,4.490638297872341
A-9174e0,Company_73,Cybersecurity,US,2024-12-04,partner,Basic,37,False,False,S-c37ee1,2024-12-08,,1140,13680,False,False,monthly,True,61.0,13.0,2.0,4.490638297872341
A-9174e0,Company_73,Cybersecurity,US,2024-12-04,partner,Basic,37,False,False,S-e6029e,2024-12-19,,7363,88356,False,False,monthly,True,70.0,11.0,2.0,4.490638297872341
A-a1bbb6,Company_74,DevTools,CA,2023-04-05,organic,Basic,1,False,False,S-9a08ff,2023-06-07,,3184,38208,False,False,annual,False,43.0,4.0,3.0,3.9875177304964544
A-a1bbb6,Company_74,DevTools,CA,2023-04-05,organic,Basic,1,False,False,S-737a28,2024-02-26,,392,4704,False,False,monthly,True,70.0,3.0,3.0,3.9875177304964544
A-a1bbb6,Company_74,DevTools,CA,2023-04-05,organic,Basic,1,False,False,S-cc4bf0,2023-05-10,,5572,66864,False,False,annual,False,52.0,6.0,3.0,3.9875177304964544
A-a1bbb6,Company_74,DevTools,CA,2023-04-05,organic,Basic,1,False,False,S-53bced,2023-07-06,2023-11-13,245,2940,False,False,monthly,False,26.0,0.0,3.0,3.9875177304964544
A-a1bbb6,Company_74,DevTools,CA,2023-04-05,organic,Basic,1,False,False,S-68a558,2023-04-17,,1029,12348,False,False,monthly,True,22.0,1.0,3.0,3.9875177304964544
A-a1bbb6,Company_74,DevTools,CA,2023-04-05,organic,Basic,1,False,False,S-d073bb,2023-08-13,,1791,21492,False,False,monthly,True,30.0,6.0,3.0,3.9875177304964544
A-a1bbb6,Company_74,DevTools,CA,2023-04-05,organic,Basic,1,False,False,S-d3efa2,2023-12-21,,2189,26268,False,False,monthly,True,103.0,0.0,3.0,3.9875177304964544
A-a1bbb6,Company_74,DevTools,CA,2023-04-05,organic,Basic,1,False,False,S-37dc91,2024-10-04,,0,0,False,False,annual,True,20.0,0.0,3.0,3.9875177304964544
A-c45b23,Company_75,FinTech,UK,2023-12-08,partner,Basic,5,False,False,S-62f048,2024-02-13,,343,4116,False,False,monthly,True,108.0,0.0,3.0,3.654184397163121
A-c45b23,Company_75,FinTech,UK,2023-12-08,partner,Basic,5,False,False,S-0c46bb,2024-04-09,,228,2736,False,False,annual,True,50.0,9.0,3.0,3.654184397163121
A-c45b23,Company_75,FinTech,UK,2023-12-08,partner,Basic,5,False,False,S-a9fb74,2024-08-04,,0,0,False,False,annual,True,64.0,2.0,3.0,3.654184397163121
A-c45b23,Company_75,FinTech,UK,2023-12-08,partner,Basic,5,False,False,S-2aa395,2024-07-31,,95,1140,False,False,monthly,False,48.0,7.0,3.0,3.654184397163121
A-c45b23,Company_75,FinTech,UK,2023-12-08,partner,Basic,5,False,False,S-0b2faf,2024-07-05,,0,0,False,False,monthly,True,37.0,1.0,3.0,3.654184397163121
A-c45b23,Company_75,FinTech,UK,2023-12-08,partner,Basic,5,False,False,S-061025,2024-11-16,,343,4116,False,False,annual,True,49.0,6.0,3.0,3.654184397163121
A-c45b23,Company_75,FinTech,UK,2023-12-08,partner,Basic,5,False,False,S-a4139f,2024-02-01,,245,2940,False,False,monthly,True,50.0,1.0,3.0,3.654184397163121
A-c45b23,Company_75,FinTech,UK,2023-12-08,partner,Basic,5,False,False,S-a36281,2023-12-29,,152,1824,False,False,monthly,True,59.0,1.0,3.0,3.654184397163121
A-c45b23,Company_75,FinTech,UK,2023-12-08,partner,Basic,5,False,False,S-d71bdd,2024-05-26,,1791,21492,False,False,annual,False,37.0,0.0,3.0,3.654184397163121
A-c45b23,Company_75,FinTech,UK,2023-12-08,partner,Basic,5,False,False,S-2361ec,2024-12-12,2024-12-15,5174,62088,False,False,annual,True,21.0,1.0,3.0,3.654184397163121
A-c45b23,Company_75,FinTech,UK,2023-12-08,partner,Basic,5,False,False,S-d30d10,2024-10-06,,133,1596,False,False,monthly,False,17.0,0.0,3.0,3.654184397163121
A-c45b23,Company_75,FinTech,UK,2023-12-08,partner,Basic,5,False,False,S-08a3ca,2024-09-07,,0,0,False,False,annual,True,41.0,2.0,3.0,3.654184397163121
A-02cd81,Company_76,HealthTech,IN,2024-03-28,other,Basic,44,False,False,S-9b96c2,2024-05-13,,8756,105072,False,False,monthly,True,38.0,0.0,3.0,4.3270921985815605
A-02cd81,Company_76,HealthTech,IN,2024-03-28,other,Basic,44,False,False,S-b95751,2024-04-24,,0,0,False,False,monthly,True,45.0,0.0,3.0,4.3270921985815605
A-02cd81,Company_76,HealthTech,IN,2024-03-28,other,Basic,44,False,False,S-461988,2024-03-28,,836,10032,False,False,annual,False,49.0,2.0,3.0,4.3270921985815605
A-02cd81,Company_76,HealthTech,IN,2024-03-28,other,Basic,44,False,False,S-7c1eb7,2024-05-12,,2156,25872,False,False,monthly,True,43.0,2.0,3.0,4.3270921985815605
A-02cd81,Company_76,HealthTech,IN,2024-03-28,other,Basic,44,False,False,S-567f8f,2024-06-01,,8756,105072,False,False,annual,True,64.0,1.0,3.0,4.3270921985815605
A-02cd81,Company_76,HealthTech,IN,2024-03-28,other,Basic,44,False,False,S-bc4da7,2024-09-10,,0,0,False,False,annual,True,116.0,9.0,3.0,4.3270921985815605
A-02cd81,Company_76,HealthTech,IN,2024-03-28,other,Basic,44,False,False,S-f6f97e,2024-06-29,2024-08-03,2156,25872,False,False,annual,True,66.0,2.0,3.0,4.3270921985815605
A-02cd81,Company_76,HealthTech,IN,2024-03-28,other,Basic,44,False,False,S-18b1f9,2024-08-13,,2156,25872,False,False,monthly,True,55.0,4.0,3.0,4.3270921985815605
A-02cd81,Company_76,HealthTech,IN,2024-03-28,other,Basic,44,False,False,S-afc43d,2024-08-25,,836,10032,False,False,annual,False,37.0,3.0,3.0,4.3270921985815605
A-02cd81,Company_76,HealthTech,IN,2024-03-28,other,Basic,44,False,False,S-4da459,2024-12-29,,2156,25872,False,False,annual,True,47.0,0.0,3.0,4.3270921985815605
A-02cd81,Company_76,HealthTech,IN,2024-03-28,other,Basic,44,False,False,S-32d874,2024-05-04,,2156,25872,False,False,annual,False,38.0,1.0,3.0,4.3270921985815605
A-02cd81,Company_76,HealthTech,IN,2024-03-28,other,Basic,44,False,False,S-36885c,2024-04-07,,0,0,False,False,annual,True,17.0,1.0,3.0,4.3270921985815605
A-02cd81,Company_76,HealthTech,IN,2024-03-28,other,Basic,44,False,False,S-700036,2024-03-31,,836,10032,False,False,annual,True,57.0,3.0,3.0,4.3270921985815605
A-02cd81,Company_76,HealthTech,IN,2024-03-28,other,Basic,44,False,False,S-936fa3,2024-07-16,,2156,25872,False,False,annual,True,12.0,0.0,3.0,4.3270921985815605
A-ee42db,Company_77,EdTech,DE,2023-04-25,ads,Enterprise,13,False,False,S-b15cde,2023-05-01,,637,7644,False,False,monthly,True,39.0,4.0,4.0,3.7359574468085106
A-ee42db,Company_77,EdTech,DE,2023-04-25,ads,Enterprise,13,False,False,S-0921a1,2023-08-02,,418,5016,False,False,annual,True,61.0,3.0,4.0,3.7359574468085106
A-ee42db,Company_77,EdTech,DE,2023-04-25,ads,Enterprise,13,False,False,S-b28ec2,2023-11-03,,627,7524,False,False,monthly,False,40.0,3.0,4.0,3.7359574468085106
A-ee42db,Company_77,EdTech,DE,2023-04-25,ads,Enterprise,13,False,False,S-b81ed3,2024-02-10,,0,0,False,False,annual,True,23.0,0.0,4.0,3.7359574468085106
A-ee42db,Company_77,EdTech,DE,2023-04-25,ads,Enterprise,13,False,False,S-2e84f2,2024-08-10,,2587,31044,False,False,annual,True,31.0,2.0,4.0,3.7359574468085106
A-ee42db,Company_77,EdTech,DE,2023-04-25,ads,Enterprise,13,False,False,S-3196e2,2024-01-15,,0,0,False,False,annual,True,30.0,0.0,4.0,3.7359574468085106
A-ee42db,Company_77,EdTech,DE,2023-04-25,ads,Enterprise,13,False,False,S-056775,2024-06-19,,5635,67620,True,False,annual,True,65.0,3.0,4.0,3.7359574468085106
A-ee42db,Company_77,EdTech,DE,2023-04-25,ads,Enterprise,13,False,False,S-3c9a70,2024-12-22,,570,6840,False,False,monthly,True,34.0,4.0,4.0,3.7359574468085106
A-ee42db,Company_77,EdTech,DE,2023-04-25,ads,Enterprise,13,False,False,S-cfb246,2024-10-25,,0,0,False,False,annual,True,36.0,1.0,4.0,3.7359574468085106
A-ee42db,Company_77,EdTech,DE,2023-04-25,ads,Enterprise,13,False,False,S-cd5968,2023-10-21,,637,7644,False,False,monthly,True,19.0,0.0,4.0,3.7359574468085106
A-ee42db,Company_77,EdTech,DE,2023-04-25,ads,Enterprise,13,False,False,S-d914d8,2023-06-30,,0,0,False,True,monthly,True,90.0,9.0,4.0,3.7359574468085106
A-ee42db,Company_77,EdTech,DE,2023-04-25,ads,Enterprise,13,False,False,S-950c4e,2024-02-20,,456,5472,False,False,annual,True,43.0,4.0,4.0,3.7359574468085106
A-432483,Company_78,Cybersecurity,US,2023-02-06,ads,Pro,4,False,False,S-2e017b,2023-04-02,2023-04-05,245,2940,False,False,annual,True,42.0,2.0,1.0,3.981276595744681
A-432483,Company_78,Cybersecurity,US,2023-02-06,ads,Pro,4,False,False,S-377ced,2023-12-13,,11940,143280,False,False,monthly,False,60.0,4.0,1.0,3.981276595744681
A-432483,Company_78,Cybersecurity,US,2023-02-06,ads,Pro,4,False,False,S-6cdfb7,2024-11-29,,1519,18228,False,False,annual,True,35.0,3.0,1.0,3.981276595744681
A-432483,Company_78,Cybersecurity,US,2023-02-06,ads,Pro,4,False,False,S-26dbbf,2023-12-17,,931,11172,False,False,monthly,True,30.0,1.0,1.0,3.981276595744681
A-432483,Company_78,Cybersecurity,US,2023-02-06,ads,Pro,4,False,False,S-0d497d,2024-01-10,,8159,97908,False,False,annual,True,80.0,8.0,1.0,3.981276595744681
A-432483,Company_78,Cybersecurity,US,2023-02-06,ads,Pro,4,False,False,S-34b845,2024-05-02,,392,4704,False,False,monthly,True,33.0,2.0,1.0,3.981276595744681
A-432483,Company_78,Cybersecurity,US,2023-02-06,ads,Pro,4,False,False,S-e78857,2023-09-09,2024-12-30,1990,23880,True,False,monthly,True,81.0,4.0,1.0,3.981276595744681
A-432483,Company_78,Cybersecurity,US,2023-02-06,ads,Pro,4,False,False,S-40b133,2023-04-11,,0,0,False,False,annual,False,16.0,0.0,1.0,3.981276595744681
A-432483,Company_78,Cybersecurity,US,2023-02-06,ads,Pro,4,False,False,S-67c131,2024-09-02,2024-09-15,637,7644,False,False,annual,True,74.0,4.0,1.0,3.981276595744681
A-9208f0,Company_79,EdTech,US,2023-05-11,organic,Pro,1,False,True,S-92dede,2023-08-28,,76,912,False,False,monthly,True,36.0,2.0,8.0,3.7382978723404254
A-9208f0,Company_79,EdTech,US,2023-05-11,organic,Pro,1,False,True,S-15a058,2023-09-29,2024-04-03,98,1176,False,False,monthly,True,104.0,6.0,8.0,3.7382978723404254
A-9208f0,Company_79,EdTech,US,2023-05-11,organic,Pro,1,False,True,S-eabdce,2023-05-15,,2786,33432,False,False,annual,True,87.0,4.0,8.0,3.7382978723404254
A-9208f0,Company_79,EdTech,US,2023-05-11,organic,Pro,1,False,True,S-e5fdf9,2024-08-09,,0,0,False,False,annual,True,25.0,3.0,8.0,3.7382978723404254
A-9208f0,Company_79,EdTech,US,2023-05-11,organic,Pro,1,False,True,S-c7c366,2023-07-11,,0,0,False,False,monthly,True,50.0,2.0,8.0,3.7382978723404254
A-9208f0,Company_79,EdTech,US,2023-05-11,organic,Pro,1,False,True,S-4c9107,2023-09-19,,76,912,True,False,annual,True,89.0,7.0,8.0,3.7382978723404254
A-9208f0,Company_79,EdTech,US,2023-05-11,organic,Pro,1,False,True,S-5d343c,2023-09-23,,475,5700,False,False,annual,True,52.0,0.0,8.0,3.7382978723404254
A-9208f0,Company_79,EdTech,US,2023-05-11,organic,Pro,1,False,True,S-2f07f6,2024-03-20,,0,0,False,False,monthly,False,95.0,7.0,8.0,3.7382978723404254
A-98a59a,Company_80,FinTech,UK,2023-08-04,partner,Enterprise,56,False,False,S-095083,2023-09-27,,1064,12768,False,False,annual,True,20.0,0.0,3.0,4.3270921985815605
A-98a59a,Company_80,FinTech,UK,2023-08-04,partner,Enterprise,56,False,False,S-b0ed51,2024-08-08,,11144,133728,False,False,monthly,False,76.0,4.0,3.0,4.3270921985815605
A-98a59a,Company_80,FinTech,UK,2023-08-04,partner,Enterprise,56,False,False,S-cd3a01,2024-05-10,,1064,12768,False,False,monthly,False,23.0,0.0,3.0,4.3270921985815605
A-98a59a,Company_80,FinTech,UK,2023-08-04,partner,Enterprise,56,False,False,S-390955,2023-09-02,,2744,32928,False,False,monthly,True,38.0,7.0,3.0,4.3270921985815605
A-98a59a,Company_80,FinTech,UK,2023-08-04,partner,Enterprise,56,False,False,S-a610f6,2023-11-25,,1064,12768,False,False,annual,False,41.0,0.0,3.0,4.3270921985815605
A-98a59a,Company_80,FinTech,UK,2023-08-04,partner,Enterprise,56,False,False,S-3b5458,2024-09-12,,11144,133728,False,False,monthly,True,54.0,0.0,3.0,4.3270921985815605
A-98a59a,Company_80,FinTech,UK,2023-08-04,partner,Enterprise,56,False,False,S-4faeb9,2024-02-16,,2744,32928,True,False,monthly,True,48.0,5.0,3.0,4.3270921985815605
A-98a59a,Company_80,FinTech,UK,2023-08-04,partner,Enterprise,56,False,False,S-2bc860,2023-11-10,,2744,32928,True,False,monthly,False,34.0,0.0,3.0,4.3270921985815605
A-98a59a,Company_80,FinTech,UK,2023-08-04,partner,Enterprise,56,False,False,S-518ce3,2024-08-01,,0,0,False,True,annual,True,78.0,3.0,3.0,4.3270921985815605
A-98a59a,Company_80,FinTech,UK,2023-08-04,partner,Enterprise,56,False,False,S-de3170,2024-10-27,,2744,32928,False,False,annual,True,43.0,2.0,3.0,4.3270921985815605
A-fe79a5,Company_81,HealthTech,IN,2024-02-21,ads,Basic,9,True,False,S-6ed77d,2024-05-22,,1791,21492,False,False,monthly,True,55.0,7.0,4.0,4.490638297872341
A-fe79a5,Company_81,HealthTech,IN,2024-02-21,ads,Basic,9,True,False,S-9bd0ec,2024-12-26,,1791,21492,False,False,annual,True,9.0,0.0,4.0,4.490638297872341
A-fe79a5,Company_81,HealthTech,IN,2024-02-21,ads,Basic,9,True,False,S-c87391,2024-12-08,,0,0,False,False,monthly,True,27.0,2.0,4.0,4.490638297872341
A-fe79a5,Company_81,HealthTech,IN,2024-02-21,ads,Basic,9,True,False,S-49b0da,2024-11-14,,1791,21492,False,False,annual,True,7.0,1.0,4.0,4.490638297872341
A-fe79a5,Company_81,HealthTech,IN,2024-02-21,ads,Basic,9,True,False,S-5ffb84,2024-04-12,,0,0,True,False,monthly,True,27.0,0.0,4.0,4.490638297872341
A-fe79a5,Company_81,HealthTech,IN,2024-02-21,ads,Basic,9,True,False,S-90432a,2024-12-04,2024-12-24,1791,21492,False,False,annual,False,37.0,0.0,4.0,4.490638297872341
A-fe79a5,Company_81,HealthTech,IN,2024-02-21,ads,Basic,9,True,False,S-89d7b0,2024-06-03,,1791,21492,False,False,annual,True,24.0,0.0,4.0,4.490638297872341
A-fe79a5,Company_81,HealthTech,IN,2024-02-21,ads,Basic,9,True,False,S-7bf6d8,2024-03-23,,0,0,False,False,annual,True,36.0,4.0,4.0,4.490638297872341
A-fe79a5,Company_81,HealthTech,IN,2024-02-21,ads,Basic,9,True,False,S-904529,2024-03-02,2024-10-02,0,0,True,False,monthly,True,52.0,2.0,4.0,4.490638297872341
A-fe79a5,Company_81,HealthTech,IN,2024-02-21,ads,Basic,9,True,False,S-2d0d53,2024-09-06,,4577,54924,False,False,annual,True,61.0,1.0,4.0,4.490638297872341
A-726cfa,Company_82,DevTools,US,2023-07-01,partner,Pro,11,False,False,S-fdc415,2023-08-10,,5970,71640,False,False,annual,True,30.0,0.0,3.0,3.993758865248227
A-726cfa,Company_82,DevTools,US,2023-07-01,partner,Pro,11,False,False,S-583ae2,2024-01-05,,323,3876,False,False,annual,False,29.0,0.0,3.0,3.993758865248227
A-726cfa,Company_82,DevTools,US,2023-07-01,partner,Pro,11,False,False,S-ff79f7,2024-08-02,,3781,45372,False,False,monthly,True,49.0,2.0,3.0,3.993758865248227
A-726cfa,Company_82,DevTools,US,2023-07-01,partner,Pro,11,False,False,S-f869a0,2024-02-29,,456,5472,True,False,monthly,True,30.0,2.0,3.0,3.993758865248227
A-726cfa,Company_82,DevTools,US,2023-07-01,partner,Pro,11,False,False,S-c38acd,2024-11-24,,6169,74028,False,False,monthly,True,58.0,7.0,3.0,3.993758865248227
A-726cfa,Company_82,DevTools,US,2023-07-01,partner,Pro,11,False,False,S-afed2d,2024-05-30,2024-12-12,539,6468,False,False,annual,True,105.0,2.0,3.0,3.993758865248227
A-726cfa,Company_82,DevTools,US,2023-07-01,partner,Pro,11,False,False,S-600ea7,2023-11-21,,539,6468,False,False,annual,True,87.0,4.0,3.0,3.993758865248227
A-726cfa,Company_82,DevTools,US,2023-07-01,partner,Pro,11,False,False,S-93ce26,2023-12-03,2024-07-27,0,0,False,False,monthly,True,57.0,2.0,3.0,3.993758865248227
A-726cfa,Company_82,DevTools,US,2023-07-01,partner,Pro,11,False,False,S-d316df,2024-07-12,,627,7524,False,False,annual,True,44.0,0.0,3.0,3.993758865248227
A-726cfa,Company_82,DevTools,US,2023-07-01,partner,Pro,11,False,False,S-9ce22d,2024-08-10,,2058,24696,False,False,monthly,True,136.0,14.0,3.0,3.993758865248227
A-726cfa,Company_82,DevTools,US,2023-07-01,partner,Pro,11,False,False,S-fa0d9e,2024-12-16,,7562,90744,False,False,monthly,False,52.0,0.0,3.0,3.993758865248227
A-726cfa,Company_82,DevTools,US,2023-07-01,partner,Pro,11,False,False,S-748318,2024-11-03,,266,3192,False,False,annual,True,21.0,2.0,3.0,3.993758865248227
A-726cfa,Company_82,DevTools,US,2023-07-01,partner,Pro,11,False,False,S-648618,2023-09-07,,1029,12348,False,False,monthly,False,15.0,0.0,3.0,3.993758865248227
A-726cfa,Company_82,DevTools,US,2023-07-01,partner,Pro,11,False,False,S-55a520,2023-08-26,,1470,17640,False,False,monthly,True,33.0,1.0,3.0,3.993758865248227
A-726cfa,Company_82,DevTools,US,2023-07-01,partner,Pro,11,False,False,S-73cd99,2024-09-06,,0,0,False,False,monthly,True,123.0,7.0,3.0,3.993758865248227
A-726cfa,Company_82,DevTools,US,2023-07-01,partner,Pro,11,False,False,S-61a647,2023-11-01,,539,6468,False,False,annual,True,28.0,0.0,3.0,3.993758865248227
A-726cfa,Company_82,DevTools,US,2023-07-01,partner,Pro,11,False,False,S-207191,2023-07-15,,980,11760,False,False,annual,True,48.0,1.0,3.0,3.993758865248227
A-726cfa,Company_82,DevTools,US,2023-07-01,partner,Pro,11,False,False,S-ed1eb5,2024-01-08,,285,3420,True,False,monthly,True,19.0,1.0,3.0,3.993758865248227
A-726cfa,Company_82,DevTools,US,2023-07-01,partner,Pro,11,False,False,S-6d9705,2024-03-25,,2189,26268,False,False,annual,True,29.0,0.0,3.0,3.993758865248227
A-c43359,Company_83,FinTech,US,2024-11-16,organic,Pro,38,False,False,S-b3c4b8,2024-12-17,,0,0,False,False,annual,True,74.0,4.0,3.0,3.9875177304964544
A-c43359,Company_83,FinTech,US,2024-11-16,organic,Pro,38,False,False,S-3503cb,2024-12-14,,722,8664,False,False,monthly,True,79.0,8.0,3.0,3.9875177304964544
A-c43359,Company_83,FinTech,US,2024-11-16,organic,Pro,38,False,False,S-eec041,2024-12-22,,722,8664,True,False,monthly,True,26.0,2.0,3.0,3.9875177304964544
A-c43359,Company_83,FinTech,US,2024-11-16,organic,Pro,38,False,False,S-18e3a5,2024-11-25,2024-11-28,722,8664,False,False,annual,True,42.0,4.0,3.0,3.9875177304964544
A-c43359,Company_83,FinTech,US,2024-11-16,organic,Pro,38,False,False,S-8b345c,2024-12-10,,0,0,False,True,monthly,True,49.0,5.0,3.0,3.9875177304964544
A-c43359,Company_83,FinTech,US,2024-11-16,organic,Pro,38,False,False,S-09cb75,2024-11-29,2024-12-30,722,8664,False,False,annual,True,76.0,2.0,3.0,3.9875177304964544
A-c43359,Company_83,FinTech,US,2024-11-16,organic,Pro,38,False,False,S-5fe191,2024-12-11,,7562,90744,True,False,annual,True,42.0,1.0,3.0,3.9875177304964544
A-c43359,Company_83,FinTech,US,2024-11-16,organic,Pro,38,False,False,S-c86492,2024-11-18,,1862,22344,False,False,annual,True,73.0,6.0,3.0,3.9875177304964544
A-271f46,Company_84,DevTools,US,2023-02-09,event,Pro,38,False,True,S-c3c85e,2024-10-31,,722,8664,False,False,monthly,True,64.0,4.0,1.0,3.981276595744681
A-271f46,Company_84,DevTools,US,2023-02-09,event,Pro,38,False,True,S-679c73,2024-01-12,,0,0,False,False,monthly,True,79.0,2.0,1.0,3.981276595744681
A-271f46,Company_84,DevTools,US,2023-02-09,event,Pro,38,False,True,S-81d174,2024-05-02,,7562,90744,False,False,annual,True,23.0,1.0,1.0,3.981276595744681
A-271f46,Company_84,DevTools,US,2023-02-09,event,Pro,38,False,True,S-35ff7e,2024-06-09,,722,8664,False,False,annual,True,32.0,4.0,1.0,3.981276595744681
A-271f46,Company_84,DevTools,US,2023-02-09,event,Pro,38,False,True,S-47e122,2023-07-01,,722,8664,False,False,monthly,True,54.0,1.0,1.0,3.981276595744681
A-271f46,Company_84,DevTools,US,2023-02-09,event,Pro,38,False,True,S-3da8ee,2024-11-22,,9154,109848,False,False,monthly,True,69.0,3.0,1.0,3.981276595744681
A-271f46,Company_84,DevTools,US,2023-02-09,event,Pro,38,False,True,S-3e0c24,2023-03-29,,722,8664,False,False,annual,True,21.0,0.0,1.0,3.981276595744681
A-271f46,Company_84,DevTools,US,2023-02-09,event,Pro,38,False,True,S-fa781b,2024-04-25,,0,0,False,False,monthly,True,31.0,1.0,1.0,3.981276595744681
A-157070,Company_85,FinTech,US,2023-11-09,ads,Pro,16,False,False,S-628729,2024-10-05,,4577,54924,False,True,monthly,True,62.0,5.0,3.0,3.654184397163121
A-157070,Company_85,FinTech,US,2023-11-09,ads,Pro,16,False,False,S-8923b3,2024-05-17,,513,6156,False,False,annual,True,103.0,4.0,3.0,3.654184397163121
A-157070,Company_85,FinTech,US,2023-11-09,ads,Pro,16,False,False,S-3e54f5,2023-12-12,,323,3876,False,False,annual,True,24.0,0.0,3.0,3.654184397163121
A-157070,Company_85,FinTech,US,2023-11-09,ads,Pro,16,False,False,S-e1fa5b,2024-12-08,2024-12-25,3184,38208,False,False,monthly,True,9.0,0.0,3.0,3.654184397163121
A-157070,Company_85,FinTech,US,2023-11-09,ads,Pro,16,False,False,S-ffd591,2024-02-11,2024-04-15,323,3876,True,False,monthly,True,11.0,0.0,3.0,3.654184397163121
A-157070,Company_85,FinTech,US,2023-11-09,ads,Pro,16,False,False,S-7a9d40,2024-12-18,2024-12-26,722,8664,False,False,annual,True,18.0,1.0,3.0,3.654184397163121
A-157070,Company_85,FinTech,US,2023-11-09,ads,Pro,16,False,False,S-d0d19f,2024-07-03,,0,0,False,False,annual,True,23.0,0.0,3.0,3.654184397163121
A-157070,Company_85,FinTech,US,2023-11-09,ads,Pro,16,False,False,S-6bde88,2024-09-18,,0,0,False,False,annual,True,28.0,3.0,3.0,3.654184397163121
A-157070,Company_85,FinTech,US,2023-11-09,ads,Pro,16,False,False,S-cd74b9,2024-01-26,,3184,38208,True,False,annual,True,67.0,0.0,3.0,3.654184397163121
A-157070,Company_85,FinTech,US,2023-11-09,ads,Pro,16,False,False,S-9af385,2024-09-26,,513,6156,False,False,monthly,True,41.0,2.0,3.0,3.654184397163121
A-157070,Company_85,FinTech,US,2023-11-09,ads,Pro,16,False,False,S-fcd20b,2024-07-07,,784,9408,False,False,annual,True,45.0,2.0,3.0,3.654184397163121
A-157070,Company_85,FinTech,US,2023-11-09,ads,Pro,16,False,False,S-a63da6,2024-09-10,,1470,17640,False,False,monthly,False,55.0,1.0,3.0,3.654184397163121
A-157070,Company_85,FinTech,US,2023-11-09,ads,Pro,16,False,False,S-bc66af,2024-02-12,2024-10-02,882,10584,False,False,monthly,True,75.0,0.0,3.0,3.654184397163121
A-157070,Company_85,FinTech,US,2023-11-09,ads,Pro,16,False,False,S-65bb33,2024-08-26,,3184,38208,False,False,annual,False,40.0,3.0,3.0,3.654184397163121
A-157070,Company_85,FinTech,US,2023-11-09,ads,Pro,16,False,False,S-7826c1,2024-07-23,,882,10584,False,False,monthly,True,41.0,4.0,3.0,3.654184397163121
A-157070,Company_85,FinTech,US,2023-11-09,ads,Pro,16,False,False,S-804965,2024-03-31,,6965,83580,False,False,monthly,True,54.0,1.0,3.0,3.654184397163121
A-40a557,Company_86,Cybersecurity,AU,2023-12-03,partner,Pro,16,True,False,S-6762fa,2024-02-12,,3184,38208,False,False,annual,True,61.0,2.0,7.0,3.8464437689969606
A-40a557,Company_86,Cybersecurity,AU,2023-12-03,partner,Pro,16,True,False,S-388f70,2024-09-21,,0,0,False,False,annual,True,60.0,3.0,7.0,3.8464437689969606
A-40a557,Company_86,Cybersecurity,AU,2023-12-03,partner,Pro,16,True,False,S-934f6d,2024-11-23,,784,9408,False,False,monthly,True,39.0,0.0,7.0,3.8464437689969606
A-40a557,Company_86,Cybersecurity,AU,2023-12-03,partner,Pro,16,True,False,S-20d02a,2024-01-11,2024-01-16,3184,38208,False,False,annual,True,69.0,3.0,7.0,3.8464437689969606
A-40a557,Company_86,Cybersecurity,AU,2023-12-03,partner,Pro,16,True,False,S-f5fcc9,2024-06-06,,784,9408,False,False,monthly,True,48.0,2.0,7.0,3.8464437689969606
A-40a557,Company_86,Cybersecurity,AU,2023-12-03,partner,Pro,16,True,False,S-ecefa1,2024-06-26,,475,5700,False,False,monthly,True,43.0,1.0,7.0,3.8464437689969606
A-40a557,Company_86,Cybersecurity,AU,2023-12-03,partner,Pro,16,True,False,S-a25d8b,2024-03-24,,10945,131340,False,False,monthly,True,17.0,2.0,7.0,3.8464437689969606
A-40a557,Company_86,Cybersecurity,AU,2023-12-03,partner,Pro,16,True,False,S-d71a1f,2024-11-03,,784,9408,True,False,annual,True,19.0,0.0,7.0,3.8464437689969606
A-40a557,Company_86,Cybersecurity,AU,2023-12-03,partner,Pro,16,True,False,S-12a13c,2024-12-14,,3184,38208,False,False,monthly,True,46.0,4.0,7.0,3.8464437689969606
A-66224b,Company_87,HealthTech,US,2024-10-18,other,Pro,92,True,False,S-abd244,2024-12-05,,1748,20976,False,False,monthly,False,50.0,4.0,6.0,3.5
A-66224b,Company_87,HealthTech,US,2024-10-18,other,Pro,92,True,False,S-f7b0e0,2024-11-24,,1748,20976,False,False,annual,True,47.0,0.0,6.0,3.5
A-66224b,Company_87,HealthTech,US,2024-10-18,other,Pro,92,True,False,S-2b4a26,2024-11-20,,0,0,False,False,annual,False,41.0,5.0,6.0,3.5
A-66224b,Company_87,HealthTech,US,2024-10-18,other,Pro,92,True,False,S-c5a75d,2024-12-18,,4508,54096,False,False,annual,True,101.0,7.0,6.0,3.5
A-66224b,Company_87,HealthTech,US,2024-10-18,other,Pro,92,True,False,S-f9bd62,2024-12-27,,0,0,False,False,monthly,True,45.0,0.0,6.0,3.5
A-66224b,Company_87,HealthTech,US,2024-10-18,other,Pro,92,True,False,S-a2d132,2024-11-28,,0,0,False,False,annual,True,65.0,1.0,6.0,3.5
A-66224b,Company_87,HealthTech,US,2024-10-18,other,Pro,92,True,False,S-b465a7,2024-10-20,,18308,219696,False,False,monthly,True,27.0,6.0,6.0,3.5
A-66224b,Company_87,HealthTech,US,2024-10-18,other,Pro,92,True,False,S-f25e72,2024-11-13,,4508,54096,False,False,annual,True,46.0,1.0,6.0,3.5
A-66224b,Company_87,HealthTech,US,2024-10-18,other,Pro,92,True,False,S-e5c35c,2024-11-27,,18308,219696,False,False,monthly,True,35.0,0.0,6.0,3.5
A-66224b,Company_87,HealthTech,US,2024-10-18,other,Pro,92,True,False,S-021985,2024-12-22,2024-12-30,18308,219696,False,False,monthly,False,56.0,3.0,6.0,3.5
A-66224b,Company_87,HealthTech,US,2024-10-18,other,Pro,92,True,False,S-e88276,2024-12-06,,1748,20976,False,False,monthly,True,59.0,2.0,6.0,3.5
A-66224b,Company_87,HealthTech,US,2024-10-18,other,Pro,92,True,False,S-d859b7,2024-12-30,,0,0,False,False,annual,True,54.0,0.0,6.0,3.5
A-91e948,Company_88,EdTech,AU,2023-01-29,partner,Basic,41,False,False,S-a24476,2024-01-26,,0,0,False,False,monthly,True,39.0,1.0,0.0,3.981276595744681
A-91e948,Company_88,EdTech,AU,2023-01-29,partner,Basic,41,False,False,S-e2e052,2023-11-07,,2009,24108,False,False,monthly,True,84.0,0.0,0.0,3.981276595744681
A-91e948,Company_88,EdTech,AU,2023-01-29,partner,Basic,41,False,False,S-61a87e,2023-08-14,,779,9348,False,False,monthly,True,48.0,0.0,0.0,3.981276595744681
A-91e948,Company_88,EdTech,AU,2023-01-29,partner,Basic,41,False,False,S-c14b9d,2023-12-06,,779,9348,False,False,monthly,True,86.0,4.0,0.0,3.981276595744681
A-91e948,Company_88,EdTech,AU,2023-01-29,partner,Basic,41,False,False,S-683e1e,2024-11-09,,8159,97908,False,False,monthly,True,25.0,1.0,0.0,3.981276595744681
A-91e948,Company_88,EdTech,AU,2023-01-29,partner,Basic,41,False,False,S-7fb77e,2023-11-10,,2009,24108,True,False,annual,True,24.0,0.0,0.0,3.981276595744681
A-91e948,Company_88,EdTech,AU,2023-01-29,partner,Basic,41,False,False,S-92ae0a,2024-07-11,,8159,97908,True,False,monthly,True,98.0,10.0,0.0,3.981276595744681
A-104f1a,Company_89,Cybersecurity,US,2024-08-17,other,Pro,24,False,False,S-2dad6b,2024-12-20,,646,7752,False,False,monthly,True,31.0,2.0,5.0,3.796255319148936
A-104f1a,Company_89,Cybersecurity,US,2024-08-17,other,Pro,24,False,False,S-b2238e,2024-11-16,,456,5472,False,False,monthly,True,36.0,0.0,5.0,3.796255319148936
A-104f1a,Company_89,Cybersecurity,US,2024-08-17,other,Pro,24,False,False,S-7c81dd,2024-09-05,,1960,23520,False,False,monthly,True,45.0,3.0,5.0,3.796255319148936
A-104f1a,Company_89,Cybersecurity,US,2024-08-17,other,Pro,24,False,False,S-842582,2024-09-24,,0,0,False,False,annual,True,66.0,3.0,5.0,3.796255319148936
A-104f1a,Company_89,Cybersecurity,US,2024-08-17,other,Pro,24,False,False,S-457217,2024-12-18,,1176,14112,False,False,monthly,True,75.0,5.0,5.0,3.796255319148936
A-104f1a,Company_89,Cybersecurity,US,2024-08-17,other,Pro,24,False,False,S-d83789,2024-12-10,,1176,14112,False,False,monthly,True,70.0,2.0,5.0,3.796255319148936
A-104f1a,Company_89,Cybersecurity,US,2024-08-17,other,Pro,24,False,False,S-9ee11d,2024-10-11,,1176,14112,False,False,monthly,True,56.0,5.0,5.0,3.796255319148936
A-104f1a,Company_89,Cybersecurity,US,2024-08-17,other,Pro,24,False,False,S-59f0a6,2024-09-02,2024-11-28,6027,72324,False,False,monthly,False,59.0,2.0,5.0,3.796255319148936
A-7988d1,Company_90,Cybersecurity,US,2023-12-20,other,Basic,33,False,False,S-c84c8d,2024-08-18,,0,0,False,False,annual,True,51.0,9.0,3.0,4.333333333333333
A-7988d1,Company_90,Cybersecurity,US,2023-12-20,other,Basic,33,False,False,S-891ad9,2024-12-03,,0,0,False,False,monthly,True,21.0,0.0,3.0,4.333333333333333
A-7988d1,Company_90,Cybersecurity,US,2023-12-20,other,Basic,33,False,False,S-6fd24b,2024-08-19,,6567,78804,False,False,monthly,True,46.0,4.0,3.0,4.333333333333333
A-7988d1,Company_90,Cybersecurity,US,2023-12-20,other,Basic,33,False,False,S-f4019e,2024-09-28,2024-11-16,627,7524,False,False,monthly,False,30.0,0.0,3.0,4.333333333333333
A-7988d1,Company_90,Cybersecurity,US,2023-12-20,other,Basic,33,False,False,S-5163bd,2024-05-18,,627,7524,False,False,annual,True,69.0,1.0,3.0,4.333333333333333
A-7988d1,Company_90,Cybersecurity,US,2023-12-20,other,Basic,33,False,False,S-bc2ca5,2024-04-29,,627,7524,False,False,monthly,True,59.0,2.0,3.0,4.333333333333333
A-7988d1,Company_90,Cybersecurity,US,2023-12-20,other,Basic,33,False,False,S-d4e525,2024-07-25,,627,7524,False,False,annual,True,40.0,6.0,3.0,4.333333333333333
A-7988d1,Company_90,Cybersecurity,US,2023-12-20,other,Basic,33,False,False,S-6b977f,2024-08-25,,1617,19404,False,False,monthly,False,80.0,1.0,3.0,4.333333333333333
A-7988d1,Company_90,Cybersecurity,US,2023-12-20,other,Basic,33,False,False,S-409beb,2024-03-12,,0,0,False,False,annual,True,53.0,5.0,3.0,4.333333333333333
A-faa28c,Company_91,HealthTech,US,2024-01-30,organic,Enterprise,48,False,False,S-f5c472,2024-07-09,,912,10944,False,False,monthly,True,28.0,0.0,4.0,4.49531914893617
A-faa28c,Company_91,HealthTech,US,2024-01-30,organic,Enterprise,48,False,False,S-f75ac4,2024-02-17,,0,0,False,False,annual,True,28.0,0.0,4.0,4.49531914893617
A-faa28c,Company_91,HealthTech,US,2024-01-30,organic,Enterprise,48,False,False,S-1b8300,2024-05-23,,0,0,True,False,monthly,True,43.0,0.0,4.0,4.49531914893617
A-faa28c,Company_91,HealthTech,US,2024-01-30,organic,Enterprise,48,False,False,S-f4097a,2024-06-06,,9552,114624,False,False,monthly,False,52.0,7.0,4.0,4.49531914893617
A-faa28c,Company_91,HealthTech,US,2024-01-30,organic,Enterprise,48,False,False,S-de9ce0,2024-08-06,2024-12-26,9552,114624,False,False,annual,True,48.0,2.0,4.0,4.49531914893617
A-faa28c,Company_91,HealthTech,US,2024-01-30,organic,Enterprise,48,False,False,S-41f762,2024-02-15,,0,0,False,False,monthly,True,6.0,0.0,4.0,4.49531914893617
A-faa28c,Company_91,HealthTech,US,2024-01-30,organic,Enterprise,48,False,False,S-b63db8,2024-09-18,,9552,114624,False,False,monthly,False,44.0,1.0,4.0,4.49531914893617
A-faa28c,Company_91,HealthTech,US,2024-01-30,organic,Enterprise,48,False,False,S-f554b0,2024-11-30,,9552,114624,True,False,annual,True,35.0,0.0,4.0,4.49531914893617
A-faa28c,Company_91,HealthTech,US,2024-01-30,organic,Enterprise,48,False,False,S-08a3d4,2024-09-11,,931,11172,False,False,annual,True,82.0,1.0,4.0,4.49531914893617
A-faa28c,Company_91,HealthTech,US,2024-01-30,organic,Enterprise,48,False,False,S-92dbcc,2024-12-25,,2352,28224,False,False,monthly,True,42.0,2.0,4.0,4.49531914893617
A-faa28c,Company_91,HealthTech,US,2024-01-30,organic,Enterprise,48,False,False,S-084f4a,2024-02-05,2024-10-13,9552,114624,False,False,monthly,False,76.0,4.0,4.0,4.49531914893617
A-faa28c,Company_91,HealthTech,US,2024-01-30,organic,Enterprise,48,False,False,S-04ec2f,2024-02-11,,2352,28224,False,False,annual,True,26.0,3.0,4.0,4.49531914893617
A-faa28c,Company_91,HealthTech,US,2024-01-30,organic,Enterprise,48,False,False,S-d9821f,2024-06-20,,912,10944,False,False,annual,True,42.0,3.0,4.0,4.49531914893617
A-faa28c,Company_91,HealthTech,US,2024-01-30,organic,Enterprise,48,False,False,S-0fc72f,2024-02-23,,3185,38220,True,False,annual,True,33.0,1.0,4.0,4.49531914893617
A-f25509,Company_92,EdTech,US,2024-03-22,other,Enterprise,32,False,False,S-a3a1c1,2024-10-02,,2303,27636,False,False,monthly,True,52.0,4.0,6.0,4.323971631205674
A-f25509,Company_92,EdTech,US,2024-03-22,other,Enterprise,32,False,False,S-3632aa,2024-05-28,,6368,76416,False,False,monthly,True,27.0,1.0,6.0,4.323971631205674
A-f25509,Company_92,EdTech,US,2024-03-22,other,Enterprise,32,False,False,S-f316d5,2024-12-26,,1083,12996,False,True,annual,True,27.0,1.0,6.0,4.323971631205674
A-f25509,Company_92,EdTech,US,2024-03-22,other,Enterprise,32,False,False,S-7c24f6,2024-06-16,,0,0,False,False,annual,False,87.0,7.0,6.0,4.323971631205674
A-f25509,Company_92,EdTech,US,2024-03-22,other,Enterprise,32,False,False,S-864b0c,2024-07-14,,6368,76416,False,False,annual,True,36.0,2.0,6.0,4.323971631205674
A-3a7284,Company_93,FinTech,US,2024-11-17,organic,Enterprise,31,False,False,S-321498,2024-12-25,2024-12-31,0,0,False,False,monthly,True,26.0,1.0,3.0,3.660425531914894
A-3a7284,Company_93,FinTech,US,2024-11-17,organic,Enterprise,31,False,False,S-078e94,2024-11-28,,6169,74028,False,False,monthly,True,70.0,2.0,3.0,3.660425531914894
A-3a7284,Company_93,FinTech,US,2024-11-17,organic,Enterprise,31,False,False,S-c9d323,2024-12-12,,1519,18228,False,False,monthly,True,42.0,3.0,3.0,3.660425531914894
A-3a7284,Company_93,FinTech,US,2024-11-17,organic,Enterprise,31,False,False,S-4eef1a,2024-12-18,,589,7068,False,False,monthly,True,51.0,6.0,3.0,3.660425531914894
A-3a7284,Company_93,FinTech,US,2024-11-17,organic,Enterprise,31,False,False,S-235670,2024-12-15,,6567,78804,False,True,monthly,True,32.0,1.0,3.0,3.660425531914894
A-3a7284,Company_93,FinTech,US,2024-11-17,organic,Enterprise,31,False,False,S-9a4589,2024-12-15,,1519,18228,False,False,annual,True,49.0,4.0,3.0,3.660425531914894
A-3a7284,Company_93,FinTech,US,2024-11-17,organic,Enterprise,31,False,False,S-da0b9b,2024-12-21,2024-12-23,1617,19404,False,False,annual,True,56.0,5.0,3.0,3.660425531914894
A-3a7284,Company_93,FinTech,US,2024-11-17,organic,Enterprise,31,False,False,S-7be036,2024-12-28,,1519,18228,True,False,annual,True,35.0,2.0,3.0,3.660425531914894
A-3a7284,Company_93,FinTech,US,2024-11-17,organic,Enterprise,31,False,False,S-a3b329,2024-12-23,,703,8436,False,True,monthly,False,74.0,5.0,3.0,3.660425531914894
A-3a7284,Company_93,FinTech,US,2024-11-17,organic,Enterprise,31,False,False,S-debbee,2024-11-28,2024-12-11,1387,16644,False,False,annual,True,43.0,0.0,3.0,3.660425531914894
A-3a7284,Company_93,FinTech,US,2024-11-17,organic,Enterprise,31,False,False,S-522a6f,2024-11-30,,7761,93132,False,False,annual,True,77.0,1.0,3.0,3.660425531914894
A-3a7284,Company_93,FinTech,US,2024-11-17,organic,Enterprise,31,False,False,S-02d6c8,2024-12-05,,6169,74028,False,False,monthly,True,54.0,0.0,3.0,3.660425531914894
A-3a5ad8,Company_94,HealthTech,US,2023-12-05,organic,Enterprise,9,True,False,S-79a9e1,2024-12-25,,0,0,False,False,annual,True,14.0,0.0,4.0,4.240638297872341
A-3a5ad8,Company_94,HealthTech,US,2023-12-05,organic,Enterprise,9,True,False,S-bb1cf1,2024-09-07,,0,0,True,False,monthly,False,40.0,3.0,4.0,4.240638297872341
A-3a5ad8,Company_94,HealthTech,US,2023-12-05,organic,Enterprise,9,True,False,S-b15faf,2024-05-15,,1805,21660,False,False,monthly,True,40.0,0.0,4.0,4.240638297872341
A-3a5ad8,Company_94,HealthTech,US,2023-12-05,organic,Enterprise,9,True,False,S-d1ef4d,2023-12-18,,0,0,False,False,annual,True,31.0,0.0,4.0,4.240638297872341
A-3a5ad8,Company_94,HealthTech,US,2023-12-05,organic,Enterprise,9,True,False,S-be86e3,2024-01-14,,2189,26268,False,True,annual,True,71.0,6.0,4.0,4.240638297872341
A-3a5ad8,Company_94,HealthTech,US,2023-12-05,organic,Enterprise,9,True,False,S-9cca23,2024-12-20,,1791,21492,False,False,monthly,True,33.0,1.0,4.0,4.240638297872341
A-3a5ad8,Company_94,HealthTech,US,2023-12-05,organic,Enterprise,9,True,False,S-148506,2024-01-01,,171,2052,False,False,annual,True,38.0,7.0,4.0,4.240638297872341
A-3a5ad8,Company_94,HealthTech,US,2023-12-05,organic,Enterprise,9,True,False,S-d1f12e,2024-02-15,,6169,74028,False,False,monthly,True,20.0,0.0,4.0,4.240638297872341
A-3a5ad8,Company_94,HealthTech,US,2023-12-05,organic,Enterprise,9,True,False,S-8106d9,2024-11-06,,1764,21168,False,False,monthly,False,70.0,1.0,4.0,4.240638297872341
A-3a5ad8,Company_94,HealthTech,US,2023-12-05,organic,Enterprise,9,True,False,S-a82909,2024-11-19,,13930,167160,False,False,annual,True,61.0,1.0,4.0,4.240638297872341
A-3a5ad8,Company_94,HealthTech,US,2023-12-05,organic,Enterprise,9,True,False,S-6e177f,2024-05-17,,441,5292,False,False,monthly,True,45.0,4.0,4.0,4.240638297872341
A-3a5ad8,Company_94,HealthTech,US,2023-12-05,organic,Enterprise,9,True,False,S-0f15b7,2024-04-16,,441,5292,False,False,monthly,True,38.0,0.0,4.0,4.240638297872341
A-3a5ad8,Company_94,HealthTech,US,2023-12-05,organic,Enterprise,9,True,False,S-306a99,2024-03-31,,0,0,False,False,monthly,True,5.0,0.0,4.0,4.240638297872341
A-65a46c,Company_95,HealthTech,US,2023-11-04,event,Pro,1,False,False,S-0267b7,2024-10-17,2024-12-04,0,0,False,False,monthly,True,49.0,2.0,8.0,3.9929787234042555
A-65a46c,Company_95,HealthTech,US,2023-11-04,event,Pro,1,False,False,S-2fc8fa,2024-08-10,,637,7644,True,False,monthly,False,44.0,4.0,8.0,3.9929787234042555
A-65a46c,Company_95,HealthTech,US,2023-11-04,event,Pro,1,False,False,S-f9b1d0,2024-03-07,,342,4104,False,False,monthly,True,36.0,0.0,8.0,3.9929787234042555
A-65a46c,Company_95,HealthTech,US,2023-11-04,event,Pro,1,False,False,S-6f75be,2024-03-05,,15522,186264,False,False,monthly,True,9.0,0.0,8.0,3.9929787234042555
A-65a46c,Company_95,HealthTech,US,2023-11-04,event,Pro,1,False,False,S-21393c,2024-04-14,,1791,21492,True,False,monthly,True,76.0,4.0,8.0,3.9929787234042555
A-65a46c,Company_95,HealthTech,US,2023-11-04,event,Pro,1,False,False,S-26bf58,2024-05-05,,1813,21756,False,False,monthly,True,26.0,2.0,8.0,3.9929787234042555
A-65a46c,Company_95,HealthTech,US,2023-11-04,event,Pro,1,False,False,S-21bd9b,2024-12-24,,1715,20580,False,False,annual,True,69.0,4.0,8.0,3.9929787234042555
A-65a46c,Company_95,HealthTech,US,2023-11-04,event,Pro,1,False,False,S-392e05,2024-03-10,,855,10260,False,False,annual,True,61.0,5.0,8.0,3.9929787234042555
A-8b25f2,Company_96,Cybersecurity,US,2024-02-17,ads,Pro,6,False,True,S-b6f87e,2024-09-30,,190,2280,False,False,annual,True,34.0,1.0,2.0,4.0
A-8b25f2,Company_96,Cybersecurity,US,2024-02-17,ads,Pro,6,False,True,S-baba71,2024-05-03,,1990,23880,False,False,monthly,True,15.0,0.0,2.0,4.0
A-8b25f2,Company_96,Cybersecurity,US,2024-02-17,ads,Pro,6,False,True,S-4cdee1,2024-02-19,,0,0,False,False,monthly,True,43.0,2.0,2.0,4.0
A-8b25f2,Company_96,Cybersecurity,US,2024-02-17,ads,Pro,6,False,True,S-8b721c,2024-09-14,,5572,66864,False,False,annual,True,72.0,0.0,2.0,4.0
A-8b25f2,Company_96,Cybersecurity,US,2024-02-17,ads,Pro,6,False,True,S-5cba26,2024-07-30,,114,1368,False,False,monthly,True,69.0,4.0,2.0,4.0
A-8b25f2,Company_96,Cybersecurity,US,2024-02-17,ads,Pro,6,False,True,S-3965a4,2024-10-08,2024-10-18,893,10716,False,True,annual,True,53.0,1.0,2.0,4.0
A-8b25f2,Company_96,Cybersecurity,US,2024-02-17,ads,Pro,6,False,True,S-96e431,2024-03-23,,294,3528,False,False,annual,True,33.0,0.0,2.0,4.0
A-8b25f2,Company_96,Cybersecurity,US,2024-02-17,ads,Pro,6,False,True,S-654529,2024-10-17,,0,0,False,False,annual,True,34.0,1.0,2.0,4.0
A-8b25f2,Company_96,Cybersecurity,US,2024-02-17,ads,Pro,6,False,True,S-f5ce8e,2024-12-15,,2587,31044,False,False,monthly,True,12.0,0.0,2.0,4.0
A-8b25f2,Company_96,Cybersecurity,US,2024-02-17,ads,Pro,6,False,True,S-81a509,2024-09-10,,209,2508,True,False,annual,True,51.0,7.0,2.0,4.0
A-8b25f2,Company_96,Cybersecurity,US,2024-02-17,ads,Pro,6,False,True,S-c881bc,2024-05-02,2024-07-19,190,2280,False,False,monthly,True,28.0,0.0,2.0,4.0
A-8b25f2,Company_96,Cybersecurity,US,2024-02-17,ads,Pro,6,False,True,S-bf6d7b,2024-12-08,,1421,17052,False,True,annual,True,55.0,2.0,2.0,4.0
A-8b25f2,Company_96,Cybersecurity,US,2024-02-17,ads,Pro,6,False,True,S-329db8,2024-05-22,,588,7056,False,False,monthly,True,66.0,2.0,2.0,4.0
A-fabe19,Company_97,DevTools,UK,2024-11-11,ads,Enterprise,1,False,False,S-36ee88,2024-11-23,,6169,74028,False,False,monthly,True,72.0,5.0,3.0,3.9875177304964544
A-fabe19,Company_97,DevTools,UK,2024-11-11,ads,Enterprise,1,False,False,S-e0a4c5,2024-12-26,,0,0,True,False,monthly,False,53.0,1.0,3.0,3.9875177304964544
A-fabe19,Company_97,DevTools,UK,2024-11-11,ads,Enterprise,1,False,False,S-374d5f,2024-11-24,,995,11940,False,False,annual,True,31.0,1.0,3.0,3.9875177304964544
A-fabe19,Company_97,DevTools,UK,2024-11-11,ads,Enterprise,1,False,False,S-873a22,2024-12-16,,2388,28656,True,False,monthly,False,24.0,0.0,3.0,3.9875177304964544
A-fabe19,Company_97,DevTools,UK,2024-11-11,ads,Enterprise,1,False,False,S-c25d2f,2024-12-12,2024-12-27,6368,76416,False,False,annual,True,84.0,7.0,3.0,3.9875177304964544
A-fabe19,Company_97,DevTools,UK,2024-11-11,ads,Enterprise,1,False,False,S-c8a4ff,2024-12-24,2024-12-29,4577,54924,False,False,annual,False,23.0,0.0,3.0,3.9875177304964544
A-fabe19,Company_97,DevTools,UK,2024-11-11,ads,Enterprise,1,False,False,S-20152a,2024-12-20,,0,0,False,False,annual,False,50.0,2.0,3.0,3.9875177304964544
A-adc1f3,Company_98,Cybersecurity,US,2024-08-05,organic,Pro,2,False,False,S-0d0202,2024-09-04,2024-09-16,9950,119400,False,False,annual,True,90.0,8.0,3.0,3.660425531914894
A-adc1f3,Company_98,Cybersecurity,US,2024-08-05,organic,Pro,2,False,False,S-b821f4,2024-12-21,,995,11940,False,False,monthly,True,27.0,4.0,3.0,3.660425531914894
A-adc1f3,Company_98,Cybersecurity,US,2024-08-05,organic,Pro,2,False,False,S-7c727c,2024-08-28,,1592,19104,False,False,annual,False,18.0,0.0,3.0,3.660425531914894
A-adc1f3,Company_98,Cybersecurity,US,2024-08-05,organic,Pro,2,False,False,S-50e9f3,2024-08-10,,1194,14328,False,False,annual,True,37.0,0.0,3.0,3.660425531914894
A-adc1f3,Company_98,Cybersecurity,US,2024-08-05,organic,Pro,2,False,False,S-474001,2024-12-19,,98,1176,False,False,annual,False,0.0,0.0,3.0,3.660425531914894
A-adc1f3,Company_98,Cybersecurity,US,2024-08-05,organic,Pro,2,False,False,S-dcf449,2024-11-20,,9950,119400,False,False,annual,True,33.0,4.0,3.0,3.660425531914894
A-adc1f3,Company_98,Cybersecurity,US,2024-08-05,organic,Pro,2,False,False,S-15e705,2024-12-18,,441,5292,False,False,annual,True,25.0,5.0,3.0,3.660425531914894
A-adc1f3,Company_98,Cybersecurity,US,2024-08-05,organic,Pro,2,False,False,S-2b608a,2024-09-18,,0,0,False,False,monthly,True,34.0,0.0,3.0,3.660425531914894
A-adc1f3,Company_98,Cybersecurity,US,2024-08-05,organic,Pro,2,False,False,S-b1e72a,2024-12-12,,2388,28656,False,False,monthly,True,70.0,5.0,3.0,3.660425531914894
A-503d5a,Company_99,FinTech,US,2023-10-21,other,Enterprise,4,False,True,S-e162d0,2023-12-18,,0,0,False,False,monthly,True,120.0,8.0,9.0,3.9875177304964544
A-503d5a,Company_99,FinTech,US,2023-10-21,other,Enterprise,4,False,True,S-78ffdd,2023-11-07,,2388,28656,False,False,monthly,True,76.0,5.0,9.0,3.9875177304964544
A-503d5a,Company_99,FinTech,US,2023-10-21,other,Enterprise,4,False,True,S-9a6596,2023-10-21,,931,11172,False,True,monthly,True,71.0,2.0,9.0,3.9875177304964544
A-503d5a,Company_99,FinTech,US,2023-10-21,other,Enterprise,4,False,True,S-b10cfa,2024-06-28,,294,3528,False,False,monthly,True,35.0,0.0,9.0,3.9875177304964544
A-503d5a,Company_99,FinTech,US,2023-10-21,other,Enterprise,4,False,True,S-cfa635,2024-03-07,,950,11400,False,False,monthly,True,31.0,0.0,9.0,3.9875177304964544
A-503d5a,Company_99,FinTech,US,2023-10-21,other,Enterprise,4,False,True,S-d96652,2024-05-01,,0,0,False,False,monthly,True,26.0,3.0,9.0,3.9875177304964544
A-503d5a,Company_99,FinTech,US,2023-10-21,other,Enterprise,4,False,True,S-88338a,2024-12-19,,11144,133728,False,False,annual,False,9.0,0.0,9.0,3.9875177304964544
A-503d5a,Company_99,FinTech,US,2023-10-21,other,Enterprise,4,False,True,S-5a75eb,2024-11-22,,190,2280,False,False,monthly,True,44.0,1.0,9.0,3.9875177304964544
A-503d5a,Company_99,FinTech,US,2023-10-21,other,Enterprise,4,False,True,S-2d5c04,2024-03-27,,995,11940,False,False,monthly,True,58.0,5.0,9.0,3.9875177304964544
A-503d5a,Company_99,FinTech,US,2023-10-21,other,Enterprise,4,False,True,S-3e5d57,2024-01-24,,0,0,False,False,annual,True,46.0,4.0,9.0,3.9875177304964544
A-503d5a,Company_99,FinTech,US,2023-10-21,other,Enterprise,4,False,True,S-5ea66d,2024-12-18,,796,9552,False,False,annual,True,31.0,4.0,9.0,3.9875177304964544
A-503d5a,Company_99,FinTech,US,2023-10-21,other,Enterprise,4,False,True,S-90a14e,2024-03-30,,196,2352,False,False,annual,False,58.0,0.0,9.0,3.9875177304964544
A-fd7ad3,Company_100,Cybersecurity,US,2024-11-01,event,Enterprise,1,False,False,S-79ba6e,2024-11-14,,0,0,False,False,annual,True,34.0,9.0,8.0,4.12031914893617
A-fd7ad3,Company_100,Cybersecurity,US,2024-11-01,event,Enterprise,1,False,False,S-28489e,2024-11-02,,0,0,False,False,annual,True,47.0,2.0,8.0,4.12031914893617
A-fd7ad3,Company_100,Cybersecurity,US,2024-11-01,event,Enterprise,1,False,False,S-b1dce0,2024-11-07,,228,2736,False,False,monthly,True,27.0,1.0,8.0,4.12031914893617
A-fd7ad3,Company_100,Cybersecurity,US,2024-11-01,event,Enterprise,1,False,False,S-80af53,2024-12-23,2024-12-29,2388,28656,True,False,monthly,True,55.0,3.0,8.0,4.12031914893617
A-fd7ad3,Company_100,Cybersecurity,US,2024-11-01,event,Enterprise,1,False,False,S-f78a1a,2024-11-02,,57,684,False,False,annual,True,60.0,3.0,8.0,4.12031914893617
A-fd7ad3,Company_100,Cybersecurity,US,2024-11-01,event,Enterprise,1,False,False,S-d19797,2024-11-10,,19,228,False,False,monthly,True,67.0,7.0,8.0,4.12031914893617
A-fd7ad3,Company_100,Cybersecurity,US,2024-11-01,event,Enterprise,1,False,False,S-d6e421,2024-11-17,,0,0,False,False,annual,True,71.0,7.0,8.0,4.12031914893617
A-fd7ad3,Company_100,Cybersecurity,US,2024-11-01,event,Enterprise,1,False,False,S-1261fb,2024-11-29,,49,588,False,False,monthly,False,81.0,1.0,8.0,4.12031914893617
A-fd7ad3,Company_100,Cybersecurity,US,2024-11-01,event,Enterprise,1,False,False,S-6cb3d7,2024-11-26,2024-12-20,539,6468,True,False,annual,True,62.0,5.0,8.0,4.12031914893617
A-fd7ad3,Company_100,Cybersecurity,US,2024-11-01,event,Enterprise,1,False,False,S-4f43fd,2024-12-26,,551,6612,False,False,monthly,True,63.0,4.0,8.0,4.12031914893617
A-186a44,Company_101,HealthTech,US,2023-08-07,ads,Enterprise,20,False,False,S-d65491,2024-12-17,,0,0,False,False,annual,True,42.0,2.0,7.0,3.706261398176292
A-186a44,Company_101,HealthTech,US,2023-08-07,ads,Enterprise,20,False,False,S-d11e9f,2024-08-10,,380,4560,False,False,monthly,True,30.0,2.0,7.0,3.706261398176292
A-186a44,Company_101,HealthTech,US,2023-08-07,ads,Enterprise,20,False,False,S-021004,2024-07-05,,380,4560,False,False,monthly,True,9.0,0.0,7.0,3.706261398176292
A-186a44,Company_101,HealthTech,US,2023-08-07,ads,Enterprise,20,False,False,S-a84c82,2023-11-01,,980,11760,False,False,annual,False,62.0,2.0,7.0,3.706261398176292
A-186a44,Company_101,HealthTech,US,2023-08-07,ads,Enterprise,20,False,False,S-450fa9,2024-12-17,2024-12-25,380,4560,False,False,monthly,False,83.0,2.0,7.0,3.706261398176292
A-186a44,Company_101,HealthTech,US,2023-08-07,ads,Enterprise,20,False,False,S-fec1cd,2024-12-04,,3980,47760,True,False,monthly,False,29.0,1.0,7.0,3.706261398176292
A-186a44,Company_101,HealthTech,US,2023-08-07,ads,Enterprise,20,False,False,S-816354,2024-05-20,,0,0,False,False,monthly,True,40.0,6.0,7.0,3.706261398176292
A-186a44,Company_101,HealthTech,US,2023-08-07,ads,Enterprise,20,False,False,S-94b283,2024-10-28,,0,0,False,False,monthly,True,75.0,7.0,7.0,3.706261398176292
A-186a44,Company_101,HealthTech,US,2023-08-07,ads,Enterprise,20,False,False,S-1c23d2,2024-11-14,,0,0,False,False,monthly,True,30.0,2.0,7.0,3.706261398176292
A-186a44,Company_101,HealthTech,US,2023-08-07,ads,Enterprise,20,False,False,S-23ae3c,2024-08-03,,4776,57312,False,False,monthly,True,47.0,1.0,7.0,3.706261398176292
A-186a44,Company_101,HealthTech,US,2023-08-07,ads,Enterprise,20,False,False,S-f77847,2023-08-23,,380,4560,False,True,annual,True,65.0,0.0,7.0,3.706261398176292
A-186a44,Company_101,HealthTech,US,2023-08-07,ads,Enterprise,20,False,False,S-66106d,2024-11-02,,0,0,False,False,monthly,False,55.0,0.0,7.0,3.706261398176292
A-186a44,Company_101,HealthTech,US,2023-08-07,ads,Enterprise,20,False,False,S-e1db7e,2024-03-13,,380,4560,False,False,annual,True,27.0,0.0,7.0,3.706261398176292
A-186a44,Company_101,HealthTech,US,2023-08-07,ads,Enterprise,20,False,False,S-bd2ab2,2024-11-23,,9353,112236,False,False,annual,True,20.0,0.0,7.0,3.706261398176292
A-e888d1,Company_102,Cybersecurity,US,2023-03-28,other,Pro,14,False,False,S-534c28,2024-09-16,,266,3192,False,False,monthly,True,79.0,2.0,5.0,3.9925106382978726
A-e888d1,Company_102,Cybersecurity,US,2023-03-28,other,Pro,14,False,False,S-c24467,2023-07-05,,0,0,False,False,monthly,False,11.0,0.0,5.0,3.9925106382978726
A-e888d1,Company_102,Cybersecurity,US,2023-03-28,other,Pro,14,False,False,S-f243c1,2024-03-12,2024-12-28,0,0,False,False,annual,True,72.0,6.0,5.0,3.9925106382978726
A-e888d1,Company_102,Cybersecurity,US,2023-03-28,other,Pro,14,False,False,S-80c296,2024-12-19,,833,9996,False,False,monthly,True,21.0,8.0,5.0,3.9925106382978726
A-e888d1,Company_102,Cybersecurity,US,2023-03-28,other,Pro,14,False,False,S-339fce,2024-11-26,,686,8232,False,False,monthly,True,0.0,0.0,5.0,3.9925106382978726
A-e888d1,Company_102,Cybersecurity,US,2023-03-28,other,Pro,14,False,False,S-2dbf11,2024-05-25,,686,8232,False,False,annual,True,57.0,5.0,5.0,3.9925106382978726
A-e888d1,Company_102,Cybersecurity,US,2023-03-28,other,Pro,14,False,False,S-a94f54,2023-09-04,2024-05-12,3184,38208,True,False,monthly,True,91.0,2.0,5.0,3.9925106382978726
A-e888d1,Company_102,Cybersecurity,US,2023-03-28,other,Pro,14,False,False,S-65b963,2024-03-04,,0,0,False,False,monthly,True,43.0,3.0,5.0,3.9925106382978726
A-e888d1,Company_102,Cybersecurity,US,2023-03-28,other,Pro,14,False,False,S-0a01c5,2023-08-05,,3184,38208,False,False,monthly,False,35.0,5.0,5.0,3.9925106382978726
A-e888d1,Company_102,Cybersecurity,US,2023-03-28,other,Pro,14,False,False,S-56c23b,2024-10-31,,3781,45372,False,False,annual,False,92.0,5.0,5.0,3.9925106382978726
A-e888d1,Company_102,Cybersecurity,US,2023-03-28,other,Pro,14,False,False,S-6ca9be,2023-05-11,,1026,12312,False,False,annual,True,51.0,0.0,5.0,3.9925106382978726
A-69fad4,Company_103,FinTech,UK,2023-04-06,ads,Basic,6,False,True,S-2d4edf,2023-09-04,,1194,14328,False,False,annual,False,45.0,1.0,4.0,3.7453191489361704
A-69fad4,Company_103,FinTech,UK,2023-04-06,ads,Basic,6,False,True,S-fffeb8,2023-12-17,,1990,23880,False,False,annual,True,48.0,8.0,4.0,3.7453191489361704
A-69fad4,Company_103,FinTech,UK,2023-04-06,ads,Basic,6,False,True,S-1d63bf,2024-02-01,2024-08-19,4378,52536,False,False,monthly,True,85.0,3.0,4.0,3.7453191489361704
A-69fad4,Company_103,FinTech,UK,2023-04-06,ads,Basic,6,False,True,S-b90a53,2024-02-10,,209,2508,False,False,annual,True,16.0,0.0,4.0,3.7453191489361704
A-69fad4,Company_103,FinTech,UK,2023-04-06,ads,Basic,6,False,True,S-3eb9c8,2023-09-07,2024-02-11,665,7980,False,False,monthly,True,30.0,1.0,4.0,3.7453191489361704
A-69fad4,Company_103,FinTech,UK,2023-04-06,ads,Basic,6,False,True,S-e0179e,2024-03-24,,0,0,False,False,monthly,True,95.0,8.0,4.0,3.7453191489361704
A-69fad4,Company_103,FinTech,UK,2023-04-06,ads,Basic,6,False,True,S-23281c,2023-07-24,,285,3420,False,False,monthly,True,93.0,3.0,4.0,3.7453191489361704
A-9289f6,Company_104,EdTech,US,2023-05-31,event,Enterprise,1,False,False,S-95d15a,2024-12-05,,247,2964,False,False,annual,True,93.0,4.0,6.0,4.157304964539008
A-9289f6,Company_104,EdTech,US,2023-05-31,event,Enterprise,1,False,False,S-e768c6,2023-07-08,,418,5016,False,False,annual,True,45.0,4.0,6.0,4.157304964539008
A-9289f6,Company_104,EdTech,US,2023-05-31,event,Enterprise,1,False,False,S-ae20d8,2023-07-04,2023-07-09,228,2736,True,False,annual,True,33.0,0.0,6.0,4.157304964539008
A-9289f6,Company_104,EdTech,US,2023-05-31,event,Enterprise,1,False,False,S-adbb41,2024-12-11,,0,0,False,False,annual,False,109.0,5.0,6.0,4.157304964539008
A-9289f6,Company_104,EdTech,US,2023-05-31,event,Enterprise,1,False,False,S-9a41e6,2024-03-14,,1990,23880,False,False,annual,True,26.0,6.0,6.0,4.157304964539008
A-9289f6,Company_104,EdTech,US,2023-05-31,event,Enterprise,1,False,False,S-c58ed5,2024-04-08,,1568,18816,False,False,annual,True,64.0,2.0,6.0,4.157304964539008
A-9289f6,Company_104,EdTech,US,2023-05-31,event,Enterprise,1,False,False,S-c99814,2024-03-05,,3969,47628,False,False,monthly,True,59.0,4.0,6.0,4.157304964539008
A-9289f6,Company_104,EdTech,US,2023-05-31,event,Enterprise,1,False,False,S-e77d56,2023-12-06,,19,228,False,False,monthly,True,32.0,3.0,6.0,4.157304964539008
A-9289f6,Company_104,EdTech,US,2023-05-31,event,Enterprise,1,False,False,S-294d8b,2024-09-15,,3383,40596,False,False,monthly,True,59.0,3.0,6.0,4.157304964539008
A-9289f6,Company_104,EdTech,US,2023-05-31,event,Enterprise,1,False,False,S-c1446e,2023-11-15,,0,0,False,False,monthly,True,40.0,4.0,6.0,4.157304964539008
A-9289f6,Company_104,EdTech,US,2023-05-31,event,Enterprise,1,False,False,S-b81c82,2024-12-17,,1225,14700,True,False,annual,False,30.0,2.0,6.0,4.157304964539008
A-9289f6,Company_104,EdTech,US,2023-05-31,event,Enterprise,1,False,False,S-34512a,2024-11-22,,49,588,False,False,monthly,True,52.0,1.0,6.0,4.157304964539008
A-f19409,Company_105,DevTools,US,2023-03-16,other,Basic,23,False,True,S-85796b,2024-08-27,2024-10-31,4577,54924,False,False,monthly,True,76.0,3.0,3.0,3.9875177304964544
A-f19409,Company_105,DevTools,US,2023-03-16,other,Basic,23,False,True,S-07abdd,2023-09-26,,1666,19992,False,False,annual,True,92.0,1.0,3.0,3.9875177304964544
A-f19409,Company_105,DevTools,US,2023-03-16,other,Basic,23,False,True,S-2e55e6,2024-12-20,,665,7980,False,False,annual,False,50.0,2.0,3.0,3.9875177304964544
A-f19409,Company_105,DevTools,US,2023-03-16,other,Basic,23,False,True,S-34f2f9,2024-09-16,,4577,54924,False,False,annual,True,99.0,5.0,3.0,3.9875177304964544
A-f19409,Company_105,DevTools,US,2023-03-16,other,Basic,23,False,True,S-d80516,2023-04-22,,2156,25872,True,False,annual,True,27.0,1.0,3.0,3.9875177304964544
A-f19409,Company_105,DevTools,US,2023-03-16,other,Basic,23,False,True,S-8ca516,2024-09-21,,1127,13524,False,False,annual,True,35.0,3.0,3.0,3.9875177304964544
A-f19409,Company_105,DevTools,US,2023-03-16,other,Basic,23,False,True,S-70a554,2023-08-09,,4577,54924,False,False,annual,True,31.0,3.0,3.0,3.9875177304964544
A-f19409,Company_105,DevTools,US,2023-03-16,other,Basic,23,False,True,S-f9e5e9,2024-10-27,,1127,13524,False,False,annual,True,42.0,4.0,3.0,3.9875177304964544
A-f19409,Company_105,DevTools,US,2023-03-16,other,Basic,23,False,True,S-8fd98a,2024-04-08,,7960,95520,False,False,monthly,True,68.0,4.0,3.0,3.9875177304964544
A-f19409,Company_105,DevTools,US,2023-03-16,other,Basic,23,False,True,S-2fd379,2024-06-12,,0,0,True,False,annual,True,54.0,2.0,3.0,3.9875177304964544
A-f19409,Company_105,DevTools,US,2023-03-16,other,Basic,23,False,True,S-4984e3,2024-10-20,,4577,54924,False,False,monthly,True,46.0,0.0,3.0,3.9875177304964544
A-f19409,Company_105,DevTools,US,2023-03-16,other,Basic,23,False,True,S-cdf835,2024-04-17,,1127,13524,False,False,monthly,False,39.0,3.0,3.0,3.9875177304964544
A-22f2df,Company_106,DevTools,US,2024-12-14,ads,Basic,3,False,False,S-335e1e,2024-12-24,,1960,23520,False,False,monthly,True,84.0,0.0,5.0,4.185021276595744
A-22f2df,Company_106,DevTools,US,2024-12-14,ads,Basic,3,False,False,S-270e94,2024-12-21,,114,1368,True,False,annual,True,43.0,4.0,5.0,4.185021276595744
A-22f2df,Company_106,DevTools,US,2024-12-14,ads,Basic,3,False,False,S-47cfb3,2024-12-30,,209,2508,False,False,annual,True,81.0,3.0,5.0,4.185021276595744
A-22f2df,Company_106,DevTools,US,2024-12-14,ads,Basic,3,False,False,S-a91e0c,2024-12-29,,995,11940,False,True,monthly,True,24.0,1.0,5.0,4.185021276595744
A-22f2df,Company_106,DevTools,US,2024-12-14,ads,Basic,3,False,False,S-bfe8ca,2024-12-22,,2989,35868,False,False,annual,True,48.0,0.0,5.0,4.185021276595744
A-22f2df,Company_106,DevTools,US,2024-12-14,ads,Basic,3,False,False,S-2a6c1f,2024-12-16,,57,684,False,False,annual,True,35.0,2.0,5.0,4.185021276595744
A-22f2df,Company_106,DevTools,US,2024-12-14,ads,Basic,3,False,False,S-c847dc,2024-12-26,,0,0,False,False,annual,False,57.0,2.0,5.0,4.185021276595744
A-22f2df,Company_106,DevTools,US,2024-12-14,ads,Basic,3,False,False,S-ae7a5d,2024-12-21,,735,8820,False,False,annual,True,35.0,1.0,5.0,4.185021276595744
A-22f2df,Company_106,DevTools,US,2024-12-14,ads,Basic,3,False,False,S-a892fd,2024-12-27,,392,4704,False,False,monthly,False,22.0,4.0,5.0,4.185021276595744
A-039727,Company_107,EdTech,AU,2024-11-02,organic,Pro,25,False,False,S-e6a17a,2024-12-19,2024-12-30,4975,59700,True,False,annual,True,75.0,2.0,0.0,3.981276595744681
A-039727,Company_107,EdTech,AU,2024-11-02,organic,Pro,25,False,False,S-a575f5,2024-12-09,,475,5700,False,False,annual,True,57.0,3.0,0.0,3.981276595744681
A-039727,Company_107,EdTech,AU,2024-11-02,organic,Pro,25,False,False,S-bd9394,2024-11-28,,0,0,True,False,annual,False,46.0,2.0,0.0,3.981276595744681
A-039727,Company_107,EdTech,AU,2024-11-02,organic,Pro,25,False,False,S-65491f,2024-11-12,,1225,14700,False,False,monthly,False,48.0,6.0,0.0,3.981276595744681
A-039727,Company_107,EdTech,AU,2024-11-02,organic,Pro,25,False,False,S-a6285f,2024-12-08,,5970,71640,False,False,annual,True,65.0,1.0,0.0,3.981276595744681
A-039727,Company_107,EdTech,AU,2024-11-02,organic,Pro,25,False,False,S-d81959,2024-11-10,,475,5700,False,False,annual,True,51.0,1.0,0.0,3.981276595744681
A-039727,Company_107,EdTech,AU,2024-11-02,organic,Pro,25,False,False,S-0ec903,2024-12-18,,475,5700,False,False,annual,True,27.0,2.0,0.0,3.981276595744681
A-039727,Company_107,EdTech,AU,2024-11-02,organic,Pro,25,False,False,S-6da42f,2024-11-30,,1225,14700,True,True,monthly,True,36.0,2.0,0.0,3.981276595744681
A-039727,Company_107,EdTech,AU,2024-11-02,organic,Pro,25,False,False,S-574b52,2024-11-15,,4975,59700,False,False,monthly,True,95.0,4.0,0.0,3.981276595744681
A-039727,Company_107,EdTech,AU,2024-11-02,organic,Pro,25,False,False,S-864157,2024-12-15,,1225,14700,False,False,annual,True,45.0,1.0,0.0,3.981276595744681
A-039727,Company_107,EdTech,AU,2024-11-02,organic,Pro,25,False,False,S-19465f,2024-11-12,,475,5700,False,False,monthly,True,38.0,2.0,0.0,3.981276595744681
A-039727,Company_107,EdTech,AU,2024-11-02,organic,Pro,25,False,False,S-9de4eb,2024-12-06,,4975,59700,False,False,monthly,True,38.0,1.0,0.0,3.981276595744681
A-039727,Company_107,EdTech,AU,2024-11-02,organic,Pro,25,False,False,S-ed55d2,2024-11-07,,4975,59700,False,False,annual,True,77.0,4.0,0.0,3.981276595744681
A-039727,Company_107,EdTech,AU,2024-11-02,organic,Pro,25,False,False,S-f66b5d,2024-12-07,,0,0,False,False,annual,False,17.0,0.0,0.0,3.981276595744681
A-039727,Company_107,EdTech,AU,2024-11-02,organic,Pro,25,False,False,S-7079c2,2024-12-15,,4975,59700,False,True,annual,True,53.0,1.0,0.0,3.981276595744681
A-2e3bad,Company_108,FinTech,CA,2023-08-13,other,Pro,61,False,False,S-3bd427,2024-12-04,2024-12-27,1159,13908,False,False,monthly,True,29.0,0.0,5.0,3.7887659574468087
A-2e3bad,Company_108,FinTech,CA,2023-08-13,other,Pro,61,False,False,S-9d36ff,2024-03-11,,0,0,False,False,monthly,True,34.0,4.0,5.0,3.7887659574468087
A-2e3bad,Company_108,FinTech,CA,2023-08-13,other,Pro,61,False,False,S-1f4db5,2024-09-29,,12139,145668,False,False,annual,True,72.0,0.0,5.0,3.7887659574468087
A-2e3bad,Company_108,FinTech,CA,2023-08-13,other,Pro,61,False,False,S-cf72c8,2024-10-27,,1159,13908,False,False,annual,True,63.0,3.0,5.0,3.7887659574468087
A-2e3bad,Company_108,FinTech,CA,2023-08-13,other,Pro,61,False,False,S-bfd04c,2024-04-03,,1159,13908,False,False,monthly,False,33.0,0.0,5.0,3.7887659574468087
A-2e3bad,Company_108,FinTech,CA,2023-08-13,other,Pro,61,False,False,S-e4b79e,2024-01-06,,2989,35868,False,False,annual,False,35.0,6.0,5.0,3.7887659574468087
A-2e3bad,Company_108,FinTech,CA,2023-08-13,other,Pro,61,False,False,S-5fea89,2023-08-19,,12139,145668,False,False,monthly,True,41.0,6.0,5.0,3.7887659574468087
A-2e3bad,Company_108,FinTech,CA,2023-08-13,other,Pro,61,False,False,S-8eab5b,2024-01-14,2024-03-01,2989,35868,False,False,annual,True,38.0,5.0,5.0,3.7887659574468087
A-2e3bad,Company_108,FinTech,CA,2023-08-13,other,Pro,61,False,False,S-02984e,2024-06-21,,12139,145668,False,False,annual,True,54.0,0.0,5.0,3.7887659574468087
A-2e3bad,Company_108,FinTech,CA,2023-08-13,other,Pro,61,False,False,S-42bbe0,2024-10-09,,0,0,False,False,annual,True,36.0,2.0,5.0,3.7887659574468087
A-484819,Company_109,HealthTech,US,2023-02-21,organic,Pro,18,False,False,S-5bf2e5,2024-07-31,,418,5016,False,False,annual,True,59.0,2.0,5.0,4.188765957446809
A-484819,Company_109,HealthTech,US,2023-02-21,organic,Pro,18,False,False,S-709f67,2023-05-27,,3582,42984,False,False,annual,True,46.0,0.0,5.0,4.188765957446809
A-484819,Company_109,HealthTech,US,2023-02-21,organic,Pro,18,False,False,S-34f8ad,2024-05-22,,342,4104,False,False,annual,True,56.0,5.0,5.0,4.188765957446809
A-484819,Company_109,HealthTech,US,2023-02-21,organic,Pro,18,False,False,S-18f80d,2023-02-23,,3582,42984,False,False,annual,True,33.0,3.0,5.0,4.188765957446809
A-484819,Company_109,HealthTech,US,2023-02-21,organic,Pro,18,False,False,S-ac8fd3,2024-11-13,,3582,42984,True,False,monthly,True,35.0,3.0,5.0,4.188765957446809
A-484819,Company_109,HealthTech,US,2023-02-21,organic,Pro,18,False,False,S-fef8bf,2024-01-01,,3582,42984,False,False,annual,True,44.0,3.0,5.0,4.188765957446809
A-484819,Company_109,HealthTech,US,2023-02-21,organic,Pro,18,False,False,S-5228d6,2024-05-30,2024-08-05,5174,62088,True,False,annual,False,63.0,4.0,5.0,4.188765957446809
A-484819,Company_109,HealthTech,US,2023-02-21,organic,Pro,18,False,False,S-b27c39,2023-06-02,2024-07-03,342,4104,True,False,monthly,True,0.0,0.0,5.0,4.188765957446809
A-425e76,Company_110,DevTools,UK,2023-05-17,other,Enterprise,8,False,True,S-6d356a,2023-06-26,,532,6384,False,False,annual,False,63.0,3.0,5.0,3.5925106382978726
A-425e76,Company_110,DevTools,UK,2023-05-17,other,Enterprise,8,False,True,S-2196c4,2024-04-16,,152,1824,False,False,monthly,True,30.0,0.0,5.0,3.5925106382978726
A-425e76,Company_110,DevTools,UK,2023-05-17,other,Enterprise,8,False,True,S-18b808,2024-08-13,,1791,21492,False,False,annual,True,24.0,6.0,5.0,3.5925106382978726
A-425e76,Company_110,DevTools,UK,2023-05-17,other,Enterprise,8,False,True,S-12ca50,2023-06-21,,1592,19104,True,False,monthly,True,40.0,2.0,5.0,3.5925106382978726
A-425e76,Company_110,DevTools,UK,2023-05-17,other,Enterprise,8,False,True,S-f7f6d7,2024-05-07,,266,3192,False,False,monthly,True,11.0,0.0,5.0,3.5925106382978726
A-425e76,Company_110,DevTools,UK,2023-05-17,other,Enterprise,8,False,True,S-3e0382,2024-05-24,,513,6156,False,False,monthly,True,0.0,0.0,5.0,3.5925106382978726
A-425e76,Company_110,DevTools,UK,2023-05-17,other,Enterprise,8,False,True,S-b45bc6,2023-08-18,2023-11-01,6368,76416,False,False,monthly,True,61.0,3.0,5.0,3.5925106382978726
A-425e76,Company_110,DevTools,UK,2023-05-17,other,Enterprise,8,False,True,S-77f7fd,2024-08-06,,1323,15876,False,False,monthly,True,53.0,5.0,5.0,3.5925106382978726
A-425e76,Company_110,DevTools,UK,2023-05-17,other,Enterprise,8,False,True,S-0d8293,2023-11-18,,3479,41748,False,False,monthly,True,80.0,2.0,5.0,3.5925106382978726
A-425e76,Company_110,DevTools,UK,2023-05-17,other,Enterprise,8,False,True,S-2d3434,2023-07-22,,392,4704,False,False,annual,True,47.0,1.0,5.0,3.5925106382978726
A-425e76,Company_110,DevTools,UK,2023-05-17,other,Enterprise,8,False,True,S-25f647,2024-07-10,,703,8436,False,False,monthly,True,29.0,2.0,5.0,3.5925106382978726
A-e83938,Company_111,DevTools,UK,2023-11-21,other,Pro,2,True,True,S-af41f0,2024-06-27,,38,456,False,False,annual,False,14.0,3.0,4.0,3.7359574468085106
A-e83938,Company_111,DevTools,UK,2023-11-21,other,Pro,2,True,True,S-9b1f0e,2024-07-16,,98,1176,True,False,annual,True,27.0,0.0,4.0,3.7359574468085106
A-e83938,Company_111,DevTools,UK,2023-11-21,other,Pro,2,True,True,S-134753,2024-02-08,,3184,38208,True,False,monthly,True,45.0,3.0,4.0,3.7359574468085106
A-e83938,Company_111,DevTools,UK,2023-11-21,other,Pro,2,True,True,S-92d873,2024-04-25,,0,0,False,False,monthly,True,35.0,0.0,4.0,3.7359574468085106
A-e83938,Company_111,DevTools,UK,2023-11-21,other,Pro,2,True,True,S-caca4f,2024-12-06,,1026,12312,False,False,annual,False,41.0,2.0,4.0,3.7359574468085106
A-e83938,Company_111,DevTools,UK,2023-11-21,other,Pro,2,True,True,S-4d8633,2024-07-17,,1519,18228,False,False,monthly,True,16.0,4.0,4.0,3.7359574468085106
A-e83938,Company_111,DevTools,UK,2023-11-21,other,Pro,2,True,True,S-0e526f,2024-06-26,,245,2940,False,False,annual,True,33.0,1.0,4.0,3.7359574468085106
A-e83938,Company_111,DevTools,UK,2023-11-21,other,Pro,2,True,True,S-467016,2024-11-28,,1393,16716,False,False,monthly,True,55.0,5.0,4.0,3.7359574468085106
A-ad296b,Company_112,DevTools,AU,2024-07-15,event,Pro,38,False,False,S-0f0d3a,2024-11-16,2024-11-20,722,8664,False,False,annual,True,8.0,0.0,3.0,3.6666666666666665
A-ad296b,Company_112,DevTools,AU,2024-07-15,event,Pro,38,False,False,S-0bd442,2024-08-08,,7562,90744,False,False,monthly,True,32.0,3.0,3.0,3.6666666666666665
A-ad296b,Company_112,DevTools,AU,2024-07-15,event,Pro,38,False,False,S-22e21a,2024-09-18,,7562,90744,False,False,annual,True,19.0,4.0,3.0,3.6666666666666665
A-ad296b,Company_112,DevTools,AU,2024-07-15,event,Pro,38,False,False,S-57019e,2024-07-23,,0,0,False,False,annual,True,55.0,1.0,3.0,3.6666666666666665
A-ad296b,Company_112,DevTools,AU,2024-07-15,event,Pro,38,False,False,S-ddc51c,2024-12-09,,1862,22344,False,False,annual,True,111.0,3.0,3.0,3.6666666666666665
A-ad296b,Company_112,DevTools,AU,2024-07-15,event,Pro,38,False,False,S-61797c,2024-07-25,,722,8664,False,False,annual,True,69.0,1.0,3.0,3.6666666666666665
A-e51ec7,Company_113,FinTech,CA,2023-09-23,partner,Enterprise,2,False,False,S-f80ef5,2024-03-22,,0,0,False,False,annual,True,29.0,1.0,3.0,4.320851063829788
A-e51ec7,Company_113,FinTech,CA,2023-09-23,partner,Enterprise,2,False,False,S-d5d8ef,2024-10-11,,16517,198204,False,False,monthly,False,16.0,0.0,3.0,4.320851063829788
A-e51ec7,Company_113,FinTech,CA,2023-09-23,partner,Enterprise,2,False,False,S-7730b1,2024-05-01,,196,2352,False,False,annual,True,71.0,2.0,3.0,4.320851063829788
A-e51ec7,Company_113,FinTech,CA,2023-09-23,partner,Enterprise,2,False,False,S-a5cf6d,2023-11-27,,4975,59700,False,True,monthly,True,52.0,6.0,3.0,4.320851063829788
A-e51ec7,Company_113,FinTech,CA,2023-09-23,partner,Enterprise,2,False,False,S-f71bb0,2024-04-18,,398,4776,True,False,annual,False,75.0,0.0,3.0,4.320851063829788
A-e51ec7,Company_113,FinTech,CA,2023-09-23,partner,Enterprise,2,False,False,S-2852dd,2024-12-19,,1990,23880,False,False,monthly,True,41.0,3.0,3.0,4.320851063829788
A-e51ec7,Company_113,FinTech,CA,2023-09-23,partner,Enterprise,2,False,False,S-916cca,2024-10-04,2024-10-31,0,0,True,False,annual,True,84.0,4.0,3.0,4.320851063829788
A-e51ec7,Company_113,FinTech,CA,2023-09-23,partner,Enterprise,2,False,False,S-a3455c,2024-09-16,,0,0,False,False,annual,True,49.0,2.0,3.0,4.320851063829788
A-0aaf6e,Company_114,FinTech,US,2024-05-11,organic,Enterprise,3,False,False,S-76c59f,2024-08-01,,456,5472,False,False,annual,True,58.0,2.0,5.0,3.988765957446809
A-0aaf6e,Company_114,FinTech,US,2024-05-11,organic,Enterprise,3,False,False,S-52385a,2024-11-13,,57,684,False,False,monthly,True,134.0,5.0,5.0,3.988765957446809
A-0aaf6e,Company_114,FinTech,US,2024-05-11,organic,Enterprise,3,False,False,S-e7d026,2024-12-25,,17512,210144,False,False,annual,True,94.0,4.0,5.0,3.988765957446809
A-0aaf6e,Company_114,FinTech,US,2024-05-11,organic,Enterprise,3,False,False,S-b89305,2024-11-09,,76,912,False,False,monthly,True,78.0,7.0,5.0,3.988765957446809
A-0aaf6e,Company_114,FinTech,US,2024-05-11,organic,Enterprise,3,False,False,S-4522a0,2024-07-16,,0,0,False,False,annual,False,48.0,3.0,5.0,3.988765957446809
A-0aaf6e,Company_114,FinTech,US,2024-05-11,organic,Enterprise,3,False,False,S-a9952f,2024-08-18,,0,0,False,False,monthly,True,62.0,3.0,5.0,3.988765957446809
A-0aaf6e,Company_114,FinTech,US,2024-05-11,organic,Enterprise,3,False,False,S-88d746,2024-12-26,,3582,42984,False,False,monthly,True,47.0,1.0,5.0,3.988765957446809
A-0aaf6e,Company_114,FinTech,US,2024-05-11,organic,Enterprise,3,False,False,S-f15008,2024-12-07,2024-12-15,588,7056,False,False,annual,False,50.0,7.0,5.0,3.988765957446809
A-0aaf6e,Company_114,FinTech,US,2024-05-11,organic,Enterprise,3,False,False,S-f97537,2024-06-16,,1813,21756,False,False,monthly,False,28.0,7.0,5.0,3.988765957446809
A-e61e98,Company_115,FinTech,US,2023-10-20,partner,Enterprise,19,False,True,S-febd10,2024-01-05,,0,0,False,False,annual,True,68.0,2.0,6.0,4.496879432624113
A-e61e98,Company_115,FinTech,US,2023-10-20,partner,Enterprise,19,False,True,S-4d2392,2023-11-05,,931,11172,True,False,monthly,False,50.0,2.0,6.0,4.496879432624113
A-e61e98,Company_115,FinTech,US,2023-10-20,partner,Enterprise,19,False,True,S-927235,2024-01-15,,361,4332,False,False,monthly,True,21.0,1.0,6.0,4.496879432624113
A-e61e98,Company_115,FinTech,US,2023-10-20,partner,Enterprise,19,False,True,S-5178de,2023-12-06,,1960,23520,False,False,annual,False,105.0,3.0,6.0,4.496879432624113
A-e61e98,Company_115,FinTech,US,2023-10-20,partner,Enterprise,19,False,True,S-05b245,2024-09-01,,6766,81192,False,False,annual,True,81.0,3.0,6.0,4.496879432624113
A-e61e98,Company_115,FinTech,US,2023-10-20,partner,Enterprise,19,False,True,S-6b7487,2024-05-13,,931,11172,True,False,annual,True,72.0,10.0,6.0,4.496879432624113
A-e61e98,Company_115,FinTech,US,2023-10-20,partner,Enterprise,19,False,True,S-1d4aa3,2024-06-02,,361,4332,False,False,monthly,True,26.0,3.0,6.0,4.496879432624113
A-e61e98,Company_115,FinTech,US,2023-10-20,partner,Enterprise,19,False,True,S-f4e0a6,2024-08-31,,361,4332,False,False,monthly,True,70.0,1.0,6.0,4.496879432624113
A-e61e98,Company_115,FinTech,US,2023-10-20,partner,Enterprise,19,False,True,S-07e821,2023-11-09,,1813,21756,False,False,monthly,True,34.0,0.0,6.0,4.496879432624113
A-92a333,Company_116,FinTech,US,2023-03-24,event,Enterprise,9,False,False,S-195f9b,2024-02-08,,686,8232,False,False,annual,True,77.0,8.0,4.0,3.981276595744681
A-92a333,Company_116,FinTech,US,2023-03-24,event,Enterprise,9,False,False,S-ec56f3,2024-07-03,,1273,15276,False,False,monthly,True,50.0,5.0,4.0,3.981276595744681
A-92a333,Company_116,FinTech,US,2023-03-24,event,Enterprise,9,False,False,S-f26ae0,2024-07-04,,171,2052,False,False,monthly,True,69.0,1.0,4.0,3.981276595744681
A-92a333,Company_116,FinTech,US,2023-03-24,event,Enterprise,9,False,False,S-24ecbf,2024-03-17,,1791,21492,False,False,monthly,True,72.0,3.0,4.0,3.981276595744681
A-92a333,Company_116,FinTech,US,2023-03-24,event,Enterprise,9,False,False,S-8b64df,2023-08-04,,171,2052,False,True,annual,True,60.0,8.0,4.0,3.981276595744681
A-92a333,Company_116,FinTech,US,2023-03-24,event,Enterprise,9,False,False,S-7c635b,2023-08-15,,6567,78804,False,False,annual,True,36.0,5.0,4.0,3.981276595744681
A-95b24a,Company_117,FinTech,US,2023-06-06,event,Pro,38,False,True,S-2877e6,2024-06-28,,0,0,True,True,monthly,True,59.0,1.0,5.0,4.1962553191489365
A-95b24a,Company_117,FinTech,US,2023-06-06,event,Pro,38,False,True,S-b9ff15,2024-01-08,,8557,102684,False,False,annual,False,53.0,0.0,5.0,4.1962553191489365
A-95b24a,Company_117,FinTech,US,2023-06-06,event,Pro,38,False,True,S-799da2,2024-06-27,,1862,22344,False,False,monthly,True,45.0,3.0,5.0,4.1962553191489365
A-95b24a,Company_117,FinTech,US,2023-06-06,event,Pro,38,False,True,S-c35f78,2024-10-11,,0,0,True,False,annual,True,76.0,10.0,5.0,4.1962553191489365
A-95b24a,Company_117,FinTech,US,2023-06-06,event,Pro,38,False,True,S-0865f1,2023-12-10,,722,8664,False,False,annual,True,51.0,1.0,5.0,4.1962553191489365
A-95b24a,Company_117,FinTech,US,2023-06-06,event,Pro,38,False,True,S-209456,2023-07-18,,1862,22344,False,False,annual,True,55.0,4.0,5.0,4.1962553191489365
A-95b24a,Company_117,FinTech,US,2023-06-06,event,Pro,38,False,True,S-444c6a,2023-10-07,,722,8664,False,False,annual,False,72.0,3.0,5.0,4.1962553191489365
A-95b24a,Company_117,FinTech,US,2023-06-06,event,Pro,38,False,True,S-a29ba3,2023-10-12,,7562,90744,False,False,monthly,False,56.0,2.0,5.0,4.1962553191489365
A-95b24a,Company_117,FinTech,US,2023-06-06,event,Pro,38,False,True,S-0ed7be,2023-07-14,,2303,27636,False,False,monthly,False,41.0,6.0,5.0,4.1962553191489365
A-95b24a,Company_117,FinTech,US,2023-06-06,event,Pro,38,False,True,S-891976,2024-09-12,,722,8664,True,False,monthly,True,59.0,4.0,5.0,4.1962553191489365
A-95b24a,Company_117,FinTech,US,2023-06-06,event,Pro,38,False,True,S-1f505e,2023-07-30,,722,8664,True,False,annual,True,44.0,0.0,5.0,4.1962553191489365
A-42e5e1,Company_118,DevTools,US,2024-07-09,ads,Pro,1,False,True,S-ce9977,2024-08-02,,0,0,True,False,monthly,True,53.0,9.0,3.0,4.0
A-42e5e1,Company_118,DevTools,US,2024-07-09,ads,Pro,1,False,True,S-860bc8,2024-08-29,,19,228,False,False,annual,True,52.0,4.0,3.0,4.0
A-42e5e1,Company_118,DevTools,US,2024-07-09,ads,Pro,1,False,True,S-a3cbd4,2024-08-01,2024-08-14,3980,47760,False,False,monthly,True,86.0,10.0,3.0,4.0
A-42e5e1,Company_118,DevTools,US,2024-07-09,ads,Pro,1,False,True,S-2881e0,2024-07-21,,49,588,False,True,annual,True,77.0,1.0,3.0,4.0
A-42e5e1,Company_118,DevTools,US,2024-07-09,ads,Pro,1,False,True,S-06e3cd,2024-10-22,,0,0,False,False,monthly,True,20.0,4.0,3.0,4.0
A-42e5e1,Company_118,DevTools,US,2024-07-09,ads,Pro,1,False,True,S-8426e7,2024-10-18,,4378,52536,False,False,annual,True,94.0,9.0,3.0,4.0
A-42e5e1,Company_118,DevTools,US,2024-07-09,ads,Pro,1,False,True,S-9f7b07,2024-11-28,,490,5880,False,False,annual,False,29.0,4.0,3.0,4.0
A-7d514c,Company_119,HealthTech,DE,2024-02-03,organic,Enterprise,17,False,False,S-9e6a18,2024-11-06,,1029,12348,True,False,monthly,False,31.0,1.0,3.0,4.320851063829788
A-7d514c,Company_119,HealthTech,DE,2024-02-03,organic,Enterprise,17,False,False,S-d97ff1,2024-03-20,,323,3876,False,False,monthly,True,28.0,7.0,3.0,4.320851063829788
A-7d514c,Company_119,HealthTech,DE,2024-02-03,organic,Enterprise,17,False,False,S-67474a,2024-06-13,,833,9996,False,False,monthly,True,37.0,2.0,3.0,4.320851063829788
A-7d514c,Company_119,HealthTech,DE,2024-02-03,organic,Enterprise,17,False,False,S-9dcfb5,2024-09-07,,3383,40596,False,False,annual,True,39.0,6.0,3.0,4.320851063829788
A-7d514c,Company_119,HealthTech,DE,2024-02-03,organic,Enterprise,17,False,False,S-8a46fe,2024-12-05,,3383,40596,False,False,monthly,True,143.0,2.0,3.0,4.320851063829788
A-7d514c,Company_119,HealthTech,DE,2024-02-03,organic,Enterprise,17,False,False,S-abddce,2024-07-01,2024-11-12,8557,102684,False,False,monthly,True,72.0,9.0,3.0,4.320851063829788
A-7d514c,Company_119,HealthTech,DE,2024-02-03,organic,Enterprise,17,False,False,S-ee3466,2024-02-13,,0,0,True,False,monthly,True,60.0,0.0,3.0,4.320851063829788
A-7d514c,Company_119,HealthTech,DE,2024-02-03,organic,Enterprise,17,False,False,S-cfca40,2024-04-01,,6766,81192,False,False,monthly,True,74.0,2.0,3.0,4.320851063829788
A-7d514c,Company_119,HealthTech,DE,2024-02-03,organic,Enterprise,17,False,False,S-dfad0a,2024-09-08,,0,0,False,False,monthly,True,18.0,1.0,3.0,4.320851063829788
A-65aeb5,Company_120,DevTools,US,2024-01-25,partner,Pro,9,False,False,S-b7deea,2024-03-22,2024-12-03,12537,150444,False,False,monthly,True,21.0,0.0,2.0,4.490638297872341
A-65aeb5,Company_120,DevTools,US,2024-01-25,partner,Pro,9,False,False,S-239429,2024-05-11,,0,0,False,False,monthly,True,12.0,0.0,2.0,4.490638297872341
A-65aeb5,Company_120,DevTools,US,2024-01-25,partner,Pro,9,False,False,S-6ce221,2024-10-10,2024-12-03,171,2052,False,False,annual,True,83.0,8.0,2.0,4.490638297872341
A-65aeb5,Company_120,DevTools,US,2024-01-25,partner,Pro,9,False,False,S-64d514,2024-09-06,,11144,133728,False,False,annual,False,43.0,1.0,2.0,4.490638297872341
A-65aeb5,Company_120,DevTools,US,2024-01-25,partner,Pro,9,False,False,S-f2b79f,2024-05-08,,441,5292,False,True,monthly,False,27.0,5.0,2.0,4.490638297872341
A-65aeb5,Company_120,DevTools,US,2024-01-25,partner,Pro,9,False,False,S-606747,2024-08-04,,1791,21492,False,False,monthly,True,58.0,3.0,2.0,4.490638297872341
A-65aeb5,Company_120,DevTools,US,2024-01-25,partner,Pro,9,False,False,S-c2eeba,2024-02-02,,171,2052,False,False,monthly,False,89.0,4.0,2.0,4.490638297872341
A-65aeb5,Company_120,DevTools,US,2024-01-25,partner,Pro,9,False,False,S-23dab0,2024-09-30,,441,5292,False,False,annual,True,45.0,7.0,2.0,4.490638297872341
A-65aeb5,Company_120,DevTools,US,2024-01-25,partner,Pro,9,False,False,S-41d741,2024-08-23,,532,6384,False,False,annual,True,69.0,5.0,2.0,4.490638297872341
A-65aeb5,Company_120,DevTools,US,2024-01-25,partner,Pro,9,False,False,S-a25ed2,2024-08-19,2024-09-25,1791,21492,False,False,monthly,True,27.0,3.0,2.0,4.490638297872341
A-65aeb5,Company_120,DevTools,US,2024-01-25,partner,Pro,9,False,False,S-43c737,2024-09-01,,1791,21492,False,False,annual,True,16.0,0.0,2.0,4.490638297872341
A-65aeb5,Company_120,DevTools,US,2024-01-25,partner,Pro,9,False,False,S-4b15c4,2024-08-01,,3582,42984,False,False,annual,True,43.0,4.0,2.0,4.490638297872341
A-e2cd1b,Company_121,DevTools,US,2024-02-04,other,Enterprise,15,False,False,S-42218c,2024-07-30,,2205,26460,False,False,monthly,True,52.0,0.0,5.0,3.9962553191489363
A-e2cd1b,Company_121,DevTools,US,2024-02-04,other,Enterprise,15,False,False,S-e090ae,2024-05-25,,2985,35820,False,False,annual,True,69.0,1.0,5.0,3.9962553191489363
A-e2cd1b,Company_121,DevTools,US,2024-02-04,other,Enterprise,15,False,False,S-462547,2024-12-07,,2261,27132,False,False,annual,True,68.0,4.0,5.0,3.9962553191489363
A-e2cd1b,Company_121,DevTools,US,2024-02-04,other,Enterprise,15,False,False,S-3e24ed,2024-02-22,,836,10032,False,False,monthly,True,70.0,0.0,5.0,3.9962553191489363
A-e2cd1b,Company_121,DevTools,US,2024-02-04,other,Enterprise,15,False,False,S-02a3aa,2024-06-24,,0,0,False,False,annual,True,66.0,7.0,5.0,3.9962553191489363
A-e2cd1b,Company_121,DevTools,US,2024-02-04,other,Enterprise,15,False,False,S-3d6648,2024-10-05,,0,0,False,False,monthly,True,32.0,0.0,5.0,3.9962553191489363
A-e2cd1b,Company_121,DevTools,US,2024-02-04,other,Enterprise,15,False,False,S-f132ab,2024-04-29,,735,8820,False,False,annual,True,53.0,3.0,5.0,3.9962553191489363
A-e2cd1b,Company_121,DevTools,US,2024-02-04,other,Enterprise,15,False,False,S-3f18be,2024-12-26,,3184,38208,False,False,annual,True,10.0,3.0,5.0,3.9962553191489363
A-e2cd1b,Company_121,DevTools,US,2024-02-04,other,Enterprise,15,False,False,S-465825,2024-11-20,,342,4104,True,False,monthly,True,45.0,0.0,5.0,3.9962553191489363
A-180abf,Company_122,DevTools,US,2023-08-14,event,Pro,64,False,True,S-0b0ffa,2024-01-17,2024-04-19,0,0,False,False,annual,True,28.0,0.0,3.0,3.654184397163121
A-180abf,Company_122,DevTools,US,2023-08-14,event,Pro,64,False,True,S-fa05d7,2024-07-10,,1216,14592,False,False,monthly,True,82.0,3.0,3.0,3.654184397163121
A-180abf,Company_122,DevTools,US,2023-08-14,event,Pro,64,False,True,S-e9395e,2024-12-20,,3136,37632,True,False,monthly,True,11.0,0.0,3.0,3.654184397163121
A-180abf,Company_122,DevTools,US,2023-08-14,event,Pro,64,False,True,S-0aba5b,2024-12-16,,0,0,False,False,monthly,True,68.0,1.0,3.0,3.654184397163121
A-180abf,Company_122,DevTools,US,2023-08-14,event,Pro,64,False,True,S-612bfb,2024-04-16,,12736,152832,True,False,annual,True,106.0,5.0,3.0,3.654184397163121
A-180abf,Company_122,DevTools,US,2023-08-14,event,Pro,64,False,True,S-8b0498,2024-02-19,,3136,37632,False,False,monthly,False,34.0,2.0,3.0,3.654184397163121
A-180abf,Company_122,DevTools,US,2023-08-14,event,Pro,64,False,True,S-b262a1,2024-11-09,,1216,14592,False,False,annual,True,39.0,6.0,3.0,3.654184397163121
A-180abf,Company_122,DevTools,US,2023-08-14,event,Pro,64,False,True,S-a5a40b,2023-09-16,2023-11-06,12736,152832,False,False,annual,False,98.0,8.0,3.0,3.654184397163121
A-180abf,Company_122,DevTools,US,2023-08-14,event,Pro,64,False,True,S-85f2ab,2024-12-17,,3136,37632,False,False,monthly,True,33.0,3.0,3.0,3.654184397163121
A-f17767,Company_123,DevTools,US,2023-01-30,event,Enterprise,1,True,True,S-59dc4b,2023-09-17,,1274,15288,True,True,monthly,True,67.0,6.0,3.0,3.993758865248227
A-f17767,Company_123,DevTools,US,2023-01-30,event,Enterprise,1,True,True,S-d725da,2024-02-15,,1078,12936,False,False,annual,True,0.0,0.0,3.0,3.993758865248227
A-f17767,Company_123,DevTools,US,2023-01-30,event,Enterprise,1,True,True,S-3ad7c4,2024-01-03,2024-01-28,539,6468,True,False,monthly,True,18.0,0.0,3.0,3.993758865248227
A-f17767,Company_123,DevTools,US,2023-01-30,event,Enterprise,1,True,True,S-91b63c,2023-12-07,,7761,93132,False,False,annual,True,58.0,0.0,3.0,3.993758865248227
A-f17767,Company_123,DevTools,US,2023-01-30,event,Enterprise,1,True,True,S-f8357e,2023-11-01,,38,456,False,False,monthly,True,83.0,5.0,3.0,3.993758865248227
A-f17767,Company_123,DevTools,US,2023-01-30,event,Enterprise,1,True,True,S-50334b,2024-08-21,,588,7056,False,False,monthly,True,86.0,6.0,3.0,3.993758865248227
A-f17767,Company_123,DevTools,US,2023-01-30,event,Enterprise,1,True,True,S-7de656,2023-02-15,2023-08-25,686,8232,False,False,annual,True,53.0,3.0,3.0,3.993758865248227
A-f17767,Company_123,DevTools,US,2023-01-30,event,Enterprise,1,True,True,S-b479cd,2023-07-30,,441,5292,False,False,monthly,True,50.0,3.0,3.0,3.993758865248227
A-f17767,Company_123,DevTools,US,2023-01-30,event,Enterprise,1,True,True,S-1f8215,2024-12-10,,735,8820,False,False,annual,True,0.0,0.0,3.0,3.993758865248227
A-f17767,Company_123,DevTools,US,2023-01-30,event,Enterprise,1,True,True,S-64d203,2024-03-20,,441,5292,False,False,monthly,True,40.0,9.0,3.0,3.993758865248227
A-f17767,Company_123,DevTools,US,2023-01-30,event,Enterprise,1,True,True,S-778307,2023-11-15,,1127,13524,False,False,monthly,True,45.0,3.0,3.0,3.993758865248227
A-f17767,Company_123,DevTools,US,2023-01-30,event,Enterprise,1,True,True,S-d61866,2023-03-22,,1194,14328,True,False,monthly,True,48.0,0.0,3.0,3.993758865248227
A-f17767,Company_123,DevTools,US,2023-01-30,event,Enterprise,1,True,True,S-0b8b0c,2024-08-03,,199,2388,False,False,monthly,False,85.0,0.0,3.0,3.993758865248227
A-f17767,Company_123,DevTools,US,2023-01-30,event,Enterprise,1,True,True,S-93ab2d,2023-05-02,,38,456,False,False,annual,True,80.0,3.0,3.0,3.993758865248227
A-5a184f,Company_124,DevTools,DE,2023-06-19,other,Enterprise,1,False,True,S-8a4156,2023-08-31,,0,0,False,False,annual,True,20.0,3.0,3.0,4.333333333333333
A-5a184f,Company_124,DevTools,DE,2023-06-19,other,Enterprise,1,False,True,S-0ba1fe,2024-01-15,,9154,109848,False,True,monthly,True,90.0,5.0,3.0,4.333333333333333
A-5a184f,Company_124,DevTools,DE,2023-06-19,other,Enterprise,1,False,True,S-c2b60b,2024-10-20,,19,228,False,False,annual,True,52.0,1.0,3.0,4.333333333333333
A-5a184f,Company_124,DevTools,DE,2023-06-19,other,Enterprise,1,False,True,S-4a8ce0,2024-01-21,,114,1368,False,False,monthly,True,87.0,2.0,3.0,4.333333333333333
A-5a184f,Company_124,DevTools,DE,2023-06-19,other,Enterprise,1,False,True,S-e71f4a,2024-01-20,,133,1596,False,False,monthly,True,57.0,4.0,3.0,4.333333333333333
A-5a184f,Company_124,DevTools,DE,2023-06-19,other,Enterprise,1,False,True,S-ec58ac,2023-11-30,,2009,24108,False,False,annual,True,55.0,5.0,3.0,4.333333333333333
A-5a184f,Company_124,DevTools,DE,2023-06-19,other,Enterprise,1,False,True,S-44046d,2024-11-06,2024-12-13,684,8208,False,False,annual,True,41.0,1.0,3.0,4.333333333333333
A-5a184f,Company_124,DevTools,DE,2023-06-19,other,Enterprise,1,False,True,S-2a53d5,2023-09-03,,1406,16872,False,False,annual,True,73.0,4.0,3.0,4.333333333333333
A-5a184f,Company_124,DevTools,DE,2023-06-19,other,Enterprise,1,False,True,S-505f35,2023-12-02,,4378,52536,False,False,annual,True,71.0,3.0,3.0,4.333333333333333
A-5a184f,Company_124,DevTools,DE,2023-06-19,other,Enterprise,1,False,True,S-ac2157,2024-04-14,,2786,33432,False,False,monthly,True,41.0,1.0,3.0,4.333333333333333
A-7df7a7,Company_125,DevTools,US,2023-01-28,organic,Basic,7,False,True,S-413a1d,2024-05-25,,1393,16716,False,True,monthly,True,39.0,1.0,3.0,4.0
A-7df7a7,Company_125,DevTools,US,2023-01-28,organic,Basic,7,False,True,S-7e2e5c,2024-04-06,,133,1596,False,False,monthly,False,65.0,5.0,3.0,4.0
A-7df7a7,Company_125,DevTools,US,2023-01-28,organic,Basic,7,False,True,S-ab7022,2023-03-03,,0,0,False,False,monthly,True,76.0,2.0,3.0,4.0
A-7df7a7,Company_125,DevTools,US,2023-01-28,organic,Basic,7,False,True,S-f93185,2024-12-05,,1990,23880,False,False,monthly,False,19.0,2.0,3.0,4.0
A-7df7a7,Company_125,DevTools,US,2023-01-28,organic,Basic,7,False,True,S-08fc73,2024-05-07,,1393,16716,False,False,annual,True,124.0,6.0,3.0,4.0
A-7df7a7,Company_125,DevTools,US,2023-01-28,organic,Basic,7,False,True,S-8486d2,2024-12-28,,5970,71640,False,False,annual,True,56.0,6.0,3.0,4.0
A-7df7a7,Company_125,DevTools,US,2023-01-28,organic,Basic,7,False,True,S-5ed335,2023-10-17,2024-01-18,2587,31044,False,False,monthly,True,19.0,4.0,3.0,4.0
A-7df7a7,Company_125,DevTools,US,2023-01-28,organic,Basic,7,False,True,S-0463f5,2023-09-16,,343,4116,False,False,monthly,True,19.0,1.0,3.0,4.0
A-7df7a7,Company_125,DevTools,US,2023-01-28,organic,Basic,7,False,True,S-4206eb,2023-09-07,,2587,31044,False,False,monthly,True,96.0,3.0,3.0,4.0
A-7df7a7,Company_125,DevTools,US,2023-01-28,organic,Basic,7,False,True,S-39c024,2023-06-10,,0,0,False,False,annual,True,59.0,6.0,3.0,4.0
A-7df7a7,Company_125,DevTools,US,2023-01-28,organic,Basic,7,False,True,S-196c1e,2024-11-04,,133,1596,False,False,annual,True,126.0,7.0,3.0,4.0
A-7df7a7,Company_125,DevTools,US,2023-01-28,organic,Basic,7,False,True,S-1facfc,2024-03-04,,343,4116,False,False,annual,True,45.0,0.0,3.0,4.0
A-7df7a7,Company_125,DevTools,US,2023-01-28,organic,Basic,7,False,True,S-6676fa,2023-02-05,,343,4116,False,True,monthly,True,70.0,2.0,3.0,4.0
A-7df7a7,Company_125,DevTools,US,2023-01-28,organic,Basic,7,False,True,S-61afee,2023-06-26,,8955,107460,False,False,monthly,False,40.0,0.0,3.0,4.0
A-7df7a7,Company_125,DevTools,US,2023-01-28,organic,Basic,7,False,True,S-db7a77,2023-12-13,,2985,35820,False,False,annual,True,69.0,2.0,3.0,4.0
A-1ac5e0,Company_126,DevTools,US,2024-10-20,event,Basic,33,False,True,S-766a62,2024-11-24,,0,0,False,False,monthly,False,44.0,0.0,7.0,3.851793313069909
A-1ac5e0,Company_126,DevTools,US,2024-10-20,event,Basic,33,False,True,S-c17a35,2024-11-25,,1617,19404,False,False,monthly,False,84.0,4.0,7.0,3.851793313069909
A-1ac5e0,Company_126,DevTools,US,2024-10-20,event,Basic,33,False,True,S-95cf94,2024-10-24,,627,7524,False,False,annual,True,58.0,2.0,7.0,3.851793313069909
A-1ac5e0,Company_126,DevTools,US,2024-10-20,event,Basic,33,False,True,S-ea2c98,2024-11-30,,1617,19404,False,False,monthly,True,47.0,2.0,7.0,3.851793313069909
A-1ac5e0,Company_126,DevTools,US,2024-10-20,event,Basic,33,False,True,S-e768f5,2024-11-19,,6567,78804,False,False,annual,True,72.0,2.0,7.0,3.851793313069909
A-1ac5e0,Company_126,DevTools,US,2024-10-20,event,Basic,33,False,True,S-53361d,2024-12-30,,0,0,False,False,monthly,False,80.0,6.0,7.0,3.851793313069909
A-1ac5e0,Company_126,DevTools,US,2024-10-20,event,Basic,33,False,True,S-5bbfe3,2024-11-29,,627,7524,False,False,monthly,True,52.0,4.0,7.0,3.851793313069909
A-1ac5e0,Company_126,DevTools,US,2024-10-20,event,Basic,33,False,True,S-519509,2024-11-15,,627,7524,False,False,annual,False,54.0,7.0,7.0,3.851793313069909
A-1ac5e0,Company_126,DevTools,US,2024-10-20,event,Basic,33,False,True,S-3829dc,2024-11-17,,6567,78804,False,False,monthly,True,48.0,3.0,7.0,3.851793313069909
A-1ac5e0,Company_126,DevTools,US,2024-10-20,event,Basic,33,False,True,S-f64908,2024-12-11,,0,0,False,False,monthly,False,19.0,1.0,7.0,3.851793313069909
A-52dd88,Company_127,Cybersecurity,US,2023-02-21,ads,Pro,23,False,False,S-10134d,2024-09-09,,4577,54924,False,False,annual,True,39.0,1.0,1.0,3.981276595744681
A-52dd88,Company_127,Cybersecurity,US,2023-02-21,ads,Pro,23,False,False,S-5698bd,2023-03-26,,1274,15288,False,False,monthly,False,51.0,8.0,1.0,3.981276595744681
A-52dd88,Company_127,Cybersecurity,US,2023-02-21,ads,Pro,23,False,False,S-5e6fc2,2023-12-12,,437,5244,False,False,annual,True,88.0,7.0,1.0,3.981276595744681
A-52dd88,Company_127,Cybersecurity,US,2023-02-21,ads,Pro,23,False,False,S-e8488d,2024-08-02,,5174,62088,False,False,monthly,False,56.0,4.0,1.0,3.981276595744681
A-52dd88,Company_127,Cybersecurity,US,2023-02-21,ads,Pro,23,False,False,S-a01486,2023-12-25,,437,5244,False,False,annual,False,25.0,0.0,1.0,3.981276595744681
A-52dd88,Company_127,Cybersecurity,US,2023-02-21,ads,Pro,23,False,False,S-4920e0,2023-12-05,,437,5244,False,False,annual,True,27.0,0.0,1.0,3.981276595744681
A-52dd88,Company_127,Cybersecurity,US,2023-02-21,ads,Pro,23,False,False,S-36480d,2024-12-04,,1470,17640,False,False,annual,True,50.0,0.0,1.0,3.981276595744681
A-52dd88,Company_127,Cybersecurity,US,2023-02-21,ads,Pro,23,False,False,S-f8e69c,2023-10-10,,1127,13524,False,False,monthly,True,35.0,3.0,1.0,3.981276595744681
A-52dd88,Company_127,Cybersecurity,US,2023-02-21,ads,Pro,23,False,False,S-39a8f1,2024-03-12,,1127,13524,False,False,monthly,False,44.0,0.0,1.0,3.981276595744681
A-52dd88,Company_127,Cybersecurity,US,2023-02-21,ads,Pro,23,False,False,S-55d484,2023-12-15,,0,0,False,False,annual,True,37.0,4.0,1.0,3.981276595744681
A-52dd88,Company_127,Cybersecurity,US,2023-02-21,ads,Pro,23,False,False,S-cb2ad3,2024-11-13,,532,6384,True,False,annual,True,64.0,6.0,1.0,3.981276595744681
A-bece89,Company_128,Cybersecurity,IN,2023-12-01,event,Pro,26,False,False,S-334ceb,2024-03-08,,494,5928,False,False,monthly,False,46.0,6.0,4.0,3.9953191489361704
A-bece89,Company_128,Cybersecurity,IN,2023-12-01,event,Pro,26,False,False,S-763e52,2024-05-20,,5174,62088,True,False,annual,False,36.0,2.0,4.0,3.9953191489361704
A-bece89,Company_128,Cybersecurity,IN,2023-12-01,event,Pro,26,False,False,S-82848e,2024-01-18,,5174,62088,False,False,annual,True,29.0,1.0,4.0,3.9953191489361704
A-bece89,Company_128,Cybersecurity,IN,2023-12-01,event,Pro,26,False,False,S-42fb01,2024-02-08,,1372,16464,False,False,monthly,True,25.0,3.0,4.0,3.9953191489361704
A-bece89,Company_128,Cybersecurity,IN,2023-12-01,event,Pro,26,False,False,S-6e81f5,2024-10-18,,1862,22344,False,False,annual,True,22.0,1.0,4.0,3.9953191489361704
A-bece89,Company_128,Cybersecurity,IN,2023-12-01,event,Pro,26,False,False,S-004d19,2024-03-03,,5174,62088,False,False,annual,True,18.0,0.0,4.0,3.9953191489361704
A-029f69,Company_129,Cybersecurity,CA,2024-03-07,event,Basic,3,False,False,S-228457,2024-05-24,,4776,57312,False,False,annual,True,43.0,1.0,2.0,3.4906382978723407
A-029f69,Company_129,Cybersecurity,CA,2024-03-07,event,Basic,3,False,False,S-41871d,2024-08-10,,597,7164,False,False,annual,True,78.0,6.0,2.0,3.4906382978723407
A-029f69,Company_129,Cybersecurity,CA,2024-03-07,event,Basic,3,False,False,S-37d13a,2024-08-11,,0,0,False,False,annual,True,24.0,0.0,2.0,3.4906382978723407
A-029f69,Company_129,Cybersecurity,CA,2024-03-07,event,Basic,3,False,False,S-b250cc,2024-11-08,,597,7164,True,False,annual,True,86.0,1.0,2.0,3.4906382978723407
A-029f69,Company_129,Cybersecurity,CA,2024-03-07,event,Basic,3,False,False,S-e0bfb1,2024-08-04,2024-08-23,1029,12348,False,False,annual,False,56.0,6.0,2.0,3.4906382978723407
A-029f69,Company_129,Cybersecurity,CA,2024-03-07,event,Basic,3,False,False,S-2e8409,2024-12-14,,490,5880,False,False,annual,False,11.0,0.0,2.0,3.4906382978723407
A-029f69,Company_129,Cybersecurity,CA,2024-03-07,event,Basic,3,False,False,S-e07b30,2024-11-13,,147,1764,True,False,annual,True,27.0,4.0,2.0,3.4906382978723407
A-029f69,Company_129,Cybersecurity,CA,2024-03-07,event,Basic,3,False,False,S-b69fa2,2024-09-09,,1323,15876,False,False,monthly,False,21.0,0.0,2.0,3.4906382978723407
A-029f69,Company_129,Cybersecurity,CA,2024-03-07,event,Basic,3,False,False,S-3ceff3,2024-09-14,,2985,35820,False,False,annual,True,77.0,10.0,2.0,3.4906382978723407
A-029f69,Company_129,Cybersecurity,CA,2024-03-07,event,Basic,3,False,False,S-32e881,2024-10-10,2024-11-16,0,0,False,False,monthly,True,61.0,1.0,2.0,3.4906382978723407
A-029f69,Company_129,Cybersecurity,CA,2024-03-07,event,Basic,3,False,False,S-f967c2,2024-12-10,,133,1596,False,False,monthly,True,47.0,5.0,2.0,3.4906382978723407
A-029f69,Company_129,Cybersecurity,CA,2024-03-07,event,Basic,3,False,False,S-21c164,2024-12-31,,646,7752,False,False,annual,True,41.0,0.0,2.0,3.4906382978723407
A-029f69,Company_129,Cybersecurity,CA,2024-03-07,event,Basic,3,False,False,S-dcc1a5,2024-05-09,,1274,15288,False,False,annual,False,78.0,4.0,2.0,3.4906382978723407
A-029f69,Company_129,Cybersecurity,CA,2024-03-07,event,Basic,3,False,False,S-e6dee4,2024-11-11,,147,1764,False,False,annual,True,19.0,0.0,2.0,3.4906382978723407
A-029f69,Company_129,Cybersecurity,CA,2024-03-07,event,Basic,3,False,False,S-9eeb7e,2024-12-02,,209,2508,False,False,monthly,False,75.0,1.0,2.0,3.4906382978723407
A-029f69,Company_129,Cybersecurity,CA,2024-03-07,event,Basic,3,False,False,S-c2c197,2024-09-15,2024-09-19,285,3420,False,False,monthly,False,45.0,3.0,2.0,3.4906382978723407
A-5c046d,Company_130,EdTech,FR,2024-07-06,partner,Basic,93,False,False,S-bb1a91,2024-08-18,,1767,21204,False,False,annual,True,60.0,0.0,1.0,3.0
A-5c046d,Company_130,EdTech,FR,2024-07-06,partner,Basic,93,False,False,S-11eef4,2024-07-23,,4557,54684,False,False,annual,True,51.0,2.0,1.0,3.0
A-5c046d,Company_130,EdTech,FR,2024-07-06,partner,Basic,93,False,False,S-aced77,2024-12-20,,18507,222084,False,False,annual,True,74.0,10.0,1.0,3.0
A-5c046d,Company_130,EdTech,FR,2024-07-06,partner,Basic,93,False,False,S-c85c63,2024-12-02,,1767,21204,False,False,monthly,False,23.0,2.0,1.0,3.0
A-5c046d,Company_130,EdTech,FR,2024-07-06,partner,Basic,93,False,False,S-f2be88,2024-09-07,,18507,222084,False,False,monthly,True,91.0,1.0,1.0,3.0
A-5c046d,Company_130,EdTech,FR,2024-07-06,partner,Basic,93,False,False,S-da3b68,2024-11-23,,18507,222084,False,False,monthly,True,89.0,3.0,1.0,3.0
A-5c046d,Company_130,EdTech,FR,2024-07-06,partner,Basic,93,False,False,S-15afd8,2024-12-18,,18507,222084,False,False,annual,True,44.0,1.0,1.0,3.0
A-5c046d,Company_130,EdTech,FR,2024-07-06,partner,Basic,93,False,False,S-68565b,2024-12-02,,1767,21204,False,False,annual,False,43.0,4.0,1.0,3.0
A-fb186e,Company_131,EdTech,IN,2024-10-27,organic,Basic,29,False,False,S-d7d398,2024-12-28,,0,0,False,False,annual,True,124.0,3.0,6.0,3.823971631205674
A-fb186e,Company_131,EdTech,IN,2024-10-27,organic,Basic,29,False,False,S-7d9605,2024-11-16,,0,0,False,False,annual,False,65.0,3.0,6.0,3.823971631205674
A-fb186e,Company_131,EdTech,IN,2024-10-27,organic,Basic,29,False,False,S-0eba5a,2024-12-22,,5771,69252,False,False,monthly,True,18.0,1.0,6.0,3.823971631205674
A-ae052e,Company_132,FinTech,CA,2023-09-11,other,Basic,39,False,False,S-195cd5,2024-11-28,2024-12-06,1960,23520,False,False,monthly,True,74.0,3.0,4.0,3.9906382978723407
A-ae052e,Company_132,FinTech,CA,2023-09-11,other,Basic,39,False,False,S-c619d6,2024-09-02,,1911,22932,False,False,annual,True,27.0,1.0,4.0,3.9906382978723407
A-ae052e,Company_132,FinTech,CA,2023-09-11,other,Basic,39,False,False,S-2abab6,2024-01-22,2024-10-29,0,0,False,True,monthly,True,70.0,3.0,4.0,3.9906382978723407
A-ae052e,Company_132,FinTech,CA,2023-09-11,other,Basic,39,False,False,S-f4e174,2024-12-17,,0,0,False,False,annual,True,72.0,1.0,4.0,3.9906382978723407
A-ae052e,Company_132,FinTech,CA,2023-09-11,other,Basic,39,False,False,S-00ab51,2024-03-31,,1911,22932,True,False,monthly,True,49.0,2.0,4.0,3.9906382978723407
A-ae052e,Company_132,FinTech,CA,2023-09-11,other,Basic,39,False,False,S-76eded,2024-10-24,2024-12-11,1911,22932,False,False,monthly,True,8.0,2.0,4.0,3.9906382978723407
A-9f9299,Company_133,FinTech,US,2023-09-02,organic,Enterprise,28,True,False,S-b5643b,2024-06-11,,5572,66864,False,False,annual,False,58.0,6.0,5.0,4.185021276595745
A-9f9299,Company_133,FinTech,US,2023-09-02,organic,Enterprise,28,True,False,S-93fab3,2024-11-10,2024-12-31,1372,16464,False,False,annual,True,74.0,5.0,5.0,4.185021276595745
A-9f9299,Company_133,FinTech,US,2023-09-02,organic,Enterprise,28,True,False,S-ae1882,2024-10-25,,1159,13908,False,False,monthly,False,21.0,2.0,5.0,4.185021276595745
A-9f9299,Company_133,FinTech,US,2023-09-02,organic,Enterprise,28,True,False,S-2c270f,2024-08-02,,5572,66864,False,False,annual,False,92.0,3.0,5.0,4.185021276595745
A-9f9299,Company_133,FinTech,US,2023-09-02,organic,Enterprise,28,True,False,S-cf2b4a,2023-11-30,2024-08-15,1372,16464,False,False,monthly,True,54.0,9.0,5.0,4.185021276595745
A-9f9299,Company_133,FinTech,US,2023-09-02,organic,Enterprise,28,True,False,S-4bb483,2024-10-06,,5572,66864,False,False,monthly,True,40.0,3.0,5.0,4.185021276595745
A-9f9299,Company_133,FinTech,US,2023-09-02,organic,Enterprise,28,True,False,S-a66766,2024-03-09,,532,6384,False,False,monthly,False,50.0,4.0,5.0,4.185021276595745
A-9f9299,Company_133,FinTech,US,2023-09-02,organic,Enterprise,28,True,False,S-32d56d,2023-11-27,,5572,66864,False,False,annual,True,31.0,1.0,5.0,4.185021276595745
A-9f9299,Company_133,FinTech,US,2023-09-02,organic,Enterprise,28,True,False,S-4f21c1,2023-11-24,2024-07-20,5572,66864,False,False,annual,True,45.0,4.0,5.0,4.185021276595745
A-9f9299,Company_133,FinTech,US,2023-09-02,organic,Enterprise,28,True,False,S-5e7357,2024-07-07,,1568,18816,False,False,monthly,True,39.0,0.0,5.0,4.185021276595745
A-9f9299,Company_133,FinTech,US,2023-09-02,organic,Enterprise,28,True,False,S-5a2a05,2024-04-04,,532,6384,False,False,monthly,True,90.0,8.0,5.0,4.185021276595745
A-9f9299,Company_133,FinTech,US,2023-09-02,organic,Enterprise,28,True,False,S-b93c11,2024-07-08,,532,6384,False,False,monthly,False,126.0,1.0,5.0,4.185021276595745
A-9f9299,Company_133,FinTech,US,2023-09-02,organic,Enterprise,28,True,False,S-649bb6,2024-07-18,,5572,66864,False,False,annual,False,60.0,3.0,5.0,4.185021276595745
A-9f9299,Company_133,FinTech,US,2023-09-02,organic,Enterprise,28,True,False,S-54df4c,2024-11-18,,1372,16464,False,False,annual,True,11.0,0.0,5.0,4.185021276595745
A-9f9299,Company_133,FinTech,US,2023-09-02,organic,Enterprise,28,True,False,S-c41b43,2024-11-17,,532,6384,False,False,monthly,True,39.0,5.0,5.0,4.185021276595745
A-96e141,Company_134,DevTools,UK,2023-08-12,partner,Basic,14,False,False,S-ceaca8,2024-08-10,,4776,57312,False,False,monthly,True,99.0,3.0,5.0,4.192510638297873
A-96e141,Company_134,DevTools,UK,2023-08-12,partner,Basic,14,False,False,S-2d51ca,2023-12-05,,1568,18816,False,False,monthly,True,62.0,2.0,5.0,4.192510638297873
A-96e141,Company_134,DevTools,UK,2023-08-12,partner,Basic,14,False,False,S-984423,2024-08-21,,4975,59700,False,False,monthly,True,20.0,2.0,5.0,4.192510638297873
A-96e141,Company_134,DevTools,UK,2023-08-12,partner,Basic,14,False,False,S-a7ea10,2024-08-05,2024-08-17,285,3420,False,False,annual,True,64.0,7.0,5.0,4.192510638297873
A-96e141,Company_134,DevTools,UK,2023-08-12,partner,Basic,14,False,False,S-9f57f5,2024-05-04,,2786,33432,False,False,monthly,True,26.0,0.0,5.0,4.192510638297873
A-96e141,Company_134,DevTools,UK,2023-08-12,partner,Basic,14,False,False,S-06fb77,2024-03-28,,1078,12936,False,False,annual,True,39.0,4.0,5.0,4.192510638297873
A-96e141,Company_134,DevTools,UK,2023-08-12,partner,Basic,14,False,False,S-e57fb8,2023-10-14,,0,0,False,False,monthly,True,36.0,1.0,5.0,4.192510638297873
A-117171,Company_135,HealthTech,FR,2024-09-12,organic,Basic,45,False,True,S-f50afe,2024-11-11,,855,10260,False,False,annual,True,53.0,3.0,6.0,3.823971631205674
A-117171,Company_135,HealthTech,FR,2024-09-12,organic,Basic,45,False,True,S-2de283,2024-11-27,,0,0,False,False,monthly,True,21.0,3.0,6.0,3.823971631205674
A-117171,Company_135,HealthTech,FR,2024-09-12,organic,Basic,45,False,True,S-096835,2024-10-20,,0,0,False,False,monthly,True,31.0,2.0,6.0,3.823971631205674
A-117171,Company_135,HealthTech,FR,2024-09-12,organic,Basic,45,False,True,S-e71203,2024-10-02,,8955,107460,False,True,monthly,True,54.0,3.0,6.0,3.823971631205674
A-117171,Company_135,HealthTech,FR,2024-09-12,organic,Basic,45,False,True,S-1fb7ac,2024-12-14,2024-12-17,2205,26460,False,False,annual,True,49.0,0.0,6.0,3.823971631205674
A-313be3,Company_136,EdTech,US,2023-11-15,partner,Enterprise,47,True,False,S-7564e1,2024-08-14,,0,0,False,False,monthly,True,24.0,3.0,4.0,4.235957446808511
A-313be3,Company_136,EdTech,US,2023-11-15,partner,Enterprise,47,True,False,S-70cc83,2024-12-16,,2303,27636,False,False,monthly,True,80.0,7.0,4.0,4.235957446808511
A-313be3,Company_136,EdTech,US,2023-11-15,partner,Enterprise,47,True,False,S-0b6899,2024-01-31,,9353,112236,False,False,annual,False,32.0,1.0,4.0,4.235957446808511
A-313be3,Company_136,EdTech,US,2023-11-15,partner,Enterprise,47,True,False,S-f5efe4,2023-11-25,,0,0,False,False,annual,True,62.0,6.0,4.0,4.235957446808511
A-313be3,Company_136,EdTech,US,2023-11-15,partner,Enterprise,47,True,False,S-ac462f,2024-12-03,,0,0,False,False,monthly,True,54.0,2.0,4.0,4.235957446808511
A-313be3,Company_136,EdTech,US,2023-11-15,partner,Enterprise,47,True,False,S-242e1b,2024-08-25,,2303,27636,True,False,annual,False,68.0,6.0,4.0,4.235957446808511
A-313be3,Company_136,EdTech,US,2023-11-15,partner,Enterprise,47,True,False,S-c14566,2023-12-11,,2303,27636,False,False,annual,True,18.0,0.0,4.0,4.235957446808511
A-313be3,Company_136,EdTech,US,2023-11-15,partner,Enterprise,47,True,False,S-db94ad,2024-11-14,,0,0,False,False,annual,True,53.0,4.0,4.0,4.235957446808511
A-313be3,Company_136,EdTech,US,2023-11-15,partner,Enterprise,47,True,False,S-9f0371,2024-07-03,,0,0,False,False,annual,True,28.0,2.0,4.0,4.235957446808511
A-313be3,Company_136,EdTech,US,2023-11-15,partner,Enterprise,47,True,False,S-b45a10,2024-08-14,,2744,32928,False,False,monthly,False,72.0,6.0,4.0,4.235957446808511
A-313be3,Company_136,EdTech,US,2023-11-15,partner,Enterprise,47,True,False,S-9d8ac4,2024-09-29,,0,0,False,False,annual,True,69.0,3.0,4.0,4.235957446808511
A-671f31,Company_137,DevTools,US,2024-11-24,ads,Basic,59,False,False,S-65ae02,2024-12-14,,2891,34692,False,False,annual,True,18.0,2.0,7.0,4.137507598784195
A-671f31,Company_137,DevTools,US,2024-11-24,ads,Basic,59,False,False,S-c508b3,2024-12-24,,11741,140892,False,False,annual,False,13.0,0.0,7.0,4.137507598784195
A-671f31,Company_137,DevTools,US,2024-11-24,ads,Basic,59,False,False,S-814624,2024-12-28,,0,0,False,True,annual,True,38.0,6.0,7.0,4.137507598784195
A-671f31,Company_137,DevTools,US,2024-11-24,ads,Basic,59,False,False,S-330989,2024-11-27,,2891,34692,False,False,annual,True,45.0,3.0,7.0,4.137507598784195
A-671f31,Company_137,DevTools,US,2024-11-24,ads,Basic,59,False,False,S-cb117a,2024-12-07,,11741,140892,False,False,annual,True,53.0,5.0,7.0,4.137507598784195
A-671f31,Company_137,DevTools,US,2024-11-24,ads,Basic,59,False,False,S-68f388,2024-11-27,,1121,13452,False,False,monthly,True,0.0,0.0,7.0,4.137507598784195
A-bbc346,Company_138,FinTech,US,2024-08-29,partner,Enterprise,19,False,False,S-10bd09,2024-09-03,,950,11400,False,False,annual,True,42.0,0.0,3.0,4.3270921985815605
A-bbc346,Company_138,FinTech,US,2024-08-29,partner,Enterprise,19,False,False,S-a1d67e,2024-12-20,,980,11760,False,False,annual,False,29.0,1.0,3.0,4.3270921985815605
A-bbc346,Company_138,FinTech,US,2024-08-29,partner,Enterprise,19,False,False,S-cafa84,2024-09-16,,3781,45372,False,False,annual,True,66.0,6.0,3.0,4.3270921985815605
A-bbc346,Company_138,FinTech,US,2024-08-29,partner,Enterprise,19,False,False,S-504683,2024-11-24,,3781,45372,False,False,annual,True,53.0,5.0,3.0,4.3270921985815605
A-bbc346,Company_138,FinTech,US,2024-08-29,partner,Enterprise,19,False,False,S-56ed05,2024-12-24,,0,0,False,True,annual,True,83.0,10.0,3.0,4.3270921985815605
A-bbc346,Company_138,FinTech,US,2024-08-29,partner,Enterprise,19,False,False,S-44483e,2024-09-30,2024-10-22,0,0,False,True,monthly,True,39.0,0.0,3.0,4.3270921985815605
A-bbc346,Company_138,FinTech,US,2024-08-29,partner,Enterprise,19,False,False,S-43b6e9,2024-12-13,,5373,64476,False,False,monthly,True,88.0,5.0,3.0,4.3270921985815605
A-bbc346,Company_138,FinTech,US,2024-08-29,partner,Enterprise,19,False,False,S-913134,2024-11-29,,760,9120,False,False,monthly,True,18.0,0.0,3.0,4.3270921985815605
A-bbc346,Company_138,FinTech,US,2024-08-29,partner,Enterprise,19,False,False,S-2aafa6,2024-10-03,,3781,45372,False,False,annual,True,67.0,2.0,3.0,4.3270921985815605
A-bbc346,Company_138,FinTech,US,2024-08-29,partner,Enterprise,19,False,False,S-4d2bda,2024-09-27,,0,0,True,False,annual,True,33.0,3.0,3.0,4.3270921985815605
A-bbc346,Company_138,FinTech,US,2024-08-29,partner,Enterprise,19,False,False,S-ff681f,2024-08-31,,3781,45372,True,False,annual,False,35.0,3.0,3.0,4.3270921985815605
A-bbc346,Company_138,FinTech,US,2024-08-29,partner,Enterprise,19,False,False,S-495e57,2024-08-31,2024-10-26,980,11760,True,False,annual,True,49.0,0.0,3.0,4.3270921985815605
A-bbc346,Company_138,FinTech,US,2024-08-29,partner,Enterprise,19,False,False,S-618471,2024-10-20,,8955,107460,False,False,monthly,True,48.0,2.0,3.0,4.3270921985815605
A-c16101,Company_139,EdTech,IN,2024-09-06,other,Basic,7,False,False,S-720d62,2024-10-05,,1007,12084,False,False,monthly,True,68.0,6.0,4.0,4.235957446808511
A-c16101,Company_139,EdTech,IN,2024-09-06,other,Basic,7,False,False,S-f74bdd,2024-09-14,,2786,33432,False,False,annual,True,38.0,0.0,4.0,4.235957446808511
A-c16101,Company_139,EdTech,IN,2024-09-06,other,Basic,7,False,False,S-8c41e8,2024-09-23,,304,3648,True,False,annual,True,86.0,6.0,4.0,4.235957446808511
A-c16101,Company_139,EdTech,IN,2024-09-06,other,Basic,7,False,False,S-2ee7ec,2024-10-24,,228,2736,False,False,monthly,True,82.0,3.0,4.0,4.235957446808511
A-c16101,Company_139,EdTech,IN,2024-09-06,other,Basic,7,False,False,S-b152d6,2024-12-25,,343,4116,False,False,monthly,True,45.0,6.0,4.0,4.235957446808511
A-c16101,Company_139,EdTech,IN,2024-09-06,other,Basic,7,False,False,S-7b3464,2024-09-17,,1393,16716,False,True,annual,False,37.0,3.0,4.0,4.235957446808511
A-c16101,Company_139,EdTech,IN,2024-09-06,other,Basic,7,False,False,S-e477e9,2024-09-06,,343,4116,False,False,monthly,True,44.0,1.0,4.0,4.235957446808511
A-c16101,Company_139,EdTech,IN,2024-09-06,other,Basic,7,False,False,S-9def16,2024-12-10,,4378,52536,False,False,monthly,True,66.0,4.0,4.0,4.235957446808511
A-c16101,Company_139,EdTech,IN,2024-09-06,other,Basic,7,False,False,S-3cae45,2024-10-18,,1393,16716,False,False,annual,True,38.0,0.0,4.0,4.235957446808511
A-c16101,Company_139,EdTech,IN,2024-09-06,other,Basic,7,False,False,S-00fb6e,2024-10-22,,247,2964,False,False,monthly,True,57.0,0.0,4.0,4.235957446808511
A-50f3f7,Company_140,HealthTech,US,2023-12-22,partner,Basic,31,False,True,S-ff78bf,2024-05-13,,0,0,False,False,monthly,False,62.0,5.0,6.0,4.490638297872341
A-50f3f7,Company_140,HealthTech,US,2023-12-22,partner,Basic,31,False,True,S-3e510d,2024-06-27,,1519,18228,False,True,annual,True,34.0,2.0,6.0,4.490638297872341
A-50f3f7,Company_140,HealthTech,US,2023-12-22,partner,Basic,31,False,True,S-01bbfe,2024-07-12,,1519,18228,False,False,annual,True,19.0,0.0,6.0,4.490638297872341
A-50f3f7,Company_140,HealthTech,US,2023-12-22,partner,Basic,31,False,True,S-44a7c3,2024-10-23,,6169,74028,False,False,monthly,True,67.0,5.0,6.0,4.490638297872341
A-50f3f7,Company_140,HealthTech,US,2023-12-22,partner,Basic,31,False,True,S-688851,2024-04-05,,969,11628,False,False,annual,True,66.0,1.0,6.0,4.490638297872341
A-50f3f7,Company_140,HealthTech,US,2023-12-22,partner,Basic,31,False,True,S-f020d4,2024-12-17,,6169,74028,False,False,annual,True,50.0,6.0,6.0,4.490638297872341
A-50f3f7,Company_140,HealthTech,US,2023-12-22,partner,Basic,31,False,True,S-6b97b7,2024-11-09,,6169,74028,False,False,annual,True,84.0,8.0,6.0,4.490638297872341
A-50f3f7,Company_140,HealthTech,US,2023-12-22,partner,Basic,31,False,True,S-2f2ba3,2024-12-11,,6169,74028,False,False,monthly,True,52.0,7.0,6.0,4.490638297872341
A-50f3f7,Company_140,HealthTech,US,2023-12-22,partner,Basic,31,False,True,S-e21910,2024-02-02,,589,7068,False,False,monthly,True,50.0,1.0,6.0,4.490638297872341
A-50f3f7,Company_140,HealthTech,US,2023-12-22,partner,Basic,31,False,True,S-495d33,2024-07-24,,589,7068,False,False,monthly,True,77.0,4.0,6.0,4.490638297872341
A-50f3f7,Company_140,HealthTech,US,2023-12-22,partner,Basic,31,False,True,S-0185ce,2024-06-01,,0,0,False,False,annual,False,47.0,3.0,6.0,4.490638297872341
A-50f3f7,Company_140,HealthTech,US,2023-12-22,partner,Basic,31,False,True,S-0e7e70,2024-05-15,,1519,18228,False,False,annual,True,18.0,0.0,6.0,4.490638297872341
A-50f3f7,Company_140,HealthTech,US,2023-12-22,partner,Basic,31,False,True,S-6bf118,2024-11-06,,2223,26676,False,False,monthly,True,9.0,0.0,6.0,4.490638297872341
A-50f3f7,Company_140,HealthTech,US,2023-12-22,partner,Basic,31,False,True,S-ae6295,2024-05-06,,1519,18228,False,True,annual,True,33.0,3.0,6.0,4.490638297872341
A-50f3f7,Company_140,HealthTech,US,2023-12-22,partner,Basic,31,False,True,S-4b005c,2024-01-05,,8955,107460,False,False,annual,True,17.0,0.0,6.0,4.490638297872341
A-7da956,Company_141,Cybersecurity,US,2024-06-02,event,Pro,13,True,False,S-ceb9bd,2024-11-12,,980,11760,False,False,annual,True,69.0,1.0,3.0,4.320851063829788
A-7da956,Company_141,Cybersecurity,US,2024-06-02,event,Pro,13,True,False,S-bb9299,2024-10-16,,0,0,False,False,annual,True,48.0,2.0,3.0,4.320851063829788
A-7da956,Company_141,Cybersecurity,US,2024-06-02,event,Pro,13,True,False,S-dfd629,2024-06-15,,0,0,False,False,annual,True,17.0,3.0,3.0,4.320851063829788
A-7da956,Company_141,Cybersecurity,US,2024-06-02,event,Pro,13,True,False,S-a55d16,2024-07-23,,247,2964,False,False,monthly,False,25.0,0.0,3.0,4.320851063829788
A-7da956,Company_141,Cybersecurity,US,2024-06-02,event,Pro,13,True,False,S-632337,2024-09-26,2024-12-29,2786,33432,False,False,monthly,True,43.0,3.0,3.0,4.320851063829788
A-7da956,Company_141,Cybersecurity,US,2024-06-02,event,Pro,13,True,False,S-d19da0,2024-11-04,,247,2964,False,False,annual,True,33.0,0.0,3.0,4.320851063829788
A-7da956,Company_141,Cybersecurity,US,2024-06-02,event,Pro,13,True,False,S-456d47,2024-10-08,,2587,31044,False,False,monthly,True,39.0,3.0,3.0,4.320851063829788
A-7da956,Company_141,Cybersecurity,US,2024-06-02,event,Pro,13,True,False,S-e1e2bf,2024-09-24,2024-11-04,247,2964,False,True,annual,True,24.0,0.0,3.0,4.320851063829788
A-7da956,Company_141,Cybersecurity,US,2024-06-02,event,Pro,13,True,False,S-510999,2024-06-30,,0,0,True,False,monthly,True,100.0,5.0,3.0,4.320851063829788
A-7da956,Company_141,Cybersecurity,US,2024-06-02,event,Pro,13,True,False,S-3c5dab,2024-08-13,,247,2964,False,False,monthly,True,47.0,6.0,3.0,4.320851063829788
A-7da956,Company_141,Cybersecurity,US,2024-06-02,event,Pro,13,True,False,S-808efb,2024-11-16,,2985,35820,False,True,monthly,True,15.0,2.0,3.0,4.320851063829788
A-7da956,Company_141,Cybersecurity,US,2024-06-02,event,Pro,13,True,False,S-9bc272,2024-07-20,,637,7644,False,False,annual,True,83.0,10.0,3.0,4.320851063829788
A-019782,Company_142,DevTools,FR,2023-04-19,event,Enterprise,11,False,False,S-2fd650,2024-12-04,,0,0,False,False,annual,False,60.0,2.0,2.0,3.4906382978723407
A-019782,Company_142,DevTools,FR,2023-04-19,event,Enterprise,11,False,False,S-b7f657,2023-08-28,,2587,31044,False,False,annual,True,60.0,3.0,2.0,3.4906382978723407
A-019782,Company_142,DevTools,FR,2023-04-19,event,Enterprise,11,False,False,S-f018e9,2024-06-25,,266,3192,False,False,annual,True,97.0,9.0,2.0,3.4906382978723407
A-019782,Company_142,DevTools,FR,2023-04-19,event,Enterprise,11,False,False,S-3ea3af,2024-05-16,,539,6468,False,False,monthly,False,74.0,1.0,2.0,3.4906382978723407
A-019782,Company_142,DevTools,FR,2023-04-19,event,Enterprise,11,False,False,S-7820a5,2023-08-16,,735,8820,False,False,monthly,True,81.0,6.0,2.0,3.4906382978723407
A-019782,Company_142,DevTools,FR,2023-04-19,event,Enterprise,11,False,False,S-3ec165,2023-08-19,2023-11-27,3184,38208,False,False,annual,True,61.0,1.0,2.0,3.4906382978723407
A-019782,Company_142,DevTools,FR,2023-04-19,event,Enterprise,11,False,False,S-b37d03,2023-06-08,,833,9996,True,False,annual,True,48.0,0.0,2.0,3.4906382978723407
A-019782,Company_142,DevTools,FR,2023-04-19,event,Enterprise,11,False,False,S-b6e44c,2023-10-26,,209,2508,False,False,annual,False,59.0,5.0,2.0,3.4906382978723407
A-019782,Company_142,DevTools,FR,2023-04-19,event,Enterprise,11,False,False,S-15662a,2024-02-22,,0,0,False,False,annual,True,22.0,3.0,2.0,3.4906382978723407
A-df10db,Company_143,DevTools,US,2023-06-06,other,Enterprise,2,True,False,S-3cc163,2024-07-02,,0,0,True,False,annual,False,60.0,3.0,2.0,3.0
A-df10db,Company_143,DevTools,US,2023-06-06,other,Enterprise,2,True,False,S-fa7c1a,2024-10-21,,2388,28656,False,False,monthly,True,25.0,7.0,2.0,3.0
A-df10db,Company_143,DevTools,US,2023-06-06,other,Enterprise,2,True,False,S-5b4149,2023-10-23,,133,1596,False,False,annual,True,53.0,1.0,2.0,3.0
A-df10db,Company_143,DevTools,US,2023-06-06,other,Enterprise,2,True,False,S-5e8d9f,2024-05-30,,6567,78804,False,False,annual,True,93.0,14.0,2.0,3.0
A-df10db,Company_143,DevTools,US,2023-06-06,other,Enterprise,2,True,False,S-52699f,2023-08-25,2024-12-03,266,3192,False,False,monthly,True,67.0,2.0,2.0,3.0
A-df10db,Company_143,DevTools,US,2023-06-06,other,Enterprise,2,True,False,S-a525b3,2023-12-05,,343,4116,True,False,monthly,False,64.0,0.0,2.0,3.0
A-df10db,Company_143,DevTools,US,2023-06-06,other,Enterprise,2,True,False,S-bbd26a,2024-06-24,,57,684,False,False,monthly,True,33.0,5.0,2.0,3.0
A-df10db,Company_143,DevTools,US,2023-06-06,other,Enterprise,2,True,False,S-65d722,2023-09-23,,38,456,False,False,monthly,True,68.0,0.0,2.0,3.0
A-df10db,Company_143,DevTools,US,2023-06-06,other,Enterprise,2,True,False,S-bbff6f,2024-05-19,,1274,15288,False,False,monthly,True,122.0,2.0,2.0,3.0
A-df10db,Company_143,DevTools,US,2023-06-06,other,Enterprise,2,True,False,S-ea389c,2024-09-08,,266,3192,False,False,monthly,True,42.0,2.0,2.0,3.0
A-df10db,Company_143,DevTools,US,2023-06-06,other,Enterprise,2,True,False,S-611bf8,2023-09-08,,398,4776,False,False,annual,True,70.0,4.0,2.0,3.0
A-3932db,Company_144,HealthTech,CA,2023-10-04,other,Pro,19,True,True,S-409291,2024-10-29,,1764,21168,False,False,annual,True,74.0,4.0,6.0,4.157304964539008
A-3932db,Company_144,HealthTech,CA,2023-10-04,other,Pro,19,True,True,S-12902a,2024-09-21,,3781,45372,True,False,monthly,True,45.0,2.0,6.0,4.157304964539008
A-3932db,Company_144,HealthTech,CA,2023-10-04,other,Pro,19,True,True,S-81caea,2024-02-15,,361,4332,True,True,monthly,True,67.0,6.0,6.0,4.157304964539008
A-3932db,Company_144,HealthTech,CA,2023-10-04,other,Pro,19,True,True,S-7d8dde,2024-11-29,,6965,83580,False,False,monthly,True,43.0,0.0,6.0,4.157304964539008
A-3932db,Company_144,HealthTech,CA,2023-10-04,other,Pro,19,True,True,S-3d46f8,2023-12-10,,437,5244,False,False,monthly,True,31.0,2.0,6.0,4.157304964539008
A-3932db,Company_144,HealthTech,CA,2023-10-04,other,Pro,19,True,True,S-9bf1a0,2024-03-06,,779,9348,False,False,monthly,True,40.0,5.0,6.0,4.157304964539008
A-3932db,Company_144,HealthTech,CA,2023-10-04,other,Pro,19,True,True,S-8464b6,2024-07-24,2024-08-10,0,0,False,False,monthly,True,12.0,0.0,6.0,4.157304964539008
A-3932db,Company_144,HealthTech,CA,2023-10-04,other,Pro,19,True,True,S-697d16,2024-12-31,,0,0,False,False,monthly,True,44.0,0.0,6.0,4.157304964539008
A-3932db,Company_144,HealthTech,CA,2023-10-04,other,Pro,19,True,True,S-c0d979,2024-09-19,,0,0,False,False,annual,True,78.0,9.0,6.0,4.157304964539008
A-4f18f0,Company_145,DevTools,CA,2024-04-21,other,Pro,24,True,False,S-d9ad28,2024-04-28,,1176,14112,False,False,monthly,False,45.0,1.0,5.0,3.9962553191489363
A-4f18f0,Company_145,DevTools,CA,2024-04-21,other,Pro,24,True,False,S-9ed535,2024-10-04,,4776,57312,False,False,annual,True,42.0,5.0,5.0,3.9962553191489363
A-4f18f0,Company_145,DevTools,CA,2024-04-21,other,Pro,24,True,False,S-1876fb,2024-10-12,,11741,140892,False,False,monthly,False,48.0,4.0,5.0,3.9962553191489363
A-4f18f0,Company_145,DevTools,CA,2024-04-21,other,Pro,24,True,False,S-7f92bd,2024-06-04,2024-08-10,456,5472,False,True,monthly,True,38.0,2.0,5.0,3.9962553191489363
A-4f18f0,Company_145,DevTools,CA,2024-04-21,other,Pro,24,True,False,S-afa2a9,2024-07-26,,4776,57312,False,False,annual,True,40.0,1.0,5.0,3.9962553191489363
A-4f18f0,Company_145,DevTools,CA,2024-04-21,other,Pro,24,True,False,S-21b68e,2024-04-25,,0,0,False,False,monthly,True,87.0,4.0,5.0,3.9962553191489363
A-4f18f0,Company_145,DevTools,CA,2024-04-21,other,Pro,24,True,False,S-541d7a,2024-09-05,2024-10-11,0,0,False,False,annual,False,9.0,0.0,5.0,3.9962553191489363
A-4f18f0,Company_145,DevTools,CA,2024-04-21,other,Pro,24,True,False,S-7db513,2024-06-01,,4776,57312,False,False,monthly,True,45.0,0.0,5.0,3.9962553191489363
A-4f18f0,Company_145,DevTools,CA,2024-04-21,other,Pro,24,True,False,S-f2e134,2024-08-09,2024-10-07,475,5700,False,False,monthly,True,60.0,3.0,5.0,3.9962553191489363
A-4f18f0,Company_145,DevTools,CA,2024-04-21,other,Pro,24,True,False,S-4260ed,2024-07-15,,456,5472,False,False,annual,True,19.0,0.0,5.0,3.9962553191489363
A-4f18f0,Company_145,DevTools,CA,2024-04-21,other,Pro,24,True,False,S-1c7a41,2024-12-20,,456,5472,False,False,monthly,True,30.0,0.0,5.0,3.9962553191489363
A-4f18f0,Company_145,DevTools,CA,2024-04-21,other,Pro,24,True,False,S-00bb84,2024-07-07,,1176,14112,False,False,annual,True,81.0,5.0,5.0,3.9962553191489363
A-4c6f11,Company_146,FinTech,CA,2023-11-27,organic,Pro,24,True,True,S-d322a2,2024-08-01,,456,5472,False,False,monthly,True,66.0,4.0,3.0,4.333333333333333
A-4c6f11,Company_146,FinTech,CA,2023-11-27,organic,Pro,24,True,True,S-37b6b2,2024-05-10,,1176,14112,False,False,annual,False,48.0,0.0,3.0,4.333333333333333
A-4c6f11,Company_146,FinTech,CA,2023-11-27,organic,Pro,24,True,True,S-911e27,2024-07-14,,665,7980,False,False,monthly,False,48.0,0.0,3.0,4.333333333333333
A-4c6f11,Company_146,FinTech,CA,2023-11-27,organic,Pro,24,True,True,S-b4d224,2024-05-31,,513,6156,False,True,annual,True,42.0,0.0,3.0,4.333333333333333
A-4c6f11,Company_146,FinTech,CA,2023-11-27,organic,Pro,24,True,True,S-f1826f,2024-03-30,,4776,57312,False,False,monthly,True,64.0,0.0,3.0,4.333333333333333
A-8ae05d,Company_147,FinTech,IN,2024-04-06,other,Enterprise,86,False,False,S-be601b,2024-07-07,,1634,19608,False,False,monthly,True,34.0,0.0,1.0,4.0
A-8ae05d,Company_147,FinTech,IN,2024-04-06,other,Enterprise,86,False,False,S-a1d3ad,2024-06-09,,0,0,False,False,monthly,True,10.0,0.0,1.0,4.0
A-8ae05d,Company_147,FinTech,IN,2024-04-06,other,Enterprise,86,False,False,S-55db9e,2024-08-19,,1634,19608,False,False,annual,False,36.0,5.0,1.0,4.0
A-8ae05d,Company_147,FinTech,IN,2024-04-06,other,Enterprise,86,False,False,S-a54fb2,2024-06-01,,1634,19608,False,False,annual,False,38.0,1.0,1.0,4.0
A-8ae05d,Company_147,FinTech,IN,2024-04-06,other,Enterprise,86,False,False,S-f74e00,2024-12-02,,4214,50568,False,False,monthly,True,17.0,0.0,1.0,4.0
A-8ae05d,Company_147,FinTech,IN,2024-04-06,other,Enterprise,86,False,False,S-f4b648,2024-11-27,2024-12-28,17114,205368,False,False,annual,True,31.0,0.0,1.0,4.0
A-8ae05d,Company_147,FinTech,IN,2024-04-06,other,Enterprise,86,False,False,S-b8c3e6,2024-12-13,,0,0,False,False,monthly,True,37.0,4.0,1.0,4.0
A-b78bf8,Company_148,DevTools,US,2024-11-15,event,Pro,33,False,False,S-75e469,2024-12-28,,1617,19404,False,False,monthly,True,25.0,1.0,5.0,4.2
A-b78bf8,Company_148,DevTools,US,2024-11-15,event,Pro,33,False,False,S-b18ae9,2024-12-14,,1617,19404,False,False,monthly,True,69.0,0.0,5.0,4.2
A-b78bf8,Company_148,DevTools,US,2024-11-15,event,Pro,33,False,False,S-4b5470,2024-11-17,,6567,78804,False,False,monthly,True,40.0,0.0,5.0,4.2
A-b78bf8,Company_148,DevTools,US,2024-11-15,event,Pro,33,False,False,S-cd0f21,2024-12-08,,9751,117012,True,True,annual,True,90.0,6.0,5.0,4.2
A-b78bf8,Company_148,DevTools,US,2024-11-15,event,Pro,33,False,False,S-a9b8a2,2024-11-25,,1617,19404,False,False,annual,True,91.0,1.0,5.0,4.2
A-b78bf8,Company_148,DevTools,US,2024-11-15,event,Pro,33,False,False,S-4f3461,2024-12-18,,0,0,False,False,monthly,True,19.0,1.0,5.0,4.2
A-b78bf8,Company_148,DevTools,US,2024-11-15,event,Pro,33,False,False,S-012ab9,2024-12-04,,627,7524,False,False,monthly,True,64.0,2.0,5.0,4.2
A-b78bf8,Company_148,DevTools,US,2024-11-15,event,Pro,33,False,False,S-cc30c5,2024-11-17,,627,7524,False,False,monthly,True,23.0,0.0,5.0,4.2
A-eafc6e,Company_149,DevTools,US,2023-07-06,partner,Pro,27,False,True,S-a1d6ad,2024-09-01,,1323,15876,False,False,monthly,True,53.0,3.0,1.0,3.981276595744681
A-eafc6e,Company_149,DevTools,US,2023-07-06,partner,Pro,27,False,True,S-672f1b,2023-08-08,,1323,15876,False,False,monthly,True,28.0,0.0,1.0,3.981276595744681
A-eafc6e,Company_149,DevTools,US,2023-07-06,partner,Pro,27,False,True,S-9225ac,2024-09-28,,0,0,False,False,annual,True,55.0,0.0,1.0,3.981276595744681
A-eafc6e,Company_149,DevTools,US,2023-07-06,partner,Pro,27,False,True,S-779baa,2024-10-30,,0,0,False,False,monthly,True,51.0,4.0,1.0,3.981276595744681
A-eafc6e,Company_149,DevTools,US,2023-07-06,partner,Pro,27,False,True,S-3e5a20,2024-07-17,,1444,17328,False,False,monthly,False,49.0,6.0,1.0,3.981276595744681
A-eafc6e,Company_149,DevTools,US,2023-07-06,partner,Pro,27,False,True,S-802cc6,2023-11-15,,6766,81192,False,False,annual,True,41.0,2.0,1.0,3.981276595744681
A-eafc6e,Company_149,DevTools,US,2023-07-06,partner,Pro,27,False,True,S-909b7f,2024-08-16,,5373,64476,False,False,monthly,True,23.0,0.0,1.0,3.981276595744681
A-37f969,Company_150,HealthTech,IN,2023-10-14,partner,Enterprise,30,False,False,S-ed32c7,2023-10-24,,1470,17640,False,False,annual,False,36.0,0.0,5.0,3.7925106382978724
A-37f969,Company_150,HealthTech,IN,2023-10-14,partner,Enterprise,30,False,False,S-e6f639,2023-12-02,,1470,17640,False,False,monthly,True,27.0,0.0,5.0,3.7925106382978724
A-37f969,Company_150,HealthTech,IN,2023-10-14,partner,Enterprise,30,False,False,S-c2168a,2024-08-22,,570,6840,False,False,monthly,True,54.0,6.0,5.0,3.7925106382978724
A-37f969,Company_150,HealthTech,IN,2023-10-14,partner,Enterprise,30,False,False,S-969aac,2024-05-14,,5970,71640,False,False,monthly,False,11.0,0.0,5.0,3.7925106382978724
A-37f969,Company_150,HealthTech,IN,2023-10-14,partner,Enterprise,30,False,False,S-5eeb46,2024-06-05,,570,6840,False,False,annual,True,77.0,4.0,5.0,3.7925106382978724
A-37f969,Company_150,HealthTech,IN,2023-10-14,partner,Enterprise,30,False,False,S-3947da,2024-09-12,,5970,71640,True,False,annual,True,59.0,3.0,5.0,3.7925106382978724
A-37f969,Company_150,HealthTech,IN,2023-10-14,partner,Enterprise,30,False,False,S-6403db,2023-11-02,,969,11628,False,False,monthly,True,8.0,0.0,5.0,3.7925106382978724
A-37f969,Company_150,HealthTech,IN,2023-10-14,partner,Enterprise,30,False,False,S-3bb28f,2024-01-20,,5970,71640,True,False,monthly,True,40.0,1.0,5.0,3.7925106382978724
A-10b8f2,Company_151,HealthTech,DE,2023-01-11,organic,Basic,47,True,False,S-49a9aa,2023-06-16,,969,11628,False,False,annual,True,21.0,2.0,3.0,4.333333333333333
A-10b8f2,Company_151,HealthTech,DE,2023-01-11,organic,Basic,47,True,False,S-d4cc9b,2023-10-03,,2646,31752,False,False,annual,True,16.0,0.0,3.0,4.333333333333333
A-10b8f2,Company_151,HealthTech,DE,2023-01-11,organic,Basic,47,True,False,S-5e558a,2023-10-07,,9353,112236,False,False,annual,True,51.0,0.0,3.0,4.333333333333333
A-10b8f2,Company_151,HealthTech,DE,2023-01-11,organic,Basic,47,True,False,S-bff3b5,2024-03-22,,2303,27636,False,False,monthly,False,47.0,0.0,3.0,4.333333333333333
A-10b8f2,Company_151,HealthTech,DE,2023-01-11,organic,Basic,47,True,False,S-3ff7bb,2024-08-15,,0,0,True,False,monthly,True,43.0,3.0,3.0,4.333333333333333
A-10b8f2,Company_151,HealthTech,DE,2023-01-11,organic,Basic,47,True,False,S-7ea264,2024-04-10,,9353,112236,False,False,annual,True,7.0,2.0,3.0,4.333333333333333
A-10b8f2,Company_151,HealthTech,DE,2023-01-11,organic,Basic,47,True,False,S-4a2fc6,2023-08-05,,0,0,False,False,annual,True,65.0,5.0,3.0,4.333333333333333
A-10b8f2,Company_151,HealthTech,DE,2023-01-11,organic,Basic,47,True,False,S-4a89a7,2023-04-19,,893,10716,False,False,monthly,False,35.0,1.0,3.0,4.333333333333333
A-10b8f2,Company_151,HealthTech,DE,2023-01-11,organic,Basic,47,True,False,S-1cefc9,2024-12-16,,2352,28224,False,False,annual,True,51.0,1.0,3.0,4.333333333333333
A-10b8f2,Company_151,HealthTech,DE,2023-01-11,organic,Basic,47,True,False,S-fa9b43,2023-02-05,,0,0,False,False,annual,False,48.0,1.0,3.0,4.333333333333333
A-10b8f2,Company_151,HealthTech,DE,2023-01-11,organic,Basic,47,True,False,S-2a73e2,2024-01-29,,893,10716,False,False,annual,False,122.0,3.0,3.0,4.333333333333333
A-10b8f2,Company_151,HealthTech,DE,2023-01-11,organic,Basic,47,True,False,S-4e563b,2024-04-26,,1957,23484,False,False,annual,True,54.0,5.0,3.0,4.333333333333333
A-439b2f,Company_152,DevTools,US,2024-02-21,ads,Enterprise,1,False,True,S-94cfff,2024-04-16,2024-05-18,0,0,False,False,annual,True,53.0,0.0,3.0,3.981276595744681
A-439b2f,Company_152,DevTools,US,2024-02-21,ads,Enterprise,1,False,True,S-ea3d54,2024-05-30,,199,2388,False,False,monthly,False,43.0,2.0,3.0,3.981276595744681
A-439b2f,Company_152,DevTools,US,2024-02-21,ads,Enterprise,1,False,True,S-0a765d,2024-07-03,,76,912,False,False,monthly,True,9.0,3.0,3.0,3.981276595744681
A-439b2f,Company_152,DevTools,US,2024-02-21,ads,Enterprise,1,False,True,S-e48c4d,2024-03-09,,133,1596,False,False,annual,True,29.0,0.0,3.0,3.981276595744681
A-439b2f,Company_152,DevTools,US,2024-02-21,ads,Enterprise,1,False,True,S-83ee75,2024-12-27,,1274,15288,True,False,monthly,True,11.0,0.0,3.0,3.981276595744681
A-439b2f,Company_152,DevTools,US,2024-02-21,ads,Enterprise,1,False,True,S-dab0d8,2024-05-16,,114,1368,False,False,annual,True,26.0,0.0,3.0,3.981276595744681
A-544d0a,Company_153,DevTools,US,2024-05-02,organic,Basic,2,True,False,S-c9f8c1,2024-07-23,,995,11940,False,True,monthly,True,28.0,1.0,2.0,4.0
A-544d0a,Company_153,DevTools,US,2024-05-02,organic,Basic,2,True,False,S-c5723e,2024-06-27,,209,2508,False,False,annual,True,43.0,1.0,2.0,4.0
A-544d0a,Company_153,DevTools,US,2024-05-02,organic,Basic,2,True,False,S-4f2ca8,2024-09-24,,12736,152832,False,False,annual,True,82.0,2.0,2.0,4.0
A-544d0a,Company_153,DevTools,US,2024-05-02,organic,Basic,2,True,False,S-246f9c,2024-10-27,,294,3528,False,True,monthly,True,41.0,2.0,2.0,4.0
A-544d0a,Company_153,DevTools,US,2024-05-02,organic,Basic,2,True,False,S-88bc66,2024-05-24,,2107,25284,False,False,monthly,False,22.0,0.0,2.0,4.0
A-544d0a,Company_153,DevTools,US,2024-05-02,organic,Basic,2,True,False,S-4bfab2,2024-12-07,,38,456,False,False,monthly,True,60.0,0.0,2.0,4.0
A-544d0a,Company_153,DevTools,US,2024-05-02,organic,Basic,2,True,False,S-7134c2,2024-09-02,,1421,17052,False,False,annual,False,68.0,6.0,2.0,4.0
A-544d0a,Company_153,DevTools,US,2024-05-02,organic,Basic,2,True,False,S-1577c3,2024-11-29,,0,0,False,False,monthly,True,0.0,0.0,2.0,4.0
A-544d0a,Company_153,DevTools,US,2024-05-02,organic,Basic,2,True,False,S-778c7e,2024-12-19,,398,4776,True,False,annual,False,55.0,6.0,2.0,4.0
A-544d0a,Company_153,DevTools,US,2024-05-02,organic,Basic,2,True,False,S-1f2b1a,2024-06-22,,294,3528,False,False,monthly,True,111.0,4.0,2.0,4.0
A-ba6516,Company_154,FinTech,US,2023-10-29,ads,Pro,27,False,False,S-cff5a2,2024-01-10,,5373,64476,False,False,monthly,True,0.0,0.0,6.0,3.993758865248227
A-ba6516,Company_154,FinTech,US,2023-10-29,ads,Pro,27,False,False,S-fa5301,2024-03-14,,0,0,False,False,monthly,False,40.0,1.0,6.0,3.993758865248227
A-ba6516,Company_154,FinTech,US,2023-10-29,ads,Pro,27,False,False,S-e73303,2024-06-28,,7562,90744,False,False,monthly,True,46.0,3.0,6.0,3.993758865248227
A-ba6516,Company_154,FinTech,US,2023-10-29,ads,Pro,27,False,False,S-df91b0,2024-10-04,,513,6156,False,True,monthly,False,57.0,1.0,6.0,3.993758865248227
A-ba6516,Company_154,FinTech,US,2023-10-29,ads,Pro,27,False,False,S-8c8905,2024-05-18,,5373,64476,False,False,annual,True,44.0,6.0,6.0,3.993758865248227
A-ba6516,Company_154,FinTech,US,2023-10-29,ads,Pro,27,False,False,S-2f0291,2024-11-24,,5373,64476,False,False,annual,True,67.0,0.0,6.0,3.993758865248227
A-ba6516,Company_154,FinTech,US,2023-10-29,ads,Pro,27,False,False,S-bc2633,2024-11-03,,1323,15876,False,False,monthly,True,96.0,1.0,6.0,3.993758865248227
A-ba6516,Company_154,FinTech,US,2023-10-29,ads,Pro,27,False,False,S-393c51,2024-04-02,,513,6156,False,True,annual,True,73.0,2.0,6.0,3.993758865248227
A-ba6516,Company_154,FinTech,US,2023-10-29,ads,Pro,27,False,False,S-fc01ba,2024-09-14,,0,0,False,True,monthly,True,59.0,1.0,6.0,3.993758865248227
A-ba6516,Company_154,FinTech,US,2023-10-29,ads,Pro,27,False,False,S-5e6790,2024-03-17,,1323,15876,False,False,monthly,False,39.0,7.0,6.0,3.993758865248227
A-ba6516,Company_154,FinTech,US,2023-10-29,ads,Pro,27,False,False,S-303f63,2024-04-03,,513,6156,False,False,monthly,True,59.0,6.0,6.0,3.993758865248227
A-ba6516,Company_154,FinTech,US,2023-10-29,ads,Pro,27,False,False,S-ff93b5,2024-05-10,,0,0,False,False,annual,True,45.0,2.0,6.0,3.993758865248227
A-ba6516,Company_154,FinTech,US,2023-10-29,ads,Pro,27,False,False,S-c14073,2024-01-30,,513,6156,True,False,annual,True,17.0,2.0,6.0,3.993758865248227
A-712426,Company_155,HealthTech,US,2024-11-10,other,Enterprise,9,False,False,S-038c7d,2024-11-10,,0,0,False,False,monthly,True,34.0,0.0,6.0,4.330212765957447
A-712426,Company_155,HealthTech,US,2024-11-10,other,Enterprise,9,False,False,S-9b623b,2024-12-08,,2587,31044,False,False,annual,True,89.0,3.0,6.0,4.330212765957447
A-712426,Company_155,HealthTech,US,2024-11-10,other,Enterprise,9,False,False,S-0c42bc,2024-12-16,,441,5292,False,False,annual,True,67.0,4.0,6.0,4.330212765957447
A-712426,Company_155,HealthTech,US,2024-11-10,other,Enterprise,9,False,False,S-af8f54,2024-11-28,2024-12-26,1791,21492,False,False,monthly,True,87.0,4.0,6.0,4.330212765957447
A-712426,Company_155,HealthTech,US,2024-11-10,other,Enterprise,9,False,False,S-ce0d60,2024-11-17,,686,8232,False,False,annual,True,66.0,0.0,6.0,4.330212765957447
A-712426,Company_155,HealthTech,US,2024-11-10,other,Enterprise,9,False,False,S-da78bb,2024-11-17,,171,2052,False,False,monthly,True,17.0,3.0,6.0,4.330212765957447
A-712426,Company_155,HealthTech,US,2024-11-10,other,Enterprise,9,False,False,S-fcd231,2024-12-31,,0,0,False,False,annual,True,22.0,0.0,6.0,4.330212765957447
A-712426,Company_155,HealthTech,US,2024-11-10,other,Enterprise,9,False,False,S-82a67a,2024-12-11,2024-12-13,735,8820,False,False,annual,True,49.0,5.0,6.0,4.330212765957447
A-712426,Company_155,HealthTech,US,2024-11-10,other,Enterprise,9,False,False,S-1dfdd0,2024-12-30,,247,2964,False,False,monthly,True,50.0,0.0,6.0,4.330212765957447
A-712426,Company_155,HealthTech,US,2024-11-10,other,Enterprise,9,False,False,S-896e2f,2024-11-28,,882,10584,True,False,annual,True,42.0,0.0,6.0,4.330212765957447
A-712426,Company_155,HealthTech,US,2024-11-10,other,Enterprise,9,False,False,S-6ea0ad,2024-12-15,,637,7644,True,False,monthly,True,35.0,2.0,6.0,4.330212765957447
A-712426,Company_155,HealthTech,US,2024-11-10,other,Enterprise,9,False,False,S-c53808,2024-12-08,,588,7056,False,False,monthly,True,42.0,1.0,6.0,4.330212765957447
A-712426,Company_155,HealthTech,US,2024-11-10,other,Enterprise,9,False,False,S-a3129d,2024-12-07,,0,0,False,False,annual,True,11.0,0.0,6.0,4.330212765957447
A-712426,Company_155,HealthTech,US,2024-11-10,other,Enterprise,9,False,False,S-9fa60e,2024-12-15,,171,2052,False,False,annual,True,0.0,0.0,6.0,4.330212765957447
A-712426,Company_155,HealthTech,US,2024-11-10,other,Enterprise,9,False,False,S-a0e1dc,2024-12-19,,2261,27132,False,False,monthly,True,85.0,9.0,6.0,4.330212765957447
A-038089,Company_156,DevTools,FR,2023-12-19,other,Pro,5,False,True,S-fc86d6,2024-06-27,,245,2940,False,False,annual,True,90.0,8.0,6.0,3.823971631205674
A-038089,Company_156,DevTools,FR,2023-12-19,other,Pro,5,False,True,S-c3472f,2024-07-23,,1764,21168,False,False,monthly,True,81.0,3.0,6.0,3.823971631205674
A-038089,Company_156,DevTools,FR,2023-12-19,other,Pro,5,False,True,S-7003c5,2024-12-30,,95,1140,False,False,annual,True,39.0,4.0,6.0,3.823971631205674
A-afa505,Company_157,DevTools,US,2023-12-27,partner,Basic,70,True,False,S-a04ba5,2024-06-02,,13930,167160,False,False,annual,True,82.0,2.0,4.0,3.4906382978723407
A-afa505,Company_157,DevTools,US,2023-12-27,partner,Basic,70,True,False,S-4305f1,2024-01-08,,3430,41160,False,False,monthly,True,43.0,4.0,4.0,3.4906382978723407
A-afa505,Company_157,DevTools,US,2023-12-27,partner,Basic,70,True,False,S-4291f7,2024-11-19,,13930,167160,True,False,monthly,False,55.0,4.0,4.0,3.4906382978723407
A-afa505,Company_157,DevTools,US,2023-12-27,partner,Basic,70,True,False,S-db0f41,2024-07-26,,13930,167160,False,False,monthly,False,44.0,3.0,4.0,3.4906382978723407
A-afa505,Company_157,DevTools,US,2023-12-27,partner,Basic,70,True,False,S-5d5250,2024-08-12,,3430,41160,False,True,monthly,True,37.0,7.0,4.0,3.4906382978723407
A-afa505,Company_157,DevTools,US,2023-12-27,partner,Basic,70,True,False,S-a84e2b,2024-08-14,,0,0,True,False,monthly,False,57.0,3.0,4.0,3.4906382978723407
A-afa505,Company_157,DevTools,US,2023-12-27,partner,Basic,70,True,False,S-29c16b,2024-07-24,2024-10-06,3430,41160,False,False,monthly,True,19.0,1.0,4.0,3.4906382978723407
A-afa505,Company_157,DevTools,US,2023-12-27,partner,Basic,70,True,False,S-3df6ee,2024-05-10,,13930,167160,False,False,monthly,True,108.0,3.0,4.0,3.4906382978723407
A-afa505,Company_157,DevTools,US,2023-12-27,partner,Basic,70,True,False,S-0359cf,2024-02-10,,0,0,False,False,annual,False,62.0,1.0,4.0,3.4906382978723407
A-d5a319,Company_158,FinTech,US,2023-05-04,other,Enterprise,15,False,True,S-13a948,2024-07-24,,2985,35820,True,False,monthly,False,34.0,2.0,1.0,4.0
A-d5a319,Company_158,FinTech,US,2023-05-04,other,Enterprise,15,False,True,S-3f82bc,2023-10-30,,0,0,False,True,monthly,True,45.0,5.0,1.0,4.0
A-d5a319,Company_158,FinTech,US,2023-05-04,other,Enterprise,15,False,True,S-f0fe0a,2024-08-22,,1176,14112,False,False,monthly,True,71.0,4.0,1.0,4.0
A-d5a319,Company_158,FinTech,US,2023-05-04,other,Enterprise,15,False,True,S-477317,2024-01-01,,13930,167160,True,False,annual,True,43.0,3.0,1.0,4.0
A-d5a319,Company_158,FinTech,US,2023-05-04,other,Enterprise,15,False,True,S-46b63b,2024-09-29,,6169,74028,False,True,monthly,True,24.0,1.0,1.0,4.0
A-d5a319,Company_158,FinTech,US,2023-05-04,other,Enterprise,15,False,True,S-7052a5,2023-11-15,,304,3648,False,False,annual,True,102.0,3.0,1.0,4.0
A-d5a319,Company_158,FinTech,US,2023-05-04,other,Enterprise,15,False,True,S-4d260c,2023-06-27,,0,0,False,False,annual,True,54.0,12.0,1.0,4.0
A-d5a319,Company_158,FinTech,US,2023-05-04,other,Enterprise,15,False,True,S-165850,2023-09-25,,735,8820,False,False,annual,True,45.0,0.0,1.0,4.0
A-d5a319,Company_158,FinTech,US,2023-05-04,other,Enterprise,15,False,True,S-9f479f,2023-12-01,,323,3876,True,False,monthly,False,62.0,7.0,1.0,4.0
A-d5a319,Company_158,FinTech,US,2023-05-04,other,Enterprise,15,False,True,S-c787e2,2024-11-05,,8955,107460,False,False,annual,True,42.0,2.0,1.0,4.0
A-d5a319,Company_158,FinTech,US,2023-05-04,other,Enterprise,15,False,True,S-e66253,2024-11-19,,2985,35820,False,False,annual,True,37.0,2.0,1.0,4.0
A-d5a319,Company_158,FinTech,US,2023-05-04,other,Enterprise,15,False,True,S-71466f,2024-01-16,,285,3420,False,False,annual,True,45.0,2.0,1.0,4.0
A-f97b9a,Company_159,FinTech,US,2023-07-09,event,Pro,16,False,False,S-78ba09,2024-11-30,,2646,31752,True,False,annual,False,27.0,0.0,7.0,3.8464437689969606
A-f97b9a,Company_159,FinTech,US,2023-07-09,event,Pro,16,False,False,S-1ad713,2024-06-19,,3184,38208,False,False,annual,True,52.0,4.0,7.0,3.8464437689969606
A-f97b9a,Company_159,FinTech,US,2023-07-09,event,Pro,16,False,False,S-4cff80,2023-12-24,,0,0,False,False,monthly,True,95.0,4.0,7.0,3.8464437689969606
A-f97b9a,Company_159,FinTech,US,2023-07-09,event,Pro,16,False,False,S-4d8612,2023-09-10,,0,0,False,False,monthly,False,64.0,3.0,7.0,3.8464437689969606
A-f97b9a,Company_159,FinTech,US,2023-07-09,event,Pro,16,False,False,S-b38152,2024-04-14,,5970,71640,False,False,annual,True,30.0,1.0,7.0,3.8464437689969606
A-f97b9a,Company_159,FinTech,US,2023-07-09,event,Pro,16,False,False,S-865af3,2024-11-07,,0,0,False,False,annual,False,38.0,2.0,7.0,3.8464437689969606
A-f97b9a,Company_159,FinTech,US,2023-07-09,event,Pro,16,False,False,S-f83811,2024-07-06,,304,3648,False,False,annual,True,9.0,0.0,7.0,3.8464437689969606
A-f97b9a,Company_159,FinTech,US,2023-07-09,event,Pro,16,False,False,S-6a8046,2023-12-26,,3781,45372,False,False,monthly,True,52.0,8.0,7.0,3.8464437689969606
A-f97b9a,Company_159,FinTech,US,2023-07-09,event,Pro,16,False,False,S-d8f67e,2024-06-11,,7164,85968,False,False,monthly,True,61.0,6.0,7.0,3.8464437689969606
A-f97b9a,Company_159,FinTech,US,2023-07-09,event,Pro,16,False,False,S-5a1d20,2024-12-08,,784,9408,False,False,annual,True,71.0,3.0,7.0,3.8464437689969606
A-f97b9a,Company_159,FinTech,US,2023-07-09,event,Pro,16,False,False,S-f33b5f,2024-08-22,,0,0,False,False,annual,True,62.0,2.0,7.0,3.8464437689969606
A-2f6a32,Company_160,HealthTech,US,2024-08-26,organic,Basic,19,False,False,S-936732,2024-11-28,2024-12-06,931,11172,False,False,annual,True,55.0,1.0,2.0,3.5
A-2f6a32,Company_160,HealthTech,US,2024-08-26,organic,Basic,19,False,False,S-55d53c,2024-12-08,,361,4332,False,False,annual,True,83.0,8.0,2.0,3.5
A-2f6a32,Company_160,HealthTech,US,2024-08-26,organic,Basic,19,False,False,S-a1e688,2024-11-10,,893,10716,False,False,annual,True,13.0,2.0,2.0,3.5
A-2f6a32,Company_160,HealthTech,US,2024-08-26,organic,Basic,19,False,False,S-cf55da,2024-09-16,,0,0,False,False,monthly,True,67.0,4.0,2.0,3.5
A-2f6a32,Company_160,HealthTech,US,2024-08-26,organic,Basic,19,False,False,S-89c7ff,2024-10-13,,1617,19404,False,False,annual,True,86.0,3.0,2.0,3.5
A-2f6a32,Company_160,HealthTech,US,2024-08-26,organic,Basic,19,False,False,S-3c52a6,2024-09-25,2024-11-16,361,4332,False,False,annual,True,38.0,2.0,2.0,3.5
A-2f6a32,Company_160,HealthTech,US,2024-08-26,organic,Basic,19,False,False,S-6d51c5,2024-10-25,,1127,13524,False,False,annual,True,67.0,3.0,2.0,3.5
A-2f6a32,Company_160,HealthTech,US,2024-08-26,organic,Basic,19,False,False,S-54d8cf,2024-10-13,,361,4332,False,False,monthly,True,52.0,5.0,2.0,3.5
A-2f6a32,Company_160,HealthTech,US,2024-08-26,organic,Basic,19,False,False,S-f4e6c0,2024-11-16,,0,0,False,False,monthly,True,60.0,9.0,2.0,3.5
A-2f6a32,Company_160,HealthTech,US,2024-08-26,organic,Basic,19,False,False,S-1526b7,2024-11-24,,931,11172,True,False,annual,True,95.0,8.0,2.0,3.5
A-2f6a32,Company_160,HealthTech,US,2024-08-26,organic,Basic,19,False,False,S-dc3e11,2024-12-01,,931,11172,False,False,monthly,True,38.0,1.0,2.0,3.5
A-856b1e,Company_161,FinTech,US,2023-10-31,partner,Basic,19,False,False,S-e3c3c8,2023-12-30,,1225,14700,True,False,monthly,False,7.0,0.0,5.0,3.9812765957446805
A-856b1e,Company_161,FinTech,US,2023-10-31,partner,Basic,19,False,False,S-7f5316,2024-10-17,,0,0,False,False,monthly,True,71.0,6.0,5.0,3.9812765957446805
A-856b1e,Company_161,FinTech,US,2023-10-31,partner,Basic,19,False,False,S-c455ec,2023-11-02,,931,11172,False,False,monthly,True,66.0,6.0,5.0,3.9812765957446805
A-856b1e,Company_161,FinTech,US,2023-10-31,partner,Basic,19,False,False,S-7791c3,2024-01-13,,931,11172,False,False,monthly,True,47.0,3.0,5.0,3.9812765957446805
A-856b1e,Company_161,FinTech,US,2023-10-31,partner,Basic,19,False,False,S-56c529,2023-12-17,,1470,17640,False,False,monthly,True,12.0,6.0,5.0,3.9812765957446805
A-856b1e,Company_161,FinTech,US,2023-10-31,partner,Basic,19,False,False,S-c1c6ca,2024-02-03,,1764,21168,False,False,monthly,True,27.0,3.0,5.0,3.9812765957446805
A-17939a,Company_162,HealthTech,US,2024-12-26,organic,Basic,1,False,False,S-65dbf3,2024-12-28,,684,8208,False,False,monthly,True,25.0,0.0,7.0,4.277689969604864
A-17939a,Company_162,HealthTech,US,2024-12-26,organic,Basic,1,False,False,S-a4b1af,2024-12-26,,2587,31044,False,False,monthly,True,42.0,2.0,7.0,4.277689969604864
A-17939a,Company_162,HealthTech,US,2024-12-26,organic,Basic,1,False,False,S-b57a5e,2024-12-30,,380,4560,False,False,annual,True,44.0,1.0,7.0,4.277689969604864
A-17939a,Company_162,HealthTech,US,2024-12-26,organic,Basic,1,False,False,S-2a6e4a,2024-12-30,,1519,18228,False,False,annual,False,39.0,4.0,7.0,4.277689969604864
A-17939a,Company_162,HealthTech,US,2024-12-26,organic,Basic,1,False,False,S-4c7591,2024-12-30,,1372,16464,False,False,monthly,True,19.0,2.0,7.0,4.277689969604864
A-17939a,Company_162,HealthTech,US,2024-12-26,organic,Basic,1,False,False,S-8707e7,2024-12-31,,266,3192,False,False,annual,True,23.0,5.0,7.0,4.277689969604864
A-17939a,Company_162,HealthTech,US,2024-12-26,organic,Basic,1,False,False,S-d19216,2024-12-28,2024-12-29,1634,19608,False,False,monthly,True,67.0,8.0,7.0,4.277689969604864
A-17939a,Company_162,HealthTech,US,2024-12-26,organic,Basic,1,False,False,S-b8d2f6,2024-12-28,2024-12-30,0,0,False,False,monthly,True,43.0,5.0,7.0,4.277689969604864
A-17939a,Company_162,HealthTech,US,2024-12-26,organic,Basic,1,False,False,S-3c9178,2024-12-29,,209,2508,False,False,monthly,False,47.0,5.0,7.0,4.277689969604864
A-17939a,Company_162,HealthTech,US,2024-12-26,organic,Basic,1,False,False,S-06447b,2024-12-27,,49,588,False,False,annual,True,31.0,4.0,7.0,4.277689969604864
A-17939a,Company_162,HealthTech,US,2024-12-26,organic,Basic,1,False,False,S-9c1bcb,2024-12-28,,969,11628,False,False,monthly,True,60.0,7.0,7.0,4.277689969604864
A-d27f50,Company_163,Cybersecurity,UK,2024-07-20,ads,Enterprise,44,False,False,S-3cc352,2024-08-06,,2156,25872,False,False,monthly,True,12.0,0.0,4.0,3.75
A-d27f50,Company_163,Cybersecurity,UK,2024-07-20,ads,Enterprise,44,False,False,S-b6d200,2024-12-19,,836,10032,False,False,monthly,True,31.0,2.0,4.0,3.75
A-d27f50,Company_163,Cybersecurity,UK,2024-07-20,ads,Enterprise,44,False,False,S-050a91,2024-08-06,,855,10260,False,False,annual,True,48.0,4.0,4.0,3.75
A-d27f50,Company_163,Cybersecurity,UK,2024-07-20,ads,Enterprise,44,False,False,S-dcd084,2024-12-05,2024-12-09,9552,114624,False,False,annual,True,54.0,7.0,4.0,3.75
A-d27f50,Company_163,Cybersecurity,UK,2024-07-20,ads,Enterprise,44,False,False,S-4a90fd,2024-08-26,,2156,25872,False,False,annual,False,39.0,2.0,4.0,3.75
A-d27f50,Company_163,Cybersecurity,UK,2024-07-20,ads,Enterprise,44,False,False,S-f84a6f,2024-07-22,2024-10-14,8756,105072,False,False,monthly,True,12.0,0.0,4.0,3.75
A-d27f50,Company_163,Cybersecurity,UK,2024-07-20,ads,Enterprise,44,False,False,S-a918f3,2024-12-05,,8756,105072,False,False,monthly,True,79.0,5.0,4.0,3.75
A-d27f50,Company_163,Cybersecurity,UK,2024-07-20,ads,Enterprise,44,False,False,S-87ebe6,2024-10-20,,8756,105072,False,False,monthly,False,63.0,2.0,4.0,3.75
A-d27f50,Company_163,Cybersecurity,UK,2024-07-20,ads,Enterprise,44,False,False,S-6f488b,2024-12-29,2024-12-29,836,10032,False,False,annual,False,23.0,1.0,4.0,3.75
A-d27f50,Company_163,Cybersecurity,UK,2024-07-20,ads,Enterprise,44,False,False,S-e2f1fd,2024-12-02,,0,0,False,False,monthly,True,50.0,1.0,4.0,3.75
A-d27f50,Company_163,Cybersecurity,UK,2024-07-20,ads,Enterprise,44,False,False,S-ae093b,2024-11-29,,0,0,False,False,monthly,True,23.0,4.0,4.0,3.75
A-d27f50,Company_163,Cybersecurity,UK,2024-07-20,ads,Enterprise,44,False,False,S-26da35,2024-12-09,,2156,25872,True,False,annual,True,47.0,3.0,4.0,3.75
A-e36807,Company_164,EdTech,AU,2024-05-17,other,Pro,6,False,False,S-de5d6e,2024-09-25,,494,5928,False,False,monthly,True,42.0,2.0,2.0,4.5
A-e36807,Company_164,EdTech,AU,2024-05-17,other,Pro,6,False,False,S-441ab2,2024-07-07,,0,0,False,False,annual,True,30.0,5.0,2.0,4.5
A-e36807,Company_164,EdTech,AU,2024-05-17,other,Pro,6,False,False,S-36f26c,2024-12-17,,1197,14364,False,False,monthly,True,43.0,4.0,2.0,4.5
A-e36807,Company_164,EdTech,AU,2024-05-17,other,Pro,6,False,False,S-92795b,2024-06-01,,1539,18468,False,False,monthly,False,42.0,3.0,2.0,4.5
A-e36807,Company_164,EdTech,AU,2024-05-17,other,Pro,6,False,False,S-ef00f5,2024-09-06,,114,1368,False,False,annual,True,47.0,3.0,2.0,4.5
A-e36807,Company_164,EdTech,AU,2024-05-17,other,Pro,6,False,False,S-003647,2024-12-23,,1791,21492,False,False,monthly,True,71.0,3.0,2.0,4.5
A-e36807,Company_164,EdTech,AU,2024-05-17,other,Pro,6,False,False,S-904886,2024-06-20,2024-08-09,1862,22344,False,False,annual,False,58.0,1.0,2.0,4.5
A-e36807,Company_164,EdTech,AU,2024-05-17,other,Pro,6,False,False,S-683c6b,2024-11-21,,2786,33432,False,False,annual,True,37.0,3.0,2.0,4.5
A-e36807,Company_164,EdTech,AU,2024-05-17,other,Pro,6,False,False,S-6f43f7,2024-07-22,,2786,33432,False,False,annual,True,40.0,0.0,2.0,4.5
A-e36807,Company_164,EdTech,AU,2024-05-17,other,Pro,6,False,False,S-fd3d2d,2024-10-06,,0,0,False,False,monthly,True,36.0,3.0,2.0,4.5
A-ff79f2,Company_165,DevTools,US,2024-04-25,ads,Basic,8,False,True,S-4f0027,2024-12-31,2024-12-31,3781,45372,False,False,annual,True,64.0,2.0,2.0,3.981276595744681
A-ff79f2,Company_165,DevTools,US,2024-04-25,ads,Basic,8,False,True,S-d635a2,2024-05-29,,228,2736,False,False,annual,True,91.0,2.0,2.0,3.981276595744681
A-ff79f2,Company_165,DevTools,US,2024-04-25,ads,Basic,8,False,True,S-b0af8f,2024-10-17,,0,0,False,False,monthly,True,31.0,2.0,2.0,3.981276595744681
A-ff79f2,Company_165,DevTools,US,2024-04-25,ads,Basic,8,False,True,S-c192eb,2024-10-19,,16517,198204,False,False,monthly,True,35.0,3.0,2.0,3.981276595744681
A-ff79f2,Company_165,DevTools,US,2024-04-25,ads,Basic,8,False,True,S-13d6d1,2024-07-28,,490,5880,False,False,monthly,False,35.0,1.0,2.0,3.981276595744681
A-ff79f2,Company_165,DevTools,US,2024-04-25,ads,Basic,8,False,True,S-befdba,2024-11-15,2024-11-19,684,8208,False,False,annual,False,21.0,0.0,2.0,3.981276595744681
A-ff79f2,Company_165,DevTools,US,2024-04-25,ads,Basic,8,False,True,S-cb100e,2024-10-21,,1007,12084,True,False,annual,True,21.0,1.0,2.0,3.981276595744681
A-ff79f2,Company_165,DevTools,US,2024-04-25,ads,Basic,8,False,True,S-2ded06,2024-12-25,,589,7068,True,False,monthly,False,70.0,1.0,2.0,3.981276595744681
A-ff79f2,Company_165,DevTools,US,2024-04-25,ads,Basic,8,False,True,S-28332f,2024-09-16,,4577,54924,False,False,monthly,True,25.0,0.0,2.0,3.981276595744681
A-5b1bcd,Company_166,DevTools,US,2023-09-16,organic,Pro,73,False,False,S-795878,2024-03-19,,14527,174324,False,False,annual,True,44.0,2.0,4.0,4.240638297872341
A-5b1bcd,Company_166,DevTools,US,2023-09-16,organic,Pro,73,False,False,S-aba835,2023-09-23,2024-11-02,1387,16644,False,False,annual,True,76.0,3.0,4.0,4.240638297872341
A-5b1bcd,Company_166,DevTools,US,2023-09-16,organic,Pro,73,False,False,S-e36786,2024-01-10,,1387,16644,False,False,monthly,True,60.0,2.0,4.0,4.240638297872341
A-5b1bcd,Company_166,DevTools,US,2023-09-16,organic,Pro,73,False,False,S-f0c747,2024-09-24,,14527,174324,False,False,monthly,True,51.0,3.0,4.0,4.240638297872341
A-5b1bcd,Company_166,DevTools,US,2023-09-16,organic,Pro,73,False,False,S-13b606,2024-10-04,,3577,42924,True,False,annual,True,53.0,6.0,4.0,4.240638297872341
A-5b1bcd,Company_166,DevTools,US,2023-09-16,organic,Pro,73,False,False,S-ee4c5c,2023-10-28,,14527,174324,False,False,annual,True,85.0,11.0,4.0,4.240638297872341
A-5b1bcd,Company_166,DevTools,US,2023-09-16,organic,Pro,73,False,False,S-527d18,2023-10-15,,14527,174324,False,False,monthly,True,68.0,3.0,4.0,4.240638297872341
A-5b1bcd,Company_166,DevTools,US,2023-09-16,organic,Pro,73,False,False,S-1b373c,2024-07-04,,3577,42924,False,False,annual,False,48.0,5.0,4.0,4.240638297872341
A-5b1bcd,Company_166,DevTools,US,2023-09-16,organic,Pro,73,False,False,S-0a8200,2024-01-20,,14527,174324,False,False,annual,True,89.0,4.0,4.0,4.240638297872341
A-5b1bcd,Company_166,DevTools,US,2023-09-16,organic,Pro,73,False,False,S-269b4a,2024-02-15,,14527,174324,False,False,monthly,True,33.0,0.0,4.0,4.240638297872341
A-5b1bcd,Company_166,DevTools,US,2023-09-16,organic,Pro,73,False,False,S-53a9f7,2024-06-06,,3577,42924,False,False,annual,True,54.0,2.0,4.0,4.240638297872341
A-5b1bcd,Company_166,DevTools,US,2023-09-16,organic,Pro,73,False,False,S-b553d7,2024-10-16,,14527,174324,False,False,annual,True,70.0,5.0,4.0,4.240638297872341
A-5b1bcd,Company_166,DevTools,US,2023-09-16,organic,Pro,73,False,False,S-e9257d,2024-12-31,,3577,42924,True,False,annual,False,56.0,4.0,4.0,4.240638297872341
A-5b1bcd,Company_166,DevTools,US,2023-09-16,organic,Pro,73,False,False,S-9c47f6,2024-04-13,,0,0,False,False,annual,True,29.0,2.0,4.0,4.240638297872341
A-5b1bcd,Company_166,DevTools,US,2023-09-16,organic,Pro,73,False,False,S-62aa3c,2023-11-27,,14527,174324,True,False,monthly,True,53.0,2.0,4.0,4.240638297872341
A-71615e,Company_167,EdTech,US,2024-05-18,organic,Basic,15,False,False,S-11e29d,2024-10-13,,608,7296,False,False,monthly,True,52.0,6.0,1.0,3.981276595744681
A-71615e,Company_167,EdTech,US,2024-05-18,organic,Basic,15,False,False,S-07ace5,2024-09-21,,6368,76416,False,False,monthly,True,37.0,0.0,1.0,3.981276595744681
A-71615e,Company_167,EdTech,US,2024-05-18,organic,Basic,15,False,False,S-f8bff8,2024-07-20,,285,3420,False,False,annual,True,26.0,2.0,1.0,3.981276595744681
A-71615e,Company_167,EdTech,US,2024-05-18,organic,Basic,15,False,False,S-820711,2024-11-05,,11940,143280,False,False,annual,False,66.0,1.0,1.0,3.981276595744681
A-71615e,Company_167,EdTech,US,2024-05-18,organic,Basic,15,False,False,S-d30894,2024-06-27,,2985,35820,False,False,annual,True,75.0,6.0,1.0,3.981276595744681
A-71615e,Company_167,EdTech,US,2024-05-18,organic,Basic,15,False,False,S-a9a707,2024-08-24,,2499,29988,True,False,monthly,False,45.0,0.0,1.0,3.981276595744681
A-71615e,Company_167,EdTech,US,2024-05-18,organic,Basic,15,False,False,S-d238c2,2024-08-17,,10945,131340,False,False,annual,True,22.0,4.0,1.0,3.981276595744681
A-71615e,Company_167,EdTech,US,2024-05-18,organic,Basic,15,False,False,S-112733,2024-10-21,,285,3420,False,False,annual,False,76.0,6.0,1.0,3.981276595744681
A-71615e,Company_167,EdTech,US,2024-05-18,organic,Basic,15,False,False,S-17fb4d,2024-07-04,,2985,35820,False,False,monthly,True,31.0,2.0,1.0,3.981276595744681
A-71615e,Company_167,EdTech,US,2024-05-18,organic,Basic,15,False,False,S-4c4852,2024-11-06,,0,0,False,False,monthly,True,11.0,2.0,1.0,3.981276595744681
A-71615e,Company_167,EdTech,US,2024-05-18,organic,Basic,15,False,False,S-cda242,2024-10-10,,1078,12936,True,False,annual,True,55.0,3.0,1.0,3.981276595744681
A-71615e,Company_167,EdTech,US,2024-05-18,organic,Basic,15,False,False,S-85320b,2024-08-21,,0,0,True,False,monthly,True,87.0,7.0,1.0,3.981276595744681
A-71615e,Company_167,EdTech,US,2024-05-18,organic,Basic,15,False,False,S-738d4a,2024-12-06,,735,8820,False,False,annual,True,37.0,2.0,1.0,3.981276595744681
A-794a0b,Company_168,HealthTech,DE,2023-06-02,organic,Basic,23,False,False,S-938e4e,2024-06-02,,0,0,False,False,annual,False,98.0,12.0,0.0,3.981276595744681
A-794a0b,Company_168,HealthTech,DE,2023-06-02,organic,Basic,23,False,False,S-38ac0c,2024-07-05,,6169,74028,False,False,monthly,True,55.0,3.0,0.0,3.981276595744681
A-794a0b,Company_168,HealthTech,DE,2023-06-02,organic,Basic,23,False,False,S-16b6dc,2024-04-02,,1127,13524,False,False,monthly,True,76.0,3.0,0.0,3.981276595744681
A-794a0b,Company_168,HealthTech,DE,2023-06-02,organic,Basic,23,False,False,S-f7e37f,2023-08-07,,0,0,False,False,annual,True,12.0,0.0,0.0,3.981276595744681
A-794a0b,Company_168,HealthTech,DE,2023-06-02,organic,Basic,23,False,False,S-266ada,2024-06-24,,1127,13524,False,False,monthly,True,28.0,1.0,0.0,3.981276595744681
A-794a0b,Company_168,HealthTech,DE,2023-06-02,organic,Basic,23,False,False,S-509f0d,2024-02-05,,1715,20580,False,False,monthly,True,59.0,9.0,0.0,3.981276595744681
A-794a0b,Company_168,HealthTech,DE,2023-06-02,organic,Basic,23,False,False,S-973625,2023-12-18,,437,5244,False,False,annual,False,19.0,3.0,0.0,3.981276595744681
A-86902e,Company_169,HealthTech,IN,2023-05-02,other,Enterprise,34,False,False,S-13939b,2023-07-21,2024-08-03,0,0,False,False,monthly,True,91.0,7.0,9.0,3.767375886524823
A-86902e,Company_169,HealthTech,IN,2023-05-02,other,Enterprise,34,False,False,S-c317f9,2023-11-24,,646,7752,False,False,annual,True,99.0,5.0,9.0,3.767375886524823
A-86902e,Company_169,HealthTech,IN,2023-05-02,other,Enterprise,34,False,False,S-a245f6,2023-12-28,,646,7752,False,False,monthly,True,55.0,0.0,9.0,3.767375886524823
A-86902e,Company_169,HealthTech,IN,2023-05-02,other,Enterprise,34,False,False,S-e7b281,2024-05-05,,1666,19992,False,False,monthly,True,41.0,0.0,9.0,3.767375886524823
A-86902e,Company_169,HealthTech,IN,2023-05-02,other,Enterprise,34,False,False,S-94fc5d,2023-07-30,,0,0,False,False,monthly,True,91.0,6.0,9.0,3.767375886524823
A-86902e,Company_169,HealthTech,IN,2023-05-02,other,Enterprise,34,False,False,S-52b9a9,2024-04-12,,6766,81192,True,False,annual,True,42.0,0.0,9.0,3.767375886524823
A-86902e,Company_169,HealthTech,IN,2023-05-02,other,Enterprise,34,False,False,S-f110db,2024-06-22,,6766,81192,False,False,monthly,True,81.0,1.0,9.0,3.767375886524823
A-86902e,Company_169,HealthTech,IN,2023-05-02,other,Enterprise,34,False,False,S-b83d8d,2024-12-11,,6766,81192,False,False,annual,True,45.0,9.0,9.0,3.767375886524823
A-86902e,Company_169,HealthTech,IN,2023-05-02,other,Enterprise,34,False,False,S-e60430,2023-12-26,,12139,145668,True,False,annual,False,50.0,3.0,9.0,3.767375886524823
A-86902e,Company_169,HealthTech,IN,2023-05-02,other,Enterprise,34,False,False,S-117d65,2024-11-30,,646,7752,False,False,annual,True,33.0,5.0,9.0,3.767375886524823
A-0532a9,Company_170,FinTech,IN,2024-09-25,event,Pro,19,False,False,S-601bbe,2024-11-26,,1029,12348,True,False,monthly,False,74.0,1.0,8.0,3.858617021276596
A-0532a9,Company_170,FinTech,IN,2024-09-25,event,Pro,19,False,False,S-fe753c,2024-11-23,,361,4332,False,False,monthly,True,26.0,2.0,8.0,3.858617021276596
A-0532a9,Company_170,FinTech,IN,2024-09-25,event,Pro,19,False,False,S-eff018,2024-10-02,,931,11172,False,True,annual,True,69.0,0.0,8.0,3.858617021276596
A-0532a9,Company_170,FinTech,IN,2024-09-25,event,Pro,19,False,False,S-951c06,2024-09-26,,361,4332,False,False,annual,True,52.0,8.0,8.0,3.858617021276596
A-0532a9,Company_170,FinTech,IN,2024-09-25,event,Pro,19,False,False,S-29597a,2024-10-17,,5373,64476,False,False,annual,False,76.0,10.0,8.0,3.858617021276596
A-0532a9,Company_170,FinTech,IN,2024-09-25,event,Pro,19,False,False,S-eec4d5,2024-12-10,,361,4332,False,False,annual,True,36.0,1.0,8.0,3.858617021276596
A-0532a9,Company_170,FinTech,IN,2024-09-25,event,Pro,19,False,False,S-54b286,2024-12-20,,1274,15288,True,False,monthly,False,43.0,0.0,8.0,3.858617021276596
A-0532a9,Company_170,FinTech,IN,2024-09-25,event,Pro,19,False,False,S-dd80e4,2024-11-24,,4179,50148,True,False,annual,True,33.0,2.0,8.0,3.858617021276596
A-0532a9,Company_170,FinTech,IN,2024-09-25,event,Pro,19,False,False,S-99af79,2024-10-05,,361,4332,False,False,annual,False,50.0,3.0,8.0,3.858617021276596
A-0532a9,Company_170,FinTech,IN,2024-09-25,event,Pro,19,False,False,S-c1f8e1,2024-12-26,,931,11172,True,False,annual,False,60.0,3.0,8.0,3.858617021276596
A-9779ad,Company_171,Cybersecurity,AU,2024-03-29,event,Pro,40,True,True,S-5cb8a6,2024-08-14,,1960,23520,False,False,monthly,False,29.0,0.0,3.0,4.320851063829788
A-9779ad,Company_171,Cybersecurity,AU,2024-03-29,event,Pro,40,True,True,S-79bf38,2024-07-29,,7960,95520,False,False,monthly,True,37.0,4.0,3.0,4.320851063829788
A-9779ad,Company_171,Cybersecurity,AU,2024-03-29,event,Pro,40,True,True,S-f4d491,2024-05-09,,7960,95520,False,False,monthly,True,46.0,6.0,3.0,4.320851063829788
A-9779ad,Company_171,Cybersecurity,AU,2024-03-29,event,Pro,40,True,True,S-0638dc,2024-04-07,,7960,95520,False,False,annual,True,47.0,3.0,3.0,4.320851063829788
A-9779ad,Company_171,Cybersecurity,AU,2024-03-29,event,Pro,40,True,True,S-6c3700,2024-06-24,,7960,95520,False,False,annual,True,79.0,4.0,3.0,4.320851063829788
A-9779ad,Company_171,Cybersecurity,AU,2024-03-29,event,Pro,40,True,True,S-bf9e6d,2024-10-23,,7960,95520,False,False,annual,True,36.0,0.0,3.0,4.320851063829788
A-9779ad,Company_171,Cybersecurity,AU,2024-03-29,event,Pro,40,True,True,S-5a26fc,2024-07-07,,0,0,False,False,annual,False,48.0,2.0,3.0,4.320851063829788
A-9779ad,Company_171,Cybersecurity,AU,2024-03-29,event,Pro,40,True,True,S-655049,2024-10-27,,0,0,False,False,monthly,False,20.0,1.0,3.0,4.320851063829788
A-9779ad,Company_171,Cybersecurity,AU,2024-03-29,event,Pro,40,True,True,S-37879d,2024-09-17,,1960,23520,False,False,monthly,False,32.0,3.0,3.0,4.320851063829788
A-9779ad,Company_171,Cybersecurity,AU,2024-03-29,event,Pro,40,True,True,S-0896bc,2024-12-16,,7960,95520,False,False,monthly,False,39.0,2.0,3.0,4.320851063829788
A-f45426,Company_172,HealthTech,US,2024-08-05,organic,Basic,9,False,False,S-b488bc,2024-11-15,,0,0,False,False,monthly,True,42.0,6.0,3.0,3.9875177304964544
A-f45426,Company_172,HealthTech,US,2024-08-05,organic,Basic,9,False,False,S-e60306,2024-12-10,,9154,109848,False,False,annual,True,46.0,7.0,3.0,3.9875177304964544
A-f45426,Company_172,HealthTech,US,2024-08-05,organic,Basic,9,False,False,S-a79d1f,2024-09-23,,0,0,False,False,monthly,True,79.0,4.0,3.0,3.9875177304964544
A-f45426,Company_172,HealthTech,US,2024-08-05,organic,Basic,9,False,False,S-d31de5,2024-11-22,,833,9996,False,True,monthly,True,72.0,5.0,3.0,3.9875177304964544
A-f45426,Company_172,HealthTech,US,2024-08-05,organic,Basic,9,False,False,S-70275b,2024-08-09,,380,4560,False,True,annual,True,55.0,2.0,3.0,3.9875177304964544
A-f45426,Company_172,HealthTech,US,2024-08-05,organic,Basic,9,False,False,S-2126cd,2024-12-29,,441,5292,False,False,monthly,False,41.0,3.0,3.0,3.9875177304964544
A-f45426,Company_172,HealthTech,US,2024-08-05,organic,Basic,9,False,False,S-79bb4c,2024-09-21,2024-11-03,539,6468,False,False,annual,False,81.0,4.0,3.0,3.9875177304964544
A-f45426,Company_172,HealthTech,US,2024-08-05,organic,Basic,9,False,False,S-1c3a42,2024-09-14,,3980,47760,False,False,annual,True,53.0,6.0,3.0,3.9875177304964544
A-f45426,Company_172,HealthTech,US,2024-08-05,organic,Basic,9,False,False,S-3ae2dd,2024-08-05,,0,0,False,False,annual,True,35.0,4.0,3.0,3.9875177304964544
A-f45426,Company_172,HealthTech,US,2024-08-05,organic,Basic,9,False,False,S-4b26c5,2024-09-27,2024-09-28,1791,21492,False,False,monthly,True,59.0,4.0,3.0,3.9875177304964544
A-f45426,Company_172,HealthTech,US,2024-08-05,organic,Basic,9,False,False,S-1299be,2024-10-18,,171,2052,False,True,monthly,False,61.0,4.0,3.0,3.9875177304964544
A-c1e51e,Company_173,FinTech,US,2024-10-02,organic,Basic,3,False,False,S-8cd315,2024-11-19,,10945,131340,False,False,monthly,True,61.0,0.0,5.0,3.2
A-c1e51e,Company_173,FinTech,US,2024-10-02,organic,Basic,3,False,False,S-222167,2024-12-29,2024-12-31,779,9348,False,False,annual,True,69.0,5.0,5.0,3.2
A-c1e51e,Company_173,FinTech,US,2024-10-02,organic,Basic,3,False,False,S-9fa080,2024-12-24,,5771,69252,True,False,monthly,True,95.0,16.0,5.0,3.2
A-c1e51e,Company_173,FinTech,US,2024-10-02,organic,Basic,3,False,False,S-ad45ea,2024-12-11,,361,4332,False,False,monthly,True,42.0,1.0,5.0,3.2
A-c1e51e,Company_173,FinTech,US,2024-10-02,organic,Basic,3,False,False,S-03906f,2024-11-28,,475,5700,False,False,annual,True,38.0,0.0,5.0,3.2
A-c1e51e,Company_173,FinTech,US,2024-10-02,organic,Basic,3,False,False,S-c7667c,2024-11-02,,490,5880,False,False,monthly,True,60.0,7.0,5.0,3.2
A-c1e51e,Company_173,FinTech,US,2024-10-02,organic,Basic,3,False,False,S-7c2997,2024-12-21,2024-12-31,1568,18816,False,False,annual,True,21.0,0.0,5.0,3.2
A-c1e51e,Company_173,FinTech,US,2024-10-02,organic,Basic,3,False,False,S-084930,2024-12-08,,597,7164,False,False,monthly,True,48.0,2.0,5.0,3.2
A-c1e51e,Company_173,FinTech,US,2024-10-02,organic,Basic,3,False,False,S-e339fb,2024-10-31,2024-12-18,2786,33432,False,False,annual,True,36.0,3.0,5.0,3.2
A-c1e51e,Company_173,FinTech,US,2024-10-02,organic,Basic,3,False,False,S-c545c8,2024-10-20,,133,1596,False,True,monthly,True,48.0,2.0,5.0,3.2
A-fa3095,Company_174,FinTech,US,2023-09-03,ads,Basic,70,False,False,S-2923fc,2024-07-08,,13930,167160,False,False,annual,True,87.0,5.0,5.0,4.388765957446809
A-fa3095,Company_174,FinTech,US,2023-09-03,ads,Basic,70,False,False,S-33db08,2024-12-30,,1330,15960,False,False,annual,True,71.0,3.0,5.0,4.388765957446809
A-fa3095,Company_174,FinTech,US,2023-09-03,ads,Basic,70,False,False,S-17e05f,2024-12-18,,3430,41160,False,False,annual,True,25.0,8.0,5.0,4.388765957446809
A-fa3095,Company_174,FinTech,US,2023-09-03,ads,Basic,70,False,False,S-783694,2023-12-18,,13930,167160,False,False,annual,True,10.0,0.0,5.0,4.388765957446809
A-fa3095,Company_174,FinTech,US,2023-09-03,ads,Basic,70,False,False,S-2a928c,2024-12-16,,1330,15960,False,False,monthly,True,73.0,3.0,5.0,4.388765957446809
A-fa3095,Company_174,FinTech,US,2023-09-03,ads,Basic,70,False,False,S-7bb339,2023-12-06,,13930,167160,False,False,annual,True,89.0,8.0,5.0,4.388765957446809
A-fa3095,Company_174,FinTech,US,2023-09-03,ads,Basic,70,False,False,S-615487,2024-05-16,,1330,15960,False,False,annual,True,44.0,6.0,5.0,4.388765957446809
A-fa3095,Company_174,FinTech,US,2023-09-03,ads,Basic,70,False,False,S-d7461b,2023-12-17,,3430,41160,False,False,monthly,True,79.0,2.0,5.0,4.388765957446809
A-fa3095,Company_174,FinTech,US,2023-09-03,ads,Basic,70,False,False,S-8932ce,2024-12-18,,1330,15960,False,False,monthly,True,23.0,3.0,5.0,4.388765957446809
A-fa3095,Company_174,FinTech,US,2023-09-03,ads,Basic,70,False,False,S-457294,2024-06-07,,13930,167160,False,False,monthly,True,17.0,0.0,5.0,4.388765957446809
A-fa3095,Company_174,FinTech,US,2023-09-03,ads,Basic,70,False,False,S-6c4770,2023-09-18,,0,0,False,False,monthly,True,45.0,4.0,5.0,4.388765957446809
A-fa3095,Company_174,FinTech,US,2023-09-03,ads,Basic,70,False,False,S-99c1c7,2024-06-04,,1330,15960,False,False,annual,True,37.0,0.0,5.0,4.388765957446809
A-ad64c6,Company_175,DevTools,UK,2024-02-23,event,Pro,12,False,False,S-753a0a,2024-06-15,,5572,66864,False,False,annual,False,75.0,2.0,4.0,4.235957446808511
A-ad64c6,Company_175,DevTools,UK,2024-02-23,event,Pro,12,False,False,S-23d802,2024-07-24,,0,0,False,False,monthly,True,9.0,0.0,4.0,4.235957446808511
A-ad64c6,Company_175,DevTools,UK,2024-02-23,event,Pro,12,False,False,S-4695b8,2024-08-15,2024-11-11,588,7056,False,False,annual,True,74.0,6.0,4.0,4.235957446808511
A-ad64c6,Company_175,DevTools,UK,2024-02-23,event,Pro,12,False,False,S-fcef74,2024-09-08,,588,7056,False,False,monthly,True,0.0,0.0,4.0,4.235957446808511
A-ad64c6,Company_175,DevTools,UK,2024-02-23,event,Pro,12,False,False,S-ed857b,2024-03-07,,2388,28656,False,False,monthly,False,32.0,8.0,4.0,4.235957446808511
A-ad64c6,Company_175,DevTools,UK,2024-02-23,event,Pro,12,False,False,S-28e360,2024-11-20,,5572,66864,False,False,annual,True,25.0,2.0,4.0,4.235957446808511
A-39b19f,Company_176,FinTech,US,2023-02-03,partner,Enterprise,1,False,False,S-0e4b0c,2023-02-28,2023-06-15,1176,14112,False,True,annual,True,45.0,1.0,6.0,4.1604255319148935
A-39b19f,Company_176,FinTech,US,2023-02-03,partner,Enterprise,1,False,False,S-358daa,2024-09-04,,0,0,False,False,annual,True,54.0,6.0,6.0,4.1604255319148935
A-39b19f,Company_176,FinTech,US,2023-02-03,partner,Enterprise,1,False,False,S-049328,2023-07-20,,2695,32340,False,False,monthly,True,41.0,1.0,6.0,4.1604255319148935
A-39b19f,Company_176,FinTech,US,2023-02-03,partner,Enterprise,1,False,False,S-6904e6,2023-02-23,,784,9408,False,False,monthly,True,59.0,4.0,6.0,4.1604255319148935
A-39b19f,Company_176,FinTech,US,2023-02-03,partner,Enterprise,1,False,False,S-0c03b0,2023-11-23,,1764,21168,False,False,monthly,False,48.0,1.0,6.0,4.1604255319148935
A-39b19f,Company_176,FinTech,US,2023-02-03,partner,Enterprise,1,False,False,S-fced99,2024-10-03,,0,0,False,False,monthly,True,40.0,6.0,6.0,4.1604255319148935
A-39b19f,Company_176,FinTech,US,2023-02-03,partner,Enterprise,1,False,False,S-233c23,2024-05-11,,2646,31752,True,False,monthly,False,61.0,2.0,6.0,4.1604255319148935
A-39b19f,Company_176,FinTech,US,2023-02-03,partner,Enterprise,1,False,False,S-813cdc,2023-07-04,,980,11760,False,False,annual,True,70.0,3.0,6.0,4.1604255319148935
A-39b19f,Company_176,FinTech,US,2023-02-03,partner,Enterprise,1,False,False,S-d7497b,2024-11-07,,247,2964,False,False,monthly,True,20.0,5.0,6.0,4.1604255319148935
A-39b19f,Company_176,FinTech,US,2023-02-03,partner,Enterprise,1,False,False,S-dd73ac,2024-05-17,,2786,33432,False,False,monthly,False,39.0,7.0,6.0,4.1604255319148935
A-39b19f,Company_176,FinTech,US,2023-02-03,partner,Enterprise,1,False,False,S-fb4fae,2024-03-25,2024-05-01,8159,97908,False,False,monthly,True,53.0,1.0,6.0,4.1604255319148935
A-56962b,Company_177,EdTech,UK,2024-04-09,partner,Enterprise,163,False,False,S-c8fa77,2024-08-28,,3097,37164,False,False,monthly,True,28.0,3.0,4.0,3.7359574468085106
A-56962b,Company_177,EdTech,UK,2024-04-09,partner,Enterprise,163,False,False,S-c7190f,2024-09-08,,7987,95844,True,False,monthly,True,37.0,6.0,4.0,3.7359574468085106
A-56962b,Company_177,EdTech,UK,2024-04-09,partner,Enterprise,163,False,False,S-faee8b,2024-05-15,,0,0,False,False,monthly,False,55.0,3.0,4.0,3.7359574468085106
A-56962b,Company_177,EdTech,UK,2024-04-09,partner,Enterprise,163,False,False,S-4970c1,2024-09-03,,3097,37164,False,False,annual,True,26.0,0.0,4.0,3.7359574468085106
A-56962b,Company_177,EdTech,UK,2024-04-09,partner,Enterprise,163,False,False,S-e98121,2024-12-15,,32437,389244,False,False,monthly,True,61.0,5.0,4.0,3.7359574468085106
A-56962b,Company_177,EdTech,UK,2024-04-09,partner,Enterprise,163,False,False,S-95a570,2024-11-20,2024-12-26,0,0,False,False,monthly,True,25.0,3.0,4.0,3.7359574468085106
A-56962b,Company_177,EdTech,UK,2024-04-09,partner,Enterprise,163,False,False,S-86e45a,2024-09-23,,7987,95844,False,False,annual,True,39.0,5.0,4.0,3.7359574468085106
A-e60f9d,Company_178,FinTech,US,2024-08-26,other,Basic,29,False,False,S-74538d,2024-11-13,,2254,27048,False,False,annual,True,17.0,0.0,2.0,3.981276595744681
A-e60f9d,Company_178,FinTech,US,2024-08-26,other,Basic,29,False,False,S-1bd2ec,2024-12-25,2024-12-28,722,8664,False,False,annual,True,57.0,2.0,2.0,3.981276595744681
A-e60f9d,Company_178,FinTech,US,2024-08-26,other,Basic,29,False,False,S-9b2c95,2024-11-24,2024-12-05,0,0,False,False,annual,True,53.0,2.0,2.0,3.981276595744681
A-e60f9d,Company_178,FinTech,US,2024-08-26,other,Basic,29,False,False,S-02ec76,2024-09-17,,1421,17052,False,False,monthly,True,78.0,4.0,2.0,3.981276595744681
A-e60f9d,Company_178,FinTech,US,2024-08-26,other,Basic,29,False,False,S-4c0b7b,2024-10-21,,1140,13680,False,True,annual,True,45.0,0.0,2.0,3.981276595744681
A-e60f9d,Company_178,FinTech,US,2024-08-26,other,Basic,29,False,False,S-172953,2024-12-11,,551,6612,False,False,monthly,True,65.0,3.0,2.0,3.981276595744681
A-e60f9d,Company_178,FinTech,US,2024-08-26,other,Basic,29,False,False,S-102ebf,2024-11-13,,5771,69252,False,False,annual,False,33.0,0.0,2.0,3.981276595744681
A-e60f9d,Company_178,FinTech,US,2024-08-26,other,Basic,29,False,False,S-3867d6,2024-12-23,,0,0,False,False,annual,True,12.0,0.0,2.0,3.981276595744681
A-e60f9d,Company_178,FinTech,US,2024-08-26,other,Basic,29,False,False,S-3e3033,2024-12-11,,0,0,False,False,annual,True,31.0,0.0,2.0,3.981276595744681
A-e60f9d,Company_178,FinTech,US,2024-08-26,other,Basic,29,False,False,S-a8299c,2024-12-03,,5771,69252,False,False,monthly,True,33.0,1.0,2.0,3.981276595744681
A-e60f9d,Company_178,FinTech,US,2024-08-26,other,Basic,29,False,False,S-a0af0a,2024-12-19,,5771,69252,False,False,monthly,True,26.0,3.0,2.0,3.981276595744681
A-e60f9d,Company_178,FinTech,US,2024-08-26,other,Basic,29,False,False,S-656302,2024-10-11,,5771,69252,False,False,monthly,True,45.0,0.0,2.0,3.981276595744681
A-e60f9d,Company_178,FinTech,US,2024-08-26,other,Basic,29,False,False,S-089366,2024-11-12,,551,6612,False,False,annual,True,110.0,6.0,2.0,3.981276595744681
A-e60f9d,Company_178,FinTech,US,2024-08-26,other,Basic,29,False,False,S-db7a97,2024-11-11,,9552,114624,False,True,monthly,True,21.0,3.0,2.0,3.981276595744681
A-e60f9d,Company_178,FinTech,US,2024-08-26,other,Basic,29,False,False,S-0ffab0,2024-10-18,,11542,138504,False,False,annual,True,3.0,0.0,2.0,3.981276595744681
A-88c6ca,Company_179,FinTech,DE,2024-10-25,ads,Basic,5,False,True,S-f89d8c,2024-12-18,,2401,28812,False,False,monthly,True,99.0,2.0,1.0,3.981276595744681
A-88c6ca,Company_179,FinTech,DE,2024-10-25,ads,Basic,5,False,True,S-07f282,2024-11-19,,995,11940,False,False,monthly,True,84.0,2.0,1.0,3.981276595744681
A-88c6ca,Company_179,FinTech,DE,2024-10-25,ads,Basic,5,False,True,S-76c7da,2024-11-22,,0,0,False,False,annual,True,44.0,0.0,1.0,3.981276595744681
A-88c6ca,Company_179,FinTech,DE,2024-10-25,ads,Basic,5,False,True,S-eae773,2024-12-03,,539,6468,False,False,monthly,True,36.0,2.0,1.0,3.981276595744681
A-88c6ca,Company_179,FinTech,DE,2024-10-25,ads,Basic,5,False,True,S-c2b710,2024-11-01,,995,11940,False,False,monthly,True,82.0,9.0,1.0,3.981276595744681
A-88c6ca,Company_179,FinTech,DE,2024-10-25,ads,Basic,5,False,True,S-786ead,2024-12-02,,392,4704,False,False,monthly,True,23.0,0.0,1.0,3.981276595744681
A-88c6ca,Company_179,FinTech,DE,2024-10-25,ads,Basic,5,False,True,S-866608,2024-12-23,,1127,13524,False,False,annual,True,78.0,4.0,1.0,3.981276595744681
A-158f4e,Company_180,FinTech,IN,2023-03-03,other,Enterprise,61,False,False,S-9714fa,2024-02-19,,2989,35868,False,False,annual,True,52.0,4.0,5.0,4.192510638297873
A-158f4e,Company_180,FinTech,IN,2023-03-03,other,Enterprise,61,False,False,S-4dae4c,2023-12-19,,2989,35868,False,False,monthly,True,18.0,0.0,5.0,4.192510638297873
A-158f4e,Company_180,FinTech,IN,2023-03-03,other,Enterprise,61,False,False,S-f762a3,2024-03-22,,12139,145668,False,False,annual,True,58.0,3.0,5.0,4.192510638297873
A-158f4e,Company_180,FinTech,IN,2023-03-03,other,Enterprise,61,False,False,S-61c27e,2023-06-02,,1159,13908,False,False,monthly,True,69.0,8.0,5.0,4.192510638297873
A-158f4e,Company_180,FinTech,IN,2023-03-03,other,Enterprise,61,False,False,S-e2fd71,2023-11-29,,1159,13908,False,False,monthly,True,39.0,0.0,5.0,4.192510638297873
A-158f4e,Company_180,FinTech,IN,2023-03-03,other,Enterprise,61,False,False,S-ce5e0e,2023-09-17,,2989,35868,False,False,annual,True,29.0,0.0,5.0,4.192510638297873
A-158f4e,Company_180,FinTech,IN,2023-03-03,other,Enterprise,61,False,False,S-63c794,2023-10-11,,2989,35868,False,False,annual,True,28.0,2.0,5.0,4.192510638297873
A-158f4e,Company_180,FinTech,IN,2023-03-03,other,Enterprise,61,False,False,S-3ad334,2024-11-23,,12139,145668,False,False,monthly,True,42.0,3.0,5.0,4.192510638297873
A-158f4e,Company_180,FinTech,IN,2023-03-03,other,Enterprise,61,False,False,S-9f59fd,2024-09-03,,1159,13908,False,False,annual,False,52.0,2.0,5.0,4.192510638297873
A-158f4e,Company_180,FinTech,IN,2023-03-03,other,Enterprise,61,False,False,S-f3ff07,2023-06-19,2024-05-15,1159,13908,False,False,annual,False,27.0,6.0,5.0,4.192510638297873
A-158f4e,Company_180,FinTech,IN,2023-03-03,other,Enterprise,61,False,False,S-56834c,2023-08-30,,0,0,False,False,monthly,True,19.0,1.0,5.0,4.192510638297873
A-158f4e,Company_180,FinTech,IN,2023-03-03,other,Enterprise,61,False,False,S-6cea1b,2024-11-18,,2989,35868,False,False,monthly,True,20.0,0.0,5.0,4.192510638297873
A-5b051a,Company_181,Cybersecurity,US,2024-08-05,event,Enterprise,22,False,False,S-6e0006,2024-09-18,,418,5016,False,False,monthly,True,36.0,0.0,1.0,3.0
A-5b051a,Company_181,Cybersecurity,US,2024-08-05,event,Enterprise,22,False,False,S-0a70a3,2024-10-21,2024-12-24,418,5016,False,False,annual,True,18.0,1.0,1.0,3.0
A-5b051a,Company_181,Cybersecurity,US,2024-08-05,event,Enterprise,22,False,False,S-ad31b0,2024-12-29,,1078,12936,False,False,monthly,True,46.0,7.0,1.0,3.0
A-5b051a,Company_181,Cybersecurity,US,2024-08-05,event,Enterprise,22,False,False,S-9b493e,2024-11-23,,418,5016,False,False,monthly,True,71.0,9.0,1.0,3.0
A-296d7c,Company_182,DevTools,DE,2023-11-08,other,Enterprise,2,False,False,S-0e499f,2024-08-17,,784,9408,False,False,annual,False,20.0,0.0,5.0,3.796255319148936
A-296d7c,Company_182,DevTools,DE,2023-11-08,other,Enterprise,2,False,False,S-e77b1e,2024-01-30,,114,1368,False,False,annual,True,68.0,4.0,5.0,3.796255319148936
A-296d7c,Company_182,DevTools,DE,2023-11-08,other,Enterprise,2,False,False,S-446c54,2024-11-05,,398,4776,False,False,annual,True,54.0,4.0,5.0,3.796255319148936
A-296d7c,Company_182,DevTools,DE,2023-11-08,other,Enterprise,2,False,False,S-5ae105,2024-04-21,,361,4332,False,False,monthly,True,76.0,3.0,5.0,3.796255319148936
A-296d7c,Company_182,DevTools,DE,2023-11-08,other,Enterprise,2,False,False,S-cdfe99,2024-11-26,,294,3528,False,False,annual,True,41.0,2.0,5.0,3.796255319148936
A-296d7c,Company_182,DevTools,DE,2023-11-08,other,Enterprise,2,False,False,S-c01d79,2024-07-19,,0,0,False,False,monthly,True,48.0,5.0,5.0,3.796255319148936
A-296d7c,Company_182,DevTools,DE,2023-11-08,other,Enterprise,2,False,False,S-71c55a,2024-06-08,,38,456,False,False,annual,False,50.0,0.0,5.0,3.796255319148936
A-1619f8,Company_183,DevTools,US,2024-05-20,organic,Pro,29,False,False,S-ccc0fe,2024-11-28,,551,6612,False,False,monthly,True,47.0,3.0,3.0,4.320851063829788
A-1619f8,Company_183,DevTools,US,2024-05-20,organic,Pro,29,False,False,S-2aadef,2024-11-16,,1421,17052,False,False,annual,True,61.0,1.0,3.0,4.320851063829788
A-1619f8,Company_183,DevTools,US,2024-05-20,organic,Pro,29,False,False,S-3401bf,2024-06-09,,10945,131340,False,False,annual,True,31.0,2.0,3.0,4.320851063829788
A-1619f8,Company_183,DevTools,US,2024-05-20,organic,Pro,29,False,False,S-5de79e,2024-11-06,,551,6612,True,False,annual,False,65.0,5.0,3.0,4.320851063829788
A-1619f8,Company_183,DevTools,US,2024-05-20,organic,Pro,29,False,False,S-d232ad,2024-06-10,,0,0,False,False,monthly,False,62.0,4.0,3.0,4.320851063829788
A-1619f8,Company_183,DevTools,US,2024-05-20,organic,Pro,29,False,False,S-45ee20,2024-07-21,,551,6612,False,False,monthly,True,93.0,0.0,3.0,4.320851063829788
A-1619f8,Company_183,DevTools,US,2024-05-20,organic,Pro,29,False,False,S-f2da7f,2024-11-05,,5771,69252,False,False,monthly,True,73.0,11.0,3.0,4.320851063829788
A-a1b80b,Company_184,HealthTech,US,2023-11-27,organic,Basic,16,False,False,S-287914,2024-08-15,,784,9408,False,False,annual,True,67.0,6.0,4.0,3.9953191489361704
A-a1b80b,Company_184,HealthTech,US,2023-11-27,organic,Basic,16,False,False,S-27f7b2,2024-04-03,,722,8664,False,False,annual,True,60.0,3.0,4.0,3.9953191489361704
A-a1b80b,Company_184,HealthTech,US,2023-11-27,organic,Basic,16,False,False,S-791c64,2024-11-07,,0,0,False,False,annual,True,28.0,0.0,4.0,3.9953191489361704
A-a1b80b,Company_184,HealthTech,US,2023-11-27,organic,Basic,16,False,False,S-7785af,2024-03-28,,3184,38208,True,False,monthly,False,40.0,0.0,4.0,3.9953191489361704
A-a1b80b,Company_184,HealthTech,US,2023-11-27,organic,Basic,16,False,False,S-2ded36,2024-09-08,,3184,38208,True,False,annual,True,26.0,5.0,4.0,3.9953191489361704
A-a1b80b,Company_184,HealthTech,US,2023-11-27,organic,Basic,16,False,False,S-6e0edc,2024-09-07,,3184,38208,False,False,annual,True,25.0,0.0,4.0,3.9953191489361704
A-a1b80b,Company_184,HealthTech,US,2023-11-27,organic,Basic,16,False,False,S-29b014,2024-07-15,,1764,21168,False,False,annual,True,47.0,7.0,4.0,3.9953191489361704
A-a1b80b,Company_184,HealthTech,US,2023-11-27,organic,Basic,16,False,False,S-d841e4,2024-06-28,,3184,38208,True,False,annual,True,56.0,3.0,4.0,3.9953191489361704
A-a1b80b,Company_184,HealthTech,US,2023-11-27,organic,Basic,16,False,False,S-f9d635,2024-03-11,,10348,124176,False,False,monthly,False,34.0,7.0,4.0,3.9953191489361704
A-a1b80b,Company_184,HealthTech,US,2023-11-27,organic,Basic,16,False,False,S-33e4e2,2024-09-19,,3184,38208,False,True,annual,False,34.0,0.0,4.0,3.9953191489361704
A-a1b80b,Company_184,HealthTech,US,2023-11-27,organic,Basic,16,False,False,S-21d0ab,2024-07-21,,418,5016,False,False,monthly,True,30.0,1.0,4.0,3.9953191489361704
A-a1b80b,Company_184,HealthTech,US,2023-11-27,organic,Basic,16,False,False,S-333abd,2024-07-05,,304,3648,False,False,annual,True,67.0,0.0,4.0,3.9953191489361704
A-a1b80b,Company_184,HealthTech,US,2023-11-27,organic,Basic,16,False,False,S-410fd5,2024-06-09,,361,4332,False,False,annual,True,64.0,6.0,4.0,3.9953191489361704
A-a1b80b,Company_184,HealthTech,US,2023-11-27,organic,Basic,16,False,False,S-ce932b,2024-08-24,,784,9408,False,False,annual,False,76.0,7.0,4.0,3.9953191489361704
A-a1b80b,Company_184,HealthTech,US,2023-11-27,organic,Basic,16,False,False,S-966ce7,2024-04-01,,3184,38208,False,False,annual,True,33.0,1.0,4.0,3.9953191489361704
A-a1b80b,Company_184,HealthTech,US,2023-11-27,organic,Basic,16,False,False,S-4a0cb3,2024-05-16,2024-08-04,0,0,False,False,monthly,True,62.0,2.0,4.0,3.9953191489361704
A-139c3b,Company_185,HealthTech,US,2024-11-21,organic,Enterprise,10,True,True,S-a2afb0,2024-12-21,,3582,42984,False,False,annual,False,67.0,2.0,9.0,4.2118203309692674
A-139c3b,Company_185,HealthTech,US,2024-11-21,organic,Enterprise,10,True,True,S-05ad41,2024-12-12,,2009,24108,False,False,monthly,False,66.0,2.0,9.0,4.2118203309692674
A-139c3b,Company_185,HealthTech,US,2024-11-21,organic,Enterprise,10,True,True,S-80c24c,2024-11-26,2024-12-31,833,9996,True,False,monthly,True,44.0,0.0,9.0,4.2118203309692674
A-139c3b,Company_185,HealthTech,US,2024-11-21,organic,Enterprise,10,True,True,S-6fa3a3,2024-12-30,,490,5880,False,False,annual,True,50.0,3.0,9.0,4.2118203309692674
A-139c3b,Company_185,HealthTech,US,2024-11-21,organic,Enterprise,10,True,True,S-46ff9c,2024-11-27,2024-12-16,1372,16464,False,False,monthly,True,28.0,3.0,9.0,4.2118203309692674
A-139c3b,Company_185,HealthTech,US,2024-11-21,organic,Enterprise,10,True,True,S-dc1c10,2024-11-28,,551,6612,False,False,annual,True,77.0,3.0,9.0,4.2118203309692674
A-139c3b,Company_185,HealthTech,US,2024-11-21,organic,Enterprise,10,True,True,S-e1444a,2024-12-30,,0,0,False,False,annual,True,78.0,2.0,9.0,4.2118203309692674
A-139c3b,Company_185,HealthTech,US,2024-11-21,organic,Enterprise,10,True,True,S-99a404,2024-12-20,,190,2280,False,False,annual,True,68.0,1.0,9.0,4.2118203309692674
A-702032,Company_186,HealthTech,US,2023-10-03,ads,Pro,28,False,False,S-a7d379,2024-11-28,,532,6384,False,False,monthly,True,50.0,2.0,4.0,3.4906382978723407
A-702032,Company_186,HealthTech,US,2023-10-03,ads,Pro,28,False,False,S-9b12da,2024-12-13,2024-12-21,1372,16464,False,False,annual,True,76.0,4.0,4.0,3.4906382978723407
A-702032,Company_186,HealthTech,US,2023-10-03,ads,Pro,28,False,False,S-aa0c6b,2024-07-07,2024-10-23,0,0,False,False,monthly,False,51.0,3.0,4.0,3.4906382978723407
A-702032,Company_186,HealthTech,US,2023-10-03,ads,Pro,28,False,False,S-2de449,2024-04-24,,5572,66864,False,False,annual,True,44.0,3.0,4.0,3.4906382978723407
A-702032,Company_186,HealthTech,US,2023-10-03,ads,Pro,28,False,False,S-9c09cb,2024-12-10,,532,6384,False,False,annual,True,35.0,1.0,4.0,3.4906382978723407
A-702032,Company_186,HealthTech,US,2023-10-03,ads,Pro,28,False,False,S-51b3ed,2024-10-28,,532,6384,True,False,annual,True,29.0,2.0,4.0,3.4906382978723407
A-7a0d69,Company_187,DevTools,DE,2024-06-15,ads,Enterprise,4,True,True,S-22f503,2024-09-06,,114,1368,False,False,annual,True,24.0,1.0,2.0,4.490638297872341
A-7a0d69,Company_187,DevTools,DE,2024-06-15,ads,Enterprise,4,True,True,S-42d724,2024-08-01,,0,0,False,False,annual,True,59.0,4.0,2.0,4.490638297872341
A-7a0d69,Company_187,DevTools,DE,2024-06-15,ads,Enterprise,4,True,True,S-63606e,2024-09-28,,196,2352,True,False,monthly,True,30.0,1.0,2.0,4.490638297872341
A-7a0d69,Company_187,DevTools,DE,2024-06-15,ads,Enterprise,4,True,True,S-708924,2024-09-12,,0,0,False,False,annual,True,40.0,3.0,2.0,4.490638297872341
A-7a0d69,Company_187,DevTools,DE,2024-06-15,ads,Enterprise,4,True,True,S-1acdd2,2024-10-12,,5174,62088,False,False,monthly,True,92.0,6.0,2.0,4.490638297872341
A-7a0d69,Company_187,DevTools,DE,2024-06-15,ads,Enterprise,4,True,True,S-c85167,2024-09-16,,285,3420,False,False,monthly,True,90.0,4.0,2.0,4.490638297872341
A-7a0d69,Company_187,DevTools,DE,2024-06-15,ads,Enterprise,4,True,True,S-f039f9,2024-12-10,,3184,38208,False,False,monthly,True,52.0,5.0,2.0,4.490638297872341
A-7a0d69,Company_187,DevTools,DE,2024-06-15,ads,Enterprise,4,True,True,S-c59d50,2024-07-21,,0,0,False,False,monthly,False,53.0,0.0,2.0,4.490638297872341
A-7a0d69,Company_187,DevTools,DE,2024-06-15,ads,Enterprise,4,True,True,S-bf4ec8,2024-08-20,,735,8820,False,False,monthly,True,86.0,4.0,2.0,4.490638297872341
A-7a0d69,Company_187,DevTools,DE,2024-06-15,ads,Enterprise,4,True,True,S-ff4e21,2024-11-22,,294,3528,True,False,annual,True,59.0,3.0,2.0,4.490638297872341
A-7a0d69,Company_187,DevTools,DE,2024-06-15,ads,Enterprise,4,True,True,S-b4536d,2024-11-20,,380,4560,False,False,annual,True,21.0,0.0,2.0,4.490638297872341
A-22d9d2,Company_188,DevTools,FR,2024-03-22,event,Pro,8,False,False,S-7f5d03,2024-06-10,,1225,14700,False,False,monthly,False,19.0,0.0,6.0,3.993758865248227
A-22d9d2,Company_188,DevTools,FR,2024-03-22,event,Pro,8,False,False,S-f9b284,2024-07-02,,392,4704,False,False,annual,True,36.0,3.0,6.0,3.993758865248227
A-22d9d2,Company_188,DevTools,FR,2024-03-22,event,Pro,8,False,False,S-142456,2024-04-30,2024-09-06,0,0,False,False,annual,True,70.0,3.0,6.0,3.993758865248227
A-22d9d2,Company_188,DevTools,FR,2024-03-22,event,Pro,8,False,False,S-cdcf4a,2024-11-08,,3184,38208,False,False,annual,False,107.0,4.0,6.0,3.993758865248227
A-22d9d2,Company_188,DevTools,FR,2024-03-22,event,Pro,8,False,False,S-3c853b,2024-03-27,,152,1824,False,False,monthly,True,38.0,1.0,6.0,3.993758865248227
A-22d9d2,Company_188,DevTools,FR,2024-03-22,event,Pro,8,False,False,S-455183,2024-06-05,,392,4704,False,False,monthly,True,88.0,2.0,6.0,3.993758865248227
A-22d9d2,Company_188,DevTools,FR,2024-03-22,event,Pro,8,False,False,S-d9d52b,2024-08-09,,1470,17640,False,False,annual,True,54.0,11.0,6.0,3.993758865248227
A-22d9d2,Company_188,DevTools,FR,2024-03-22,event,Pro,8,False,False,S-2f0815,2024-10-14,,392,4704,False,False,monthly,True,29.0,3.0,6.0,3.993758865248227
A-22d9d2,Company_188,DevTools,FR,2024-03-22,event,Pro,8,False,False,S-ca6962,2024-04-01,2024-09-01,2842,34104,True,False,monthly,True,85.0,4.0,6.0,3.993758865248227
A-22d9d2,Company_188,DevTools,FR,2024-03-22,event,Pro,8,False,False,S-7cf7c6,2024-06-02,,637,7644,False,False,annual,True,47.0,0.0,6.0,3.993758865248227
A-22d9d2,Company_188,DevTools,FR,2024-03-22,event,Pro,8,False,False,S-eed91a,2024-12-17,2024-12-20,1568,18816,False,True,monthly,True,46.0,0.0,6.0,3.993758865248227
A-22d9d2,Company_188,DevTools,FR,2024-03-22,event,Pro,8,False,False,S-5d6528,2024-07-23,,1592,19104,False,False,monthly,True,52.0,6.0,6.0,3.993758865248227
A-22d9d2,Company_188,DevTools,FR,2024-03-22,event,Pro,8,False,False,S-1ade0b,2024-10-24,,4508,54096,True,False,monthly,False,63.0,4.0,6.0,3.993758865248227
A-22d9d2,Company_188,DevTools,FR,2024-03-22,event,Pro,8,False,False,S-0aed9e,2024-06-29,,392,4704,False,False,annual,True,48.0,2.0,6.0,3.993758865248227
A-b9eed8,Company_189,Cybersecurity,US,2024-02-23,organic,Basic,11,False,False,S-4c82da,2024-08-01,,539,6468,False,False,monthly,False,59.0,6.0,5.0,3.796255319148936
A-b9eed8,Company_189,Cybersecurity,US,2024-02-23,organic,Basic,11,False,False,S-05b080,2024-06-21,,209,2508,False,False,monthly,True,44.0,4.0,5.0,3.796255319148936
A-b9eed8,Company_189,Cybersecurity,US,2024-02-23,organic,Basic,11,False,False,S-023f3c,2024-03-16,,2985,35820,False,False,annual,False,60.0,6.0,5.0,3.796255319148936
A-b9eed8,Company_189,Cybersecurity,US,2024-02-23,organic,Basic,11,False,False,S-6c9ec4,2024-11-30,,342,4104,False,False,monthly,True,59.0,2.0,5.0,3.796255319148936
A-b9eed8,Company_189,Cybersecurity,US,2024-02-23,organic,Basic,11,False,False,S-3037ab,2024-08-27,,323,3876,False,True,annual,True,47.0,7.0,5.0,3.796255319148936
A-b9eed8,Company_189,Cybersecurity,US,2024-02-23,organic,Basic,11,False,False,S-08a5fd,2024-10-24,,6766,81192,False,False,monthly,True,45.0,5.0,5.0,3.796255319148936
A-b9eed8,Company_189,Cybersecurity,US,2024-02-23,organic,Basic,11,False,False,S-7a6697,2024-05-07,,588,7056,False,True,annual,True,42.0,4.0,5.0,3.796255319148936
A-b9eed8,Company_189,Cybersecurity,US,2024-02-23,organic,Basic,11,False,False,S-0c47cb,2024-08-27,,266,3192,False,False,annual,True,116.0,4.0,5.0,3.796255319148936
A-b9eed8,Company_189,Cybersecurity,US,2024-02-23,organic,Basic,11,False,False,S-d407d0,2024-11-04,,539,6468,False,False,annual,True,56.0,5.0,5.0,3.796255319148936
A-b9eed8,Company_189,Cybersecurity,US,2024-02-23,organic,Basic,11,False,False,S-ea9f08,2024-07-14,,637,7644,False,True,annual,True,60.0,7.0,5.0,3.796255319148936
A-b9eed8,Company_189,Cybersecurity,US,2024-02-23,organic,Basic,11,False,False,S-a9ca9b,2024-10-06,,3383,40596,False,False,annual,True,35.0,5.0,5.0,3.796255319148936
A-dfbd31,Company_190,DevTools,UK,2023-12-04,partner,Enterprise,14,False,False,S-163e64,2024-11-08,,12338,148056,False,False,monthly,True,42.0,0.0,6.0,4.1604255319148935
A-dfbd31,Company_190,DevTools,UK,2023-12-04,partner,Enterprise,14,False,False,S-1cebf9,2024-10-16,,2940,35280,False,False,annual,True,16.0,3.0,6.0,4.1604255319148935
A-dfbd31,Company_190,DevTools,UK,2023-12-04,partner,Enterprise,14,False,False,S-704195,2024-04-29,,266,3192,False,False,monthly,True,31.0,0.0,6.0,4.1604255319148935
A-dfbd31,Company_190,DevTools,UK,2023-12-04,partner,Enterprise,14,False,False,S-2dbf26,2023-12-10,,0,0,False,False,annual,True,90.0,2.0,6.0,4.1604255319148935
A-dfbd31,Company_190,DevTools,UK,2023-12-04,partner,Enterprise,14,False,False,S-f690b4,2024-12-04,,1715,20580,False,True,annual,True,53.0,3.0,6.0,4.1604255319148935
A-dfbd31,Company_190,DevTools,UK,2023-12-04,partner,Enterprise,14,False,False,S-23a6c5,2023-12-31,,0,0,False,False,monthly,True,36.0,0.0,6.0,4.1604255319148935
A-dfbd31,Company_190,DevTools,UK,2023-12-04,partner,Enterprise,14,False,False,S-91c435,2024-12-09,,266,3192,False,False,monthly,True,58.0,2.0,6.0,4.1604255319148935
A-dfbd31,Company_190,DevTools,UK,2023-12-04,partner,Enterprise,14,False,False,S-e8eb5c,2024-09-17,,2107,25284,True,False,monthly,True,28.0,2.0,6.0,4.1604255319148935
A-dfbd31,Company_190,DevTools,UK,2023-12-04,partner,Enterprise,14,False,False,S-373c6e,2024-10-15,,686,8232,False,False,monthly,True,44.0,2.0,6.0,4.1604255319148935
A-dfbd31,Company_190,DevTools,UK,2023-12-04,partner,Enterprise,14,False,False,S-ca74fe,2024-07-30,,686,8232,False,False,annual,False,40.0,0.0,6.0,4.1604255319148935
A-dfbd31,Company_190,DevTools,UK,2023-12-04,partner,Enterprise,14,False,False,S-8b0950,2024-02-15,,2786,33432,False,False,monthly,False,37.0,0.0,6.0,4.1604255319148935
A-dfbd31,Company_190,DevTools,UK,2023-12-04,partner,Enterprise,14,False,False,S-efe3f6,2024-04-27,,833,9996,False,False,monthly,True,23.0,0.0,6.0,4.1604255319148935
A-dfbd31,Company_190,DevTools,UK,2023-12-04,partner,Enterprise,14,False,False,S-74bda1,2024-06-17,,0,0,False,False,annual,False,39.0,3.0,6.0,4.1604255319148935
A-dfbd31,Company_190,DevTools,UK,2023-12-04,partner,Enterprise,14,False,False,S-5f8ad0,2024-08-08,,456,5472,False,False,annual,True,62.0,2.0,6.0,4.1604255319148935
A-8e47ca,Company_191,HealthTech,US,2024-02-15,organic,Pro,19,False,False,S-9871f4,2024-03-05,,361,4332,False,False,monthly,True,33.0,3.0,5.0,3.988765957446809
A-8e47ca,Company_191,HealthTech,US,2024-02-15,organic,Pro,19,False,False,S-93dc0e,2024-11-03,2024-12-09,4975,59700,False,False,monthly,True,52.0,3.0,5.0,3.988765957446809
A-8e47ca,Company_191,HealthTech,US,2024-02-15,organic,Pro,19,False,False,S-ec242e,2024-04-26,,6169,74028,False,False,monthly,True,26.0,2.0,5.0,3.988765957446809
A-8e47ca,Company_191,HealthTech,US,2024-02-15,organic,Pro,19,False,False,S-8fb49f,2024-05-20,,3980,47760,False,False,monthly,True,33.0,4.0,5.0,3.988765957446809
A-8e47ca,Company_191,HealthTech,US,2024-02-15,organic,Pro,19,False,False,S-d53c0a,2024-03-28,,3781,45372,True,False,annual,False,52.0,1.0,5.0,3.988765957446809
A-8e47ca,Company_191,HealthTech,US,2024-02-15,organic,Pro,19,False,False,S-0459a1,2024-04-29,,3781,45372,False,False,monthly,False,86.0,12.0,5.0,3.988765957446809
A-8e47ca,Company_191,HealthTech,US,2024-02-15,organic,Pro,19,False,False,S-440dde,2024-07-21,,361,4332,False,False,annual,True,49.0,5.0,5.0,3.988765957446809
A-8e47ca,Company_191,HealthTech,US,2024-02-15,organic,Pro,19,False,False,S-af5ec3,2024-08-23,,3781,45372,False,False,monthly,True,68.0,2.0,5.0,3.988765957446809
A-8e47ca,Company_191,HealthTech,US,2024-02-15,organic,Pro,19,False,False,S-16dfaf,2024-02-27,,931,11172,False,False,annual,True,42.0,3.0,5.0,3.988765957446809
A-4437e4,Company_192,Cybersecurity,US,2023-09-16,event,Enterprise,3,False,False,S-72b4f2,2024-02-06,,2401,28812,False,False,annual,True,33.0,7.0,6.0,3.654184397163121
A-4437e4,Company_192,Cybersecurity,US,2023-09-16,event,Enterprise,3,False,False,S-80a6a6,2024-12-07,,597,7164,False,False,annual,True,60.0,1.0,6.0,3.654184397163121
A-4437e4,Company_192,Cybersecurity,US,2023-09-16,event,Enterprise,3,False,False,S-e9dc6e,2024-08-15,,1862,22344,False,False,annual,True,54.0,1.0,6.0,3.654184397163121
A-4437e4,Company_192,Cybersecurity,US,2023-09-16,event,Enterprise,3,False,False,S-88a47f,2024-12-23,,171,2052,False,False,annual,True,45.0,1.0,6.0,3.654184397163121
A-4437e4,Company_192,Cybersecurity,US,2023-09-16,event,Enterprise,3,False,False,S-8e719f,2024-08-16,,209,2508,False,False,annual,True,71.0,4.0,6.0,3.654184397163121
A-4437e4,Company_192,Cybersecurity,US,2023-09-16,event,Enterprise,3,False,False,S-193d88,2024-10-12,,1194,14328,True,True,annual,True,83.0,6.0,6.0,3.654184397163121
A-4437e4,Company_192,Cybersecurity,US,2023-09-16,event,Enterprise,3,False,False,S-9acc7f,2024-07-10,,3184,38208,False,False,monthly,True,58.0,2.0,6.0,3.654184397163121
A-4437e4,Company_192,Cybersecurity,US,2023-09-16,event,Enterprise,3,False,False,S-150c71,2024-08-17,,2189,26268,True,False,monthly,True,81.0,3.0,6.0,3.654184397163121
A-4437e4,Company_192,Cybersecurity,US,2023-09-16,event,Enterprise,3,False,False,S-05555d,2024-07-20,,3184,38208,True,False,annual,True,57.0,6.0,6.0,3.654184397163121
A-4437e4,Company_192,Cybersecurity,US,2023-09-16,event,Enterprise,3,False,False,S-8e701b,2024-04-21,,597,7164,False,False,monthly,False,27.0,1.0,6.0,3.654184397163121
A-4437e4,Company_192,Cybersecurity,US,2023-09-16,event,Enterprise,3,False,False,S-f09511,2024-05-14,,597,7164,True,False,monthly,True,20.0,0.0,6.0,3.654184397163121
A-4437e4,Company_192,Cybersecurity,US,2023-09-16,event,Enterprise,3,False,False,S-8cc2e2,2024-02-12,,1323,15876,False,False,monthly,True,61.0,0.0,6.0,3.654184397163121
A-4437e4,Company_192,Cybersecurity,US,2023-09-16,event,Enterprise,3,False,False,S-26836c,2023-11-20,,0,0,False,False,monthly,True,54.0,0.0,6.0,3.654184397163121
A-4437e4,Company_192,Cybersecurity,US,2023-09-16,event,Enterprise,3,False,False,S-4236fa,2023-11-17,,323,3876,False,False,monthly,True,22.0,0.0,6.0,3.654184397163121
A-4437e4,Company_192,Cybersecurity,US,2023-09-16,event,Enterprise,3,False,False,S-17bedf,2023-11-20,2024-09-17,0,0,False,False,monthly,True,38.0,5.0,6.0,3.654184397163121
A-4437e4,Company_192,Cybersecurity,US,2023-09-16,event,Enterprise,3,False,False,S-55834e,2024-08-30,,0,0,False,False,annual,True,42.0,6.0,6.0,3.654184397163121
A-779e4e,Company_193,HealthTech,US,2023-01-02,organic,Basic,5,False,False,S-d01053,2023-11-12,2024-10-29,7164,85968,False,False,annual,True,46.0,1.0,5.0,3.9962553191489363
A-779e4e,Company_193,HealthTech,US,2023-01-02,organic,Basic,5,False,False,S-11066a,2023-02-12,2023-11-24,931,11172,False,False,annual,True,69.0,2.0,5.0,3.9962553191489363
A-779e4e,Company_193,HealthTech,US,2023-01-02,organic,Basic,5,False,False,S-c3660c,2024-07-18,,245,2940,False,False,monthly,True,12.0,0.0,5.0,3.9962553191489363
A-779e4e,Company_193,HealthTech,US,2023-01-02,organic,Basic,5,False,False,S-694aa7,2024-09-18,,1862,22344,False,False,annual,True,80.0,5.0,5.0,3.9962553191489363
A-779e4e,Company_193,HealthTech,US,2023-01-02,organic,Basic,5,False,False,S-18356d,2023-01-28,,3582,42984,True,False,annual,True,23.0,3.0,5.0,3.9962553191489363
A-779e4e,Company_193,HealthTech,US,2023-01-02,organic,Basic,5,False,False,S-92a38d,2024-09-14,,361,4332,False,False,monthly,True,32.0,3.0,5.0,3.9962553191489363
A-779e4e,Company_193,HealthTech,US,2023-01-02,organic,Basic,5,False,False,S-9ae8de,2023-03-27,,1029,12348,True,True,monthly,True,24.0,2.0,5.0,3.9962553191489363
A-779e4e,Company_193,HealthTech,US,2023-01-02,organic,Basic,5,False,False,S-92f228,2023-01-09,,171,2052,False,False,annual,True,49.0,2.0,5.0,3.9962553191489363
A-779e4e,Company_193,HealthTech,US,2023-01-02,organic,Basic,5,False,False,S-295bac,2023-07-13,,11542,138504,False,False,monthly,True,30.0,2.0,5.0,3.9962553191489363
A-779e4e,Company_193,HealthTech,US,2023-01-02,organic,Basic,5,False,False,S-fee9c9,2024-07-02,,1194,14328,False,False,annual,False,28.0,0.0,5.0,3.9962553191489363
A-53f4e3,Company_194,Cybersecurity,UK,2024-06-14,event,Enterprise,13,False,False,S-7f8cd8,2024-09-18,2024-11-17,3980,47760,False,False,monthly,True,75.0,7.0,5.0,3.9925106382978726
A-53f4e3,Company_194,Cybersecurity,UK,2024-06-14,event,Enterprise,13,False,False,S-7f15a3,2024-12-05,,2587,31044,False,False,annual,True,20.0,0.0,5.0,3.9925106382978726
A-53f4e3,Company_194,Cybersecurity,UK,2024-06-14,event,Enterprise,13,False,False,S-8b3331,2024-11-28,,342,4104,False,False,annual,True,38.0,5.0,5.0,3.9925106382978726
A-53f4e3,Company_194,Cybersecurity,UK,2024-06-14,event,Enterprise,13,False,False,S-3a897f,2024-10-10,,4557,54684,False,False,annual,True,58.0,14.0,5.0,3.9925106382978726
A-53f4e3,Company_194,Cybersecurity,UK,2024-06-14,event,Enterprise,13,False,False,S-2db458,2024-09-21,,418,5016,False,False,annual,True,37.0,6.0,5.0,3.9925106382978726
A-53f4e3,Company_194,Cybersecurity,UK,2024-06-14,event,Enterprise,13,False,False,S-559e85,2024-12-22,,1421,17052,False,False,monthly,True,57.0,5.0,5.0,3.9925106382978726
A-53f4e3,Company_194,Cybersecurity,UK,2024-06-14,event,Enterprise,13,False,False,S-7ab956,2024-12-03,,247,2964,False,False,annual,True,17.0,1.0,5.0,3.9925106382978726
A-53f4e3,Company_194,Cybersecurity,UK,2024-06-14,event,Enterprise,13,False,False,S-1c06f3,2024-11-05,,247,2964,False,False,annual,True,41.0,6.0,5.0,3.9925106382978726
A-53f4e3,Company_194,Cybersecurity,UK,2024-06-14,event,Enterprise,13,False,False,S-317bed,2024-10-16,,342,4104,False,False,monthly,False,32.0,0.0,5.0,3.9925106382978726
A-53f4e3,Company_194,Cybersecurity,UK,2024-06-14,event,Enterprise,13,False,False,S-e781ba,2024-06-17,,931,11172,False,False,monthly,False,35.0,1.0,5.0,3.9925106382978726
A-692f18,Company_195,EdTech,US,2024-03-28,other,Basic,5,True,True,S-e1d553,2024-09-27,,0,0,False,False,annual,True,46.0,1.0,2.0,4.490638297872341
A-692f18,Company_195,EdTech,US,2024-03-28,other,Basic,5,True,True,S-bf9b37,2024-05-25,,294,3528,False,False,annual,True,47.0,10.0,2.0,4.490638297872341
A-692f18,Company_195,EdTech,US,2024-03-28,other,Basic,5,True,True,S-41ca59,2024-07-18,,7363,88356,False,False,monthly,True,38.0,1.0,2.0,4.490638297872341
A-692f18,Company_195,EdTech,US,2024-03-28,other,Basic,5,True,True,S-fbbd54,2024-06-02,,0,0,False,False,monthly,True,68.0,4.0,2.0,4.490638297872341
A-692f18,Company_195,EdTech,US,2024-03-28,other,Basic,5,True,True,S-650c13,2024-08-06,,114,1368,False,False,monthly,True,91.0,4.0,2.0,4.490638297872341
A-692f18,Company_195,EdTech,US,2024-03-28,other,Basic,5,True,True,S-14f672,2024-07-10,,588,7056,False,False,monthly,True,23.0,3.0,2.0,4.490638297872341
A-692f18,Company_195,EdTech,US,2024-03-28,other,Basic,5,True,True,S-62b93c,2024-09-19,,0,0,False,False,annual,True,39.0,0.0,2.0,4.490638297872341
A-692f18,Company_195,EdTech,US,2024-03-28,other,Basic,5,True,True,S-2557d9,2024-12-14,,1990,23880,True,False,monthly,True,40.0,1.0,2.0,4.490638297872341
A-692f18,Company_195,EdTech,US,2024-03-28,other,Basic,5,True,True,S-5818be,2024-06-19,,245,2940,False,False,annual,True,101.0,3.0,2.0,4.490638297872341
A-692f18,Company_195,EdTech,US,2024-03-28,other,Basic,5,True,True,S-3110d9,2024-08-20,,3383,40596,False,True,annual,False,55.0,2.0,2.0,4.490638297872341
A-692f18,Company_195,EdTech,US,2024-03-28,other,Basic,5,True,True,S-9c06f8,2024-04-05,,931,11172,False,False,annual,True,53.0,6.0,2.0,4.490638297872341
A-692f18,Company_195,EdTech,US,2024-03-28,other,Basic,5,True,True,S-70addb,2024-10-05,,190,2280,False,False,monthly,False,24.0,2.0,2.0,4.490638297872341
A-692f18,Company_195,EdTech,US,2024-03-28,other,Basic,5,True,True,S-c22c29,2024-12-15,2024-12-17,5572,66864,False,False,annual,True,44.0,1.0,2.0,4.490638297872341
A-692f18,Company_195,EdTech,US,2024-03-28,other,Basic,5,True,True,S-7ba2ad,2024-08-05,,266,3192,False,False,annual,False,72.0,6.0,2.0,4.490638297872341
A-692f18,Company_195,EdTech,US,2024-03-28,other,Basic,5,True,True,S-fe0bc0,2024-03-29,,5771,69252,False,False,monthly,True,30.0,3.0,2.0,4.490638297872341
A-692f18,Company_195,EdTech,US,2024-03-28,other,Basic,5,True,True,S-2ee2e1,2024-06-12,,2450,29400,True,False,annual,False,56.0,7.0,2.0,4.490638297872341
A-692f18,Company_195,EdTech,US,2024-03-28,other,Basic,5,True,True,S-14a685,2024-07-29,,1393,16716,False,False,monthly,False,44.0,1.0,2.0,4.490638297872341
A-13466a,Company_196,DevTools,AU,2023-10-22,event,Basic,2,False,True,S-2f8dbb,2023-11-18,2024-06-23,38,456,False,False,annual,False,52.0,0.0,3.0,4.333333333333333
A-13466a,Company_196,DevTools,AU,2023-10-22,event,Basic,2,False,True,S-1c45b4,2024-04-20,,0,0,False,False,monthly,True,15.0,0.0,3.0,4.333333333333333
A-13466a,Company_196,DevTools,AU,2023-10-22,event,Basic,2,False,True,S-063586,2024-05-23,2024-09-27,4378,52536,False,False,annual,True,39.0,0.0,3.0,4.333333333333333
A-13466a,Company_196,DevTools,AU,2023-10-22,event,Basic,2,False,True,S-3223a2,2024-09-20,,171,2052,False,False,annual,True,38.0,5.0,3.0,4.333333333333333
A-13466a,Company_196,DevTools,AU,2023-10-22,event,Basic,2,False,True,S-af6536,2024-02-11,2024-10-28,7960,95520,False,False,monthly,True,16.0,1.0,3.0,4.333333333333333
A-13466a,Company_196,DevTools,AU,2023-10-22,event,Basic,2,False,True,S-b89456,2024-09-01,2024-12-31,796,9552,False,False,monthly,True,45.0,8.0,3.0,4.333333333333333
A-1986ca,Company_197,HealthTech,IN,2023-01-30,ads,Pro,20,False,False,S-dc1cf4,2024-01-05,,3980,47760,False,False,monthly,False,89.0,9.0,7.0,3.5660790273556233
A-1986ca,Company_197,HealthTech,IN,2023-01-30,ads,Pro,20,False,False,S-6f0aa3,2023-11-16,,0,0,False,False,monthly,True,41.0,0.0,7.0,3.5660790273556233
A-1986ca,Company_197,HealthTech,IN,2023-01-30,ads,Pro,20,False,False,S-fee7b2,2024-05-07,,6169,74028,True,False,monthly,True,73.0,7.0,7.0,3.5660790273556233
A-1986ca,Company_197,HealthTech,IN,2023-01-30,ads,Pro,20,False,False,S-846d41,2024-09-02,,5572,66864,False,False,monthly,True,82.0,0.0,7.0,3.5660790273556233
A-1986ca,Company_197,HealthTech,IN,2023-01-30,ads,Pro,20,False,False,S-e95f57,2024-09-24,,3980,47760,False,False,monthly,False,8.0,1.0,7.0,3.5660790273556233
A-1986ca,Company_197,HealthTech,IN,2023-01-30,ads,Pro,20,False,False,S-c9d475,2023-07-06,,3980,47760,False,False,annual,False,26.0,2.0,7.0,3.5660790273556233
A-1986ca,Company_197,HealthTech,IN,2023-01-30,ads,Pro,20,False,False,S-c5bec0,2024-09-21,,3980,47760,False,False,annual,True,43.0,4.0,7.0,3.5660790273556233
A-0cc442,Company_198,EdTech,US,2024-07-18,organic,Basic,45,False,False,S-486088,2024-09-18,,2205,26460,False,False,monthly,True,75.0,2.0,3.0,3.654184397163121
A-0cc442,Company_198,EdTech,US,2024-07-18,organic,Basic,45,False,False,S-ff2761,2024-09-25,,855,10260,True,False,monthly,True,34.0,5.0,3.0,3.654184397163121
A-0cc442,Company_198,EdTech,US,2024-07-18,organic,Basic,45,False,False,S-1351ac,2024-07-27,,0,0,False,False,monthly,True,64.0,8.0,3.0,3.654184397163121
A-0cc442,Company_198,EdTech,US,2024-07-18,organic,Basic,45,False,False,S-add03a,2024-12-18,,8955,107460,False,False,annual,True,57.0,1.0,3.0,3.654184397163121
A-0cc442,Company_198,EdTech,US,2024-07-18,organic,Basic,45,False,False,S-d36b9f,2024-11-01,,8955,107460,False,False,annual,False,92.0,2.0,3.0,3.654184397163121
A-0cc442,Company_198,EdTech,US,2024-07-18,organic,Basic,45,False,False,S-bf3403,2024-11-10,,8955,107460,False,False,annual,False,50.0,4.0,3.0,3.654184397163121
A-0cc442,Company_198,EdTech,US,2024-07-18,organic,Basic,45,False,False,S-6ca46a,2024-09-25,,10547,126564,True,False,annual,True,93.0,7.0,3.0,3.654184397163121
A-0cc442,Company_198,EdTech,US,2024-07-18,organic,Basic,45,False,False,S-e0cd01,2024-10-21,,855,10260,False,False,annual,False,42.0,3.0,3.0,3.654184397163121
A-0cc442,Company_198,EdTech,US,2024-07-18,organic,Basic,45,False,False,S-149409,2024-09-15,2024-10-28,0,0,True,True,monthly,True,58.0,1.0,3.0,3.654184397163121
A-0cc442,Company_198,EdTech,US,2024-07-18,organic,Basic,45,False,False,S-d29575,2024-09-01,,8955,107460,False,False,monthly,True,41.0,4.0,3.0,3.654184397163121
A-0cc442,Company_198,EdTech,US,2024-07-18,organic,Basic,45,False,False,S-658bcb,2024-08-14,,8955,107460,False,False,monthly,True,45.0,1.0,3.0,3.654184397163121
A-0cc442,Company_198,EdTech,US,2024-07-18,organic,Basic,45,False,False,S-bd1912,2024-10-06,2024-10-23,1843,22116,False,False,monthly,True,63.0,1.0,3.0,3.654184397163121
A-0cc442,Company_198,EdTech,US,2024-07-18,organic,Basic,45,False,False,S-3f48a5,2024-10-04,,855,10260,False,False,monthly,False,51.0,2.0,3.0,3.654184397163121
A-c608c8,Company_199,DevTools,DE,2023-04-27,ads,Pro,3,False,True,S-07ff57,2024-03-11,,2842,34104,False,False,monthly,False,68.0,2.0,2.0,3.4906382978723407
A-c608c8,Company_199,DevTools,DE,2023-04-27,ads,Pro,3,False,True,S-cfb108,2023-06-30,,597,7164,False,True,annual,True,18.0,1.0,2.0,3.4906382978723407
A-c608c8,Company_199,DevTools,DE,2023-04-27,ads,Pro,3,False,True,S-a24aa1,2024-03-07,,1029,12348,True,False,monthly,True,88.0,3.0,2.0,3.4906382978723407
A-c608c8,Company_199,DevTools,DE,2023-04-27,ads,Pro,3,False,True,S-4473ec,2024-10-12,,1029,12348,False,False,annual,True,63.0,5.0,2.0,3.4906382978723407
A-c608c8,Company_199,DevTools,DE,2023-04-27,ads,Pro,3,False,True,S-041553,2023-12-16,,539,6468,False,False,annual,True,38.0,0.0,2.0,3.4906382978723407
A-c608c8,Company_199,DevTools,DE,2023-04-27,ads,Pro,3,False,True,S-37a9e3,2024-06-07,2024-06-29,2189,26268,False,False,monthly,False,82.0,10.0,2.0,3.4906382978723407
A-c608c8,Company_199,DevTools,DE,2023-04-27,ads,Pro,3,False,True,S-1db3e6,2024-08-28,,95,1140,False,False,monthly,True,45.0,5.0,2.0,3.4906382978723407
A-c608c8,Company_199,DevTools,DE,2023-04-27,ads,Pro,3,False,True,S-212fc4,2023-10-15,,1194,14328,False,False,monthly,True,43.0,1.0,2.0,3.4906382978723407
A-3be56b,Company_200,HealthTech,IN,2023-10-26,event,Pro,3,False,True,S-64acb8,2024-08-21,,5970,71640,False,False,monthly,True,55.0,2.0,4.0,3.5
A-3be56b,Company_200,HealthTech,IN,2023-10-26,event,Pro,3,False,True,S-cf44af,2024-03-08,,833,9996,False,False,annual,True,45.0,1.0,4.0,3.5
A-3be56b,Company_200,HealthTech,IN,2023-10-26,event,Pro,3,False,True,S-e2c20a,2023-12-16,,3038,36456,False,False,monthly,True,77.0,4.0,4.0,3.5
A-3be56b,Company_200,HealthTech,IN,2023-10-26,event,Pro,3,False,True,S-3cc641,2024-05-14,,133,1596,True,False,monthly,False,18.0,1.0,4.0,3.5
A-3be56b,Company_200,HealthTech,IN,2023-10-26,event,Pro,3,False,True,S-60ea07,2024-08-22,,686,8232,False,False,annual,True,43.0,2.0,4.0,3.5
A-3be56b,Company_200,HealthTech,IN,2023-10-26,event,Pro,3,False,True,S-cde950,2024-12-01,,380,4560,False,False,annual,False,79.0,9.0,4.0,3.5
A-3be56b,Company_200,HealthTech,IN,2023-10-26,event,Pro,3,False,True,S-ca98c9,2024-08-23,,703,8436,False,False,monthly,True,19.0,4.0,4.0,3.5
A-3be56b,Company_200,HealthTech,IN,2023-10-26,event,Pro,3,False,True,S-0639f1,2024-05-07,,0,0,False,False,annual,True,34.0,0.0,4.0,3.5
A-3be56b,Company_200,HealthTech,IN,2023-10-26,event,Pro,3,False,True,S-0b3f0c,2024-06-12,,0,0,False,False,monthly,True,56.0,1.0,4.0,3.5
A-3be56b,Company_200,HealthTech,IN,2023-10-26,event,Pro,3,False,True,S-2f729b,2024-02-01,2024-03-05,1715,20580,False,False,monthly,True,19.0,4.0,4.0,3.5
A-3be56b,Company_200,HealthTech,IN,2023-10-26,event,Pro,3,False,True,S-b23ec5,2024-05-01,,3582,42984,False,True,annual,True,48.0,2.0,4.0,3.5
A-3be56b,Company_200,HealthTech,IN,2023-10-26,event,Pro,3,False,True,S-4977c8,2023-11-22,2024-02-23,0,0,False,False,annual,False,35.0,3.0,4.0,3.5
A-354f12,Company_201,FinTech,US,2024-04-28,ads,Pro,1,True,False,S-8fd22d,2024-08-01,,199,2388,False,False,monthly,True,45.0,0.0,2.0,3.981276595744681
A-354f12,Company_201,FinTech,US,2024-04-28,ads,Pro,1,True,False,S-078c2b,2024-11-08,,133,1596,False,False,monthly,True,28.0,1.0,2.0,3.981276595744681
A-354f12,Company_201,FinTech,US,2024-04-28,ads,Pro,1,True,False,S-d64e41,2024-05-28,,6766,81192,False,True,annual,True,61.0,2.0,2.0,3.981276595744681
A-354f12,Company_201,FinTech,US,2024-04-28,ads,Pro,1,True,False,S-7576bd,2024-10-18,,1791,21492,False,False,annual,True,24.0,0.0,2.0,3.981276595744681
A-68f37c,Company_202,HealthTech,US,2023-07-15,ads,Basic,4,False,False,S-401496,2023-08-13,2024-06-22,796,9552,True,False,monthly,True,61.0,1.0,5.0,3.9850212765957442
A-68f37c,Company_202,HealthTech,US,2023-07-15,ads,Basic,4,False,False,S-41cdf0,2023-08-15,2023-11-03,0,0,True,False,monthly,True,21.0,2.0,5.0,3.9850212765957442
A-68f37c,Company_202,HealthTech,US,2023-07-15,ads,Basic,4,False,False,S-290ee5,2024-03-26,,1273,15276,False,False,annual,True,54.0,2.0,5.0,3.9850212765957442
A-68f37c,Company_202,HealthTech,US,2023-07-15,ads,Basic,4,False,False,S-fc8f09,2024-10-05,,796,9552,True,False,monthly,True,58.0,4.0,5.0,3.9850212765957442
A-68f37c,Company_202,HealthTech,US,2023-07-15,ads,Basic,4,False,False,S-0f3df6,2023-07-24,,24079,288948,False,False,annual,True,58.0,7.0,5.0,3.9850212765957442
A-68f37c,Company_202,HealthTech,US,2023-07-15,ads,Basic,4,False,False,S-575bef,2024-08-01,,735,8820,False,False,annual,True,76.0,9.0,5.0,3.9850212765957442
A-68f37c,Company_202,HealthTech,US,2023-07-15,ads,Basic,4,False,False,S-367d84,2023-12-31,,539,6468,False,False,monthly,True,44.0,2.0,5.0,3.9850212765957442
A-68f37c,Company_202,HealthTech,US,2023-07-15,ads,Basic,4,False,False,S-c89bff,2024-02-23,,228,2736,False,False,monthly,True,110.0,4.0,5.0,3.9850212765957442
A-68f37c,Company_202,HealthTech,US,2023-07-15,ads,Basic,4,False,False,S-b204c4,2024-02-20,,1791,21492,False,False,annual,False,52.0,0.0,5.0,3.9850212765957442
A-68f37c,Company_202,HealthTech,US,2023-07-15,ads,Basic,4,False,False,S-3112d0,2024-04-11,,1786,21432,False,False,monthly,True,10.0,4.0,5.0,3.9850212765957442
A-68f37c,Company_202,HealthTech,US,2023-07-15,ads,Basic,4,False,False,S-9f009b,2023-11-30,,0,0,False,False,monthly,True,7.0,2.0,5.0,3.9850212765957442
A-68f37c,Company_202,HealthTech,US,2023-07-15,ads,Basic,4,False,False,S-befdf1,2024-02-27,,247,2964,False,False,monthly,True,73.0,3.0,5.0,3.9850212765957442
A-aa9511,Company_203,DevTools,US,2023-10-10,other,Pro,23,True,False,S-082b15,2024-02-09,,19303,231636,False,False,annual,True,15.0,0.0,2.0,3.9906382978723407
A-aa9511,Company_203,DevTools,US,2023-10-10,other,Pro,23,True,False,S-38131a,2024-04-13,,0,0,False,False,monthly,True,19.0,0.0,2.0,3.9906382978723407
A-aa9511,Company_203,DevTools,US,2023-10-10,other,Pro,23,True,False,S-14c8b9,2023-11-29,,6567,78804,False,False,monthly,True,22.0,1.0,2.0,3.9906382978723407
A-aa9511,Company_203,DevTools,US,2023-10-10,other,Pro,23,True,False,S-e41941,2024-12-12,,5970,71640,False,False,monthly,False,38.0,1.0,2.0,3.9906382978723407
A-aa9511,Company_203,DevTools,US,2023-10-10,other,Pro,23,True,False,S-23dcff,2024-10-05,,10746,128952,False,False,monthly,True,52.0,10.0,2.0,3.9906382978723407
A-aa9511,Company_203,DevTools,US,2023-10-10,other,Pro,23,True,False,S-76cdf1,2024-06-16,,1127,13524,False,False,monthly,True,40.0,0.0,2.0,3.9906382978723407
A-aa9511,Company_203,DevTools,US,2023-10-10,other,Pro,23,True,False,S-59c612,2023-10-25,,437,5244,False,False,monthly,True,37.0,3.0,2.0,3.9906382978723407
A-aa9511,Company_203,DevTools,US,2023-10-10,other,Pro,23,True,False,S-742e23,2024-06-23,,1127,13524,False,False,annual,True,44.0,0.0,2.0,3.9906382978723407
A-aa9511,Company_203,DevTools,US,2023-10-10,other,Pro,23,True,False,S-071ade,2024-11-07,,437,5244,False,True,annual,True,25.0,1.0,2.0,3.9906382978723407
A-aa9511,Company_203,DevTools,US,2023-10-10,other,Pro,23,True,False,S-d507da,2023-11-01,,4577,54924,False,False,annual,True,55.0,3.0,2.0,3.9906382978723407
A-aa9511,Company_203,DevTools,US,2023-10-10,other,Pro,23,True,False,S-aa3dd4,2024-09-23,,0,0,False,False,monthly,True,35.0,5.0,2.0,3.9906382978723407
A-aa9511,Company_203,DevTools,US,2023-10-10,other,Pro,23,True,False,S-8fbabd,2024-08-21,2024-09-09,4975,59700,False,False,monthly,True,68.0,5.0,2.0,3.9906382978723407
A-aa9511,Company_203,DevTools,US,2023-10-10,other,Pro,23,True,False,S-c796c1,2023-10-11,,1127,13524,False,False,monthly,True,49.0,0.0,2.0,3.9906382978723407
A-aa9511,Company_203,DevTools,US,2023-10-10,other,Pro,23,True,False,S-d9659f,2024-07-04,,4577,54924,False,False,annual,False,67.0,3.0,2.0,3.9906382978723407
A-aa9511,Company_203,DevTools,US,2023-10-10,other,Pro,23,True,False,S-59d90a,2024-08-28,2024-11-13,0,0,False,False,annual,True,59.0,3.0,2.0,3.9906382978723407
A-af0cd2,Company_204,Cybersecurity,IN,2023-01-03,other,Enterprise,19,True,False,S-8bfab5,2024-05-30,2024-12-14,931,11172,False,False,monthly,True,94.0,4.0,3.0,3.981276595744681
A-af0cd2,Company_204,Cybersecurity,IN,2023-01-03,other,Enterprise,19,True,False,S-0f9910,2023-07-10,2024-07-15,0,0,False,False,monthly,True,47.0,2.0,3.0,3.981276595744681
A-af0cd2,Company_204,Cybersecurity,IN,2023-01-03,other,Enterprise,19,True,False,S-0e594f,2024-09-21,,0,0,False,False,annual,True,82.0,5.0,3.0,3.981276595744681
A-af0cd2,Company_204,Cybersecurity,IN,2023-01-03,other,Enterprise,19,True,False,S-ad7716,2023-04-13,,931,11172,False,False,annual,False,53.0,3.0,3.0,3.981276595744681
A-af0cd2,Company_204,Cybersecurity,IN,2023-01-03,other,Enterprise,19,True,False,S-7b2efe,2024-09-27,,361,4332,False,False,monthly,False,37.0,2.0,3.0,3.981276595744681
A-af0cd2,Company_204,Cybersecurity,IN,2023-01-03,other,Enterprise,19,True,False,S-50aaaa,2023-01-12,,931,11172,False,False,monthly,True,69.0,3.0,3.0,3.981276595744681
A-af0cd2,Company_204,Cybersecurity,IN,2023-01-03,other,Enterprise,19,True,False,S-a0a358,2023-10-25,,361,4332,False,False,annual,True,54.0,3.0,3.0,3.981276595744681
A-af0cd2,Company_204,Cybersecurity,IN,2023-01-03,other,Enterprise,19,True,False,S-d8c6a0,2024-10-05,,1083,12996,False,False,annual,True,63.0,2.0,3.0,3.981276595744681
A-af0cd2,Company_204,Cybersecurity,IN,2023-01-03,other,Enterprise,19,True,False,S-931899,2023-04-15,,931,11172,False,False,annual,True,49.0,1.0,3.0,3.981276595744681
A-af0cd2,Company_204,Cybersecurity,IN,2023-01-03,other,Enterprise,19,True,False,S-b555de,2023-10-04,,361,4332,True,False,monthly,True,55.0,4.0,3.0,3.981276595744681
A-af0cd2,Company_204,Cybersecurity,IN,2023-01-03,other,Enterprise,19,True,False,S-bb84b1,2023-10-12,,570,6840,False,False,annual,True,84.0,4.0,3.0,3.981276595744681
A-bd4513,Company_205,DevTools,AU,2024-11-06,event,Enterprise,50,True,False,S-e143c9,2024-12-01,,2450,29400,False,False,annual,True,32.0,3.0,3.0,4.666666666666667
A-bd4513,Company_205,DevTools,AU,2024-11-06,event,Enterprise,50,True,False,S-b4c914,2024-12-13,,2450,29400,True,False,monthly,True,42.0,2.0,3.0,4.666666666666667
A-bd4513,Company_205,DevTools,AU,2024-11-06,event,Enterprise,50,True,False,S-642365,2024-12-13,,950,11400,False,False,annual,True,56.0,6.0,3.0,4.666666666666667
A-bd4513,Company_205,DevTools,AU,2024-11-06,event,Enterprise,50,True,False,S-fb6734,2024-11-12,,9950,119400,False,False,annual,True,37.0,1.0,3.0,4.666666666666667
A-bd4513,Company_205,DevTools,AU,2024-11-06,event,Enterprise,50,True,False,S-ed9451,2024-12-17,2024-12-17,2450,29400,False,False,annual,True,44.0,2.0,3.0,4.666666666666667
A-bd4513,Company_205,DevTools,AU,2024-11-06,event,Enterprise,50,True,False,S-234115,2024-11-28,,950,11400,False,False,monthly,False,8.0,0.0,3.0,4.666666666666667
A-bd4513,Company_205,DevTools,AU,2024-11-06,event,Enterprise,50,True,False,S-d90f5e,2024-12-15,2024-12-22,950,11400,False,False,annual,True,62.0,3.0,3.0,4.666666666666667
A-bd4513,Company_205,DevTools,AU,2024-11-06,event,Enterprise,50,True,False,S-9c19fe,2024-12-20,,9950,119400,False,False,monthly,False,53.0,3.0,3.0,4.666666666666667
A-bd4513,Company_205,DevTools,AU,2024-11-06,event,Enterprise,50,True,False,S-d6f7cd,2024-11-14,,9950,119400,False,False,annual,True,35.0,0.0,3.0,4.666666666666667
A-bd4513,Company_205,DevTools,AU,2024-11-06,event,Enterprise,50,True,False,S-77ba64,2024-11-16,,1254,15048,True,False,annual,True,44.0,1.0,3.0,4.666666666666667
A-bd4513,Company_205,DevTools,AU,2024-11-06,event,Enterprise,50,True,False,S-8ddc89,2024-11-27,,9950,119400,False,False,monthly,True,34.0,4.0,3.0,4.666666666666667
A-bd4513,Company_205,DevTools,AU,2024-11-06,event,Enterprise,50,True,False,S-605115,2024-12-30,,950,11400,False,False,annual,True,60.0,9.0,3.0,4.666666666666667
A-c222ab,Company_206,Cybersecurity,US,2024-05-10,other,Pro,32,False,True,S-43c489,2024-08-27,,1568,18816,False,False,annual,True,36.0,7.0,4.0,4.235957446808511
A-c222ab,Company_206,Cybersecurity,US,2024-05-10,other,Pro,32,False,True,S-e8776c,2024-12-12,,6368,76416,False,False,monthly,True,34.0,2.0,4.0,4.235957446808511
A-c222ab,Company_206,Cybersecurity,US,2024-05-10,other,Pro,32,False,True,S-89e98a,2024-12-27,,1568,18816,False,False,monthly,True,124.0,9.0,4.0,4.235957446808511
A-c222ab,Company_206,Cybersecurity,US,2024-05-10,other,Pro,32,False,True,S-d1f7ad,2024-10-31,2024-11-29,608,7296,False,False,annual,False,42.0,3.0,4.0,4.235957446808511
A-c222ab,Company_206,Cybersecurity,US,2024-05-10,other,Pro,32,False,True,S-eec056,2024-10-07,,608,7296,True,False,monthly,True,86.0,4.0,4.0,4.235957446808511
A-c222ab,Company_206,Cybersecurity,US,2024-05-10,other,Pro,32,False,True,S-2c53ad,2024-09-19,,6368,76416,False,False,monthly,True,66.0,5.0,4.0,4.235957446808511
A-c222ab,Company_206,Cybersecurity,US,2024-05-10,other,Pro,32,False,True,S-cdf625,2024-08-24,,1568,18816,False,False,monthly,True,47.0,3.0,4.0,4.235957446808511
A-34d880,Company_207,Cybersecurity,AU,2024-04-11,ads,Enterprise,4,False,False,S-f36371,2024-07-22,,6965,83580,False,False,monthly,False,63.0,10.0,5.0,3.0
A-34d880,Company_207,Cybersecurity,AU,2024-04-11,ads,Enterprise,4,False,False,S-7d2c1b,2024-06-04,,0,0,False,False,monthly,True,84.0,5.0,5.0,3.0
A-34d880,Company_207,Cybersecurity,AU,2024-04-11,ads,Enterprise,4,False,False,S-fc6cb4,2024-08-11,2024-09-18,779,9348,False,False,monthly,False,19.0,0.0,5.0,3.0
A-34d880,Company_207,Cybersecurity,AU,2024-04-11,ads,Enterprise,4,False,False,S-775719,2024-04-21,,196,2352,False,False,annual,False,35.0,5.0,5.0,3.0
A-34d880,Company_207,Cybersecurity,AU,2024-04-11,ads,Enterprise,4,False,False,S-2d807a,2024-04-18,,10547,126564,False,False,monthly,True,61.0,9.0,5.0,3.0
A-34d880,Company_207,Cybersecurity,AU,2024-04-11,ads,Enterprise,4,False,False,S-f8e091,2024-10-21,,995,11940,False,False,monthly,True,66.0,2.0,5.0,3.0
A-34d880,Company_207,Cybersecurity,AU,2024-04-11,ads,Enterprise,4,False,False,S-694277,2024-10-11,,796,9552,False,False,monthly,True,31.0,0.0,5.0,3.0
A-34d880,Company_207,Cybersecurity,AU,2024-04-11,ads,Enterprise,4,False,False,S-264c8a,2024-06-26,,0,0,False,False,monthly,True,58.0,6.0,5.0,3.0
A-34d880,Company_207,Cybersecurity,AU,2024-04-11,ads,Enterprise,4,False,False,S-6b0789,2024-07-04,,686,8232,False,False,monthly,True,57.0,3.0,5.0,3.0
A-508199,Company_208,FinTech,AU,2024-01-28,event,Basic,19,False,False,S-1df679,2024-04-26,,3781,45372,False,False,annual,True,53.0,1.0,3.0,3.654184397163121
A-508199,Company_208,FinTech,AU,2024-01-28,event,Basic,19,False,False,S-67595c,2024-02-08,,513,6156,False,False,annual,False,26.0,0.0,3.0,3.654184397163121
A-508199,Company_208,FinTech,AU,2024-01-28,event,Basic,19,False,False,S-82ffca,2024-01-30,,3781,45372,False,False,annual,False,20.0,4.0,3.0,3.654184397163121
A-508199,Company_208,FinTech,AU,2024-01-28,event,Basic,19,False,False,S-d97fa8,2024-02-20,,361,4332,False,False,monthly,True,61.0,1.0,3.0,3.654184397163121
A-508199,Company_208,FinTech,AU,2024-01-28,event,Basic,19,False,False,S-a2cd6a,2024-12-11,,0,0,False,False,monthly,True,71.0,9.0,3.0,3.654184397163121
A-f03140,Company_209,DevTools,IN,2023-11-22,event,Pro,27,True,False,S-477506,2024-02-06,,1323,15876,False,False,annual,True,93.0,6.0,7.0,3.84644376899696
A-f03140,Company_209,DevTools,IN,2023-11-22,event,Pro,27,True,False,S-ffd1ee,2024-11-06,,0,0,False,False,annual,True,83.0,1.0,7.0,3.84644376899696
A-f03140,Company_209,DevTools,IN,2023-11-22,event,Pro,27,True,False,S-d111f5,2024-05-25,,513,6156,False,False,monthly,True,81.0,3.0,7.0,3.84644376899696
A-f03140,Company_209,DevTools,IN,2023-11-22,event,Pro,27,True,False,S-33472f,2024-03-31,,5373,64476,False,False,monthly,True,29.0,0.0,7.0,3.84644376899696
A-f03140,Company_209,DevTools,IN,2023-11-22,event,Pro,27,True,False,S-40d87e,2024-05-28,,1372,16464,False,False,annual,True,122.0,4.0,7.0,3.84644376899696
A-f03140,Company_209,DevTools,IN,2023-11-22,event,Pro,27,True,False,S-81d580,2024-07-09,,513,6156,False,False,annual,False,43.0,2.0,7.0,3.84644376899696
A-f03140,Company_209,DevTools,IN,2023-11-22,event,Pro,27,True,False,S-151fce,2023-12-11,,513,6156,False,False,annual,False,42.0,1.0,7.0,3.84644376899696
A-f03140,Company_209,DevTools,IN,2023-11-22,event,Pro,27,True,False,S-ff4a47,2024-10-04,,5373,64476,True,False,monthly,True,58.0,1.0,7.0,3.84644376899696
A-f03140,Company_209,DevTools,IN,2023-11-22,event,Pro,27,True,False,S-5b9330,2024-07-17,,5373,64476,False,True,monthly,True,25.0,3.0,7.0,3.84644376899696
A-f03140,Company_209,DevTools,IN,2023-11-22,event,Pro,27,True,False,S-f9092a,2024-07-10,,722,8664,False,False,monthly,True,19.0,1.0,7.0,3.84644376899696
A-410e86,Company_210,FinTech,US,2024-11-10,organic,Basic,24,False,False,S-689032,2024-12-14,2024-12-25,0,0,False,False,monthly,False,40.0,2.0,5.0,3.7887659574468087
A-410e86,Company_210,FinTech,US,2024-11-10,organic,Basic,24,False,False,S-97efb2,2024-11-16,2024-11-22,4776,57312,False,False,annual,True,29.0,6.0,5.0,3.7887659574468087
A-410e86,Company_210,FinTech,US,2024-11-10,organic,Basic,24,False,False,S-5b9267,2024-12-17,,0,0,False,False,annual,True,40.0,3.0,5.0,3.7887659574468087
A-410e86,Company_210,FinTech,US,2024-11-10,organic,Basic,24,False,False,S-af6f53,2024-12-01,,456,5472,False,False,monthly,False,64.0,4.0,5.0,3.7887659574468087
A-410e86,Company_210,FinTech,US,2024-11-10,organic,Basic,24,False,False,S-00f31d,2024-12-02,,1176,14112,False,False,annual,False,40.0,2.0,5.0,3.7887659574468087
A-410e86,Company_210,FinTech,US,2024-11-10,organic,Basic,24,False,False,S-fe25ff,2024-11-29,,4776,57312,False,False,annual,True,42.0,3.0,5.0,3.7887659574468087
A-410e86,Company_210,FinTech,US,2024-11-10,organic,Basic,24,False,False,S-2b2532,2024-12-25,,4776,57312,False,False,monthly,False,37.0,1.0,5.0,3.7887659574468087
A-fa2041,Company_211,HealthTech,US,2024-05-29,organic,Pro,15,True,False,S-4b9b13,2024-08-13,,735,8820,False,False,monthly,True,49.0,2.0,1.0,3.0
A-fa2041,Company_211,HealthTech,US,2024-05-29,organic,Pro,15,True,False,S-f14c84,2024-06-11,,0,0,False,False,monthly,True,81.0,6.0,1.0,3.0
A-fa2041,Company_211,HealthTech,US,2024-05-29,organic,Pro,15,True,False,S-826424,2024-10-30,,3582,42984,False,False,annual,True,28.0,1.0,1.0,3.0
A-fa2041,Company_211,HealthTech,US,2024-05-29,organic,Pro,15,True,False,S-e66f1a,2024-07-16,,0,0,False,False,monthly,True,42.0,6.0,1.0,3.0
A-fa2041,Company_211,HealthTech,US,2024-05-29,organic,Pro,15,True,False,S-6d0817,2024-08-19,,1029,12348,False,False,monthly,True,43.0,4.0,1.0,3.0
A-fa2041,Company_211,HealthTech,US,2024-05-29,organic,Pro,15,True,False,S-4e0220,2024-10-18,,2985,35820,False,False,annual,True,36.0,2.0,1.0,3.0
A-fa2041,Company_211,HealthTech,US,2024-05-29,organic,Pro,15,True,False,S-cbfd83,2024-06-16,,2548,30576,False,False,monthly,True,30.0,0.0,1.0,3.0
A-fa2041,Company_211,HealthTech,US,2024-05-29,organic,Pro,15,True,False,S-41cf50,2024-07-23,,2985,35820,False,False,monthly,False,31.0,0.0,1.0,3.0
A-fa2041,Company_211,HealthTech,US,2024-05-29,organic,Pro,15,True,False,S-dd8371,2024-07-25,,285,3420,False,False,annual,True,74.0,3.0,1.0,3.0
A-fa2041,Company_211,HealthTech,US,2024-05-29,organic,Pro,15,True,False,S-52280f,2024-07-15,,3184,38208,False,False,annual,True,17.0,0.0,1.0,3.0
A-fa2041,Company_211,HealthTech,US,2024-05-29,organic,Pro,15,True,False,S-48c5be,2024-12-05,,0,0,False,False,annual,True,50.0,3.0,1.0,3.0
A-fa2041,Company_211,HealthTech,US,2024-05-29,organic,Pro,15,True,False,S-c158df,2024-10-27,,3582,42984,False,False,monthly,True,71.0,7.0,1.0,3.0
A-de58ca,Company_212,HealthTech,DE,2023-04-13,organic,Enterprise,15,False,False,S-0e0578,2023-07-09,,285,3420,False,False,monthly,True,42.0,4.0,5.0,3.5925106382978726
A-de58ca,Company_212,HealthTech,DE,2023-04-13,organic,Enterprise,15,False,False,S-ec8b34,2023-10-09,,12338,148056,False,False,annual,False,30.0,1.0,5.0,3.5925106382978726
A-de58ca,Company_212,HealthTech,DE,2023-04-13,organic,Enterprise,15,False,False,S-6e780e,2024-09-01,,7164,85968,False,False,annual,True,55.0,1.0,5.0,3.5925106382978726
A-de58ca,Company_212,HealthTech,DE,2023-04-13,organic,Enterprise,15,False,False,S-69b3ac,2023-05-07,,0,0,False,False,annual,False,24.0,2.0,5.0,3.5925106382978726
A-de58ca,Company_212,HealthTech,DE,2023-04-13,organic,Enterprise,15,False,False,S-7dab19,2023-12-24,2024-11-04,893,10716,False,False,annual,False,74.0,5.0,5.0,3.5925106382978726
A-de58ca,Company_212,HealthTech,DE,2023-04-13,organic,Enterprise,15,False,False,S-23ba41,2024-06-09,,735,8820,False,False,annual,True,33.0,3.0,5.0,3.5925106382978726
A-de58ca,Company_212,HealthTech,DE,2023-04-13,organic,Enterprise,15,False,False,S-4ea564,2024-08-09,,285,3420,False,False,annual,True,72.0,7.0,5.0,3.5925106382978726
A-de58ca,Company_212,HealthTech,DE,2023-04-13,organic,Enterprise,15,False,False,S-be3ff6,2023-07-17,,0,0,False,False,annual,False,22.0,1.0,5.0,3.5925106382978726
A-de58ca,Company_212,HealthTech,DE,2023-04-13,organic,Enterprise,15,False,False,S-08e560,2023-09-25,2024-01-07,735,8820,False,False,monthly,True,61.0,6.0,5.0,3.5925106382978726
A-de58ca,Company_212,HealthTech,DE,2023-04-13,organic,Enterprise,15,False,False,S-c64b73,2023-04-20,,735,8820,False,False,annual,True,26.0,1.0,5.0,3.5925106382978726
A-de58ca,Company_212,HealthTech,DE,2023-04-13,organic,Enterprise,15,False,False,S-054897,2024-01-06,,735,8820,False,False,monthly,False,66.0,2.0,5.0,3.5925106382978726
A-05d3b3,Company_213,DevTools,AU,2023-05-28,ads,Basic,9,True,False,S-eb84b1,2024-08-24,,441,5292,False,False,monthly,False,26.0,1.0,6.0,4.157304964539008
A-05d3b3,Company_213,DevTools,AU,2023-05-28,ads,Basic,9,True,False,S-5a1fc3,2024-01-29,,2587,31044,False,False,monthly,True,28.0,3.0,6.0,4.157304964539008
A-05d3b3,Company_213,DevTools,AU,2023-05-28,ads,Basic,9,True,False,S-474b5a,2023-11-26,,209,2508,False,False,annual,False,46.0,0.0,6.0,4.157304964539008
A-05d3b3,Company_213,DevTools,AU,2023-05-28,ads,Basic,9,True,False,S-a3e1e3,2024-09-26,,0,0,False,False,monthly,True,50.0,3.0,6.0,4.157304964539008
A-05d3b3,Company_213,DevTools,AU,2023-05-28,ads,Basic,9,True,False,S-5bc277,2023-07-12,,171,2052,False,False,annual,True,68.0,3.0,6.0,4.157304964539008
A-05d3b3,Company_213,DevTools,AU,2023-05-28,ads,Basic,9,True,False,S-61efc1,2023-11-27,,0,0,False,False,monthly,False,60.0,1.0,6.0,4.157304964539008
A-05d3b3,Company_213,DevTools,AU,2023-05-28,ads,Basic,9,True,False,S-81e9f1,2024-09-10,,171,2052,False,False,monthly,True,36.0,2.0,6.0,4.157304964539008
A-05d3b3,Company_213,DevTools,AU,2023-05-28,ads,Basic,9,True,False,S-98f176,2023-08-14,,0,0,False,False,annual,True,40.0,2.0,6.0,4.157304964539008
A-05d3b3,Company_213,DevTools,AU,2023-05-28,ads,Basic,9,True,False,S-3ee288,2024-10-01,,3781,45372,False,False,annual,True,76.0,0.0,6.0,4.157304964539008
A-05d3b3,Company_213,DevTools,AU,2023-05-28,ads,Basic,9,True,False,S-b11cdb,2024-08-05,2024-08-12,456,5472,False,False,annual,True,50.0,2.0,6.0,4.157304964539008
A-05d3b3,Company_213,DevTools,AU,2023-05-28,ads,Basic,9,True,False,S-02508a,2024-02-04,,532,6384,False,False,annual,True,61.0,2.0,6.0,4.157304964539008
A-05d3b3,Company_213,DevTools,AU,2023-05-28,ads,Basic,9,True,False,S-672dd6,2023-08-03,,3184,38208,False,False,monthly,True,26.0,1.0,6.0,4.157304964539008
A-05d3b3,Company_213,DevTools,AU,2023-05-28,ads,Basic,9,True,False,S-c92850,2023-09-30,,1078,12936,False,False,annual,True,75.0,2.0,6.0,4.157304964539008
A-249769,Company_214,Cybersecurity,US,2024-04-25,event,Enterprise,4,False,True,S-d07c53,2024-09-24,,399,4788,False,False,annual,True,73.0,5.0,2.0,4.0
A-249769,Company_214,Cybersecurity,US,2024-04-25,event,Enterprise,4,False,True,S-79b2bc,2024-08-28,,76,912,False,False,monthly,True,49.0,1.0,2.0,4.0
A-249769,Company_214,Cybersecurity,US,2024-04-25,event,Enterprise,4,False,True,S-c6d8ce,2024-06-10,,539,6468,False,False,monthly,True,33.0,1.0,2.0,4.0
A-249769,Company_214,Cybersecurity,US,2024-04-25,event,Enterprise,4,False,True,S-40dcf4,2024-08-05,,11144,133728,False,False,annual,True,50.0,3.0,2.0,4.0
A-249769,Company_214,Cybersecurity,US,2024-04-25,event,Enterprise,4,False,True,S-c067fc,2024-07-18,,95,1140,False,False,monthly,True,42.0,3.0,2.0,4.0
A-249769,Company_214,Cybersecurity,US,2024-04-25,event,Enterprise,4,False,True,S-52b74f,2024-08-11,,1393,16716,False,False,annual,True,19.0,0.0,2.0,4.0
A-249769,Company_214,Cybersecurity,US,2024-04-25,event,Enterprise,4,False,True,S-882f1d,2024-11-21,,133,1596,False,False,annual,True,69.0,6.0,2.0,4.0
A-249769,Company_214,Cybersecurity,US,2024-04-25,event,Enterprise,4,False,True,S-162441,2024-09-06,,796,9552,False,False,monthly,True,53.0,2.0,2.0,4.0
A-249769,Company_214,Cybersecurity,US,2024-04-25,event,Enterprise,4,False,True,S-f3ff06,2024-10-18,,392,4704,False,False,annual,True,45.0,2.0,2.0,4.0
A-249769,Company_214,Cybersecurity,US,2024-04-25,event,Enterprise,4,False,True,S-c83dfd,2024-06-08,,285,3420,False,False,monthly,True,76.0,3.0,2.0,4.0
A-249769,Company_214,Cybersecurity,US,2024-04-25,event,Enterprise,4,False,True,S-9d35cf,2024-10-12,,294,3528,False,False,annual,True,34.0,0.0,2.0,4.0
A-249769,Company_214,Cybersecurity,US,2024-04-25,event,Enterprise,4,False,True,S-51590f,2024-11-17,,171,2052,False,False,annual,True,100.0,4.0,2.0,4.0
A-249769,Company_214,Cybersecurity,US,2024-04-25,event,Enterprise,4,False,True,S-812d97,2024-08-24,,0,0,False,False,annual,True,35.0,0.0,2.0,4.0
A-e43bf7,Company_215,Cybersecurity,AU,2023-03-24,other,Pro,44,False,False,S-f2537d,2024-01-24,,2156,25872,False,False,monthly,True,89.0,4.0,5.0,3.9925106382978726
A-e43bf7,Company_215,Cybersecurity,AU,2023-03-24,other,Pro,44,False,False,S-ed4e09,2024-02-26,,2156,25872,True,False,annual,True,40.0,8.0,5.0,3.9925106382978726
A-e43bf7,Company_215,Cybersecurity,AU,2023-03-24,other,Pro,44,False,False,S-863c87,2023-07-05,,13930,167160,True,False,annual,True,74.0,7.0,5.0,3.9925106382978726
A-e43bf7,Company_215,Cybersecurity,AU,2023-03-24,other,Pro,44,False,False,S-ee2669,2024-12-29,,8756,105072,False,False,annual,True,34.0,0.0,5.0,3.9925106382978726
A-e43bf7,Company_215,Cybersecurity,AU,2023-03-24,other,Pro,44,False,False,S-9e2819,2024-07-28,,8756,105072,False,False,annual,True,40.0,2.0,5.0,3.9925106382978726
A-e43bf7,Company_215,Cybersecurity,AU,2023-03-24,other,Pro,44,False,False,S-507731,2024-06-02,,2156,25872,False,False,annual,True,59.0,10.0,5.0,3.9925106382978726
A-e43bf7,Company_215,Cybersecurity,AU,2023-03-24,other,Pro,44,False,False,S-12e3ff,2023-05-21,,8756,105072,True,False,monthly,False,35.0,4.0,5.0,3.9925106382978726
A-eb2fdc,Company_216,DevTools,AU,2023-11-21,organic,Enterprise,31,False,True,S-c67b80,2024-02-24,,1519,18228,False,False,monthly,False,50.0,2.0,5.0,4.396255319148937
A-eb2fdc,Company_216,DevTools,AU,2023-11-21,organic,Enterprise,31,False,True,S-d0913e,2024-11-14,,1519,18228,False,False,monthly,True,19.0,2.0,5.0,4.396255319148937
A-eb2fdc,Company_216,DevTools,AU,2023-11-21,organic,Enterprise,31,False,True,S-9686c6,2024-05-31,2024-09-25,1617,19404,False,False,annual,False,49.0,3.0,5.0,4.396255319148937
A-eb2fdc,Company_216,DevTools,AU,2023-11-21,organic,Enterprise,31,False,True,S-e9bcb2,2024-05-15,,817,9804,False,False,monthly,True,75.0,4.0,5.0,4.396255319148937
A-eb2fdc,Company_216,DevTools,AU,2023-11-21,organic,Enterprise,31,False,True,S-06c096,2024-11-02,,1519,18228,False,False,annual,True,42.0,2.0,5.0,4.396255319148937
A-eb2fdc,Company_216,DevTools,AU,2023-11-21,organic,Enterprise,31,False,True,S-e44044,2024-12-19,,589,7068,False,False,annual,True,83.0,0.0,5.0,4.396255319148937
A-eb2fdc,Company_216,DevTools,AU,2023-11-21,organic,Enterprise,31,False,True,S-1976bb,2024-06-13,,589,7068,False,False,monthly,True,40.0,2.0,5.0,4.396255319148937
A-eb2fdc,Company_216,DevTools,AU,2023-11-21,organic,Enterprise,31,False,True,S-196dc6,2024-05-22,,9353,112236,False,False,annual,True,21.0,1.0,5.0,4.396255319148937
A-eb2fdc,Company_216,DevTools,AU,2023-11-21,organic,Enterprise,31,False,True,S-982ee2,2024-11-07,,6169,74028,False,False,annual,True,34.0,0.0,5.0,4.396255319148937
A-eb2fdc,Company_216,DevTools,AU,2023-11-21,organic,Enterprise,31,False,True,S-f8008a,2024-07-07,,6169,74028,False,False,annual,True,29.0,0.0,5.0,4.396255319148937
A-eb2fdc,Company_216,DevTools,AU,2023-11-21,organic,Enterprise,31,False,True,S-ff5ff8,2024-05-25,,1519,18228,False,False,annual,True,57.0,1.0,5.0,4.396255319148937
A-eb2fdc,Company_216,DevTools,AU,2023-11-21,organic,Enterprise,31,False,True,S-37d427,2024-04-06,,589,7068,False,False,monthly,True,48.0,0.0,5.0,4.396255319148937
A-e1462e,Company_217,FinTech,UK,2023-03-12,partner,Basic,15,False,False,S-079321,2023-07-27,,735,8820,False,False,annual,False,53.0,9.0,2.0,3.5
A-e1462e,Company_217,FinTech,UK,2023-03-12,partner,Basic,15,False,False,S-4a8fda,2024-11-20,,285,3420,False,False,annual,False,68.0,2.0,2.0,3.5
A-e1462e,Company_217,FinTech,UK,2023-03-12,partner,Basic,15,False,False,S-c58b17,2024-07-07,,2254,27048,False,False,annual,True,49.0,3.0,2.0,3.5
A-e1462e,Company_217,FinTech,UK,2023-03-12,partner,Basic,15,False,False,S-83f2e5,2023-12-01,,5771,69252,True,False,monthly,True,66.0,2.0,2.0,3.5
A-e1462e,Company_217,FinTech,UK,2023-03-12,partner,Basic,15,False,False,S-b9c6ce,2024-10-06,,0,0,False,False,monthly,True,46.0,1.0,2.0,3.5
A-e1462e,Company_217,FinTech,UK,2023-03-12,partner,Basic,15,False,False,S-302119,2023-04-03,,2985,35820,False,True,monthly,True,26.0,0.0,2.0,3.5
A-e1462e,Company_217,FinTech,UK,2023-03-12,partner,Basic,15,False,False,S-1898b3,2023-07-23,,0,0,False,False,annual,True,39.0,5.0,2.0,3.5
A-cab532,Company_218,DevTools,FR,2023-04-03,organic,Pro,11,True,False,S-82484b,2024-11-22,,1029,12348,False,False,annual,True,92.0,2.0,1.0,4.0
A-cab532,Company_218,DevTools,FR,2023-04-03,organic,Pro,11,True,False,S-af854c,2024-02-16,,0,0,False,False,annual,True,90.0,5.0,1.0,4.0
A-cab532,Company_218,DevTools,FR,2023-04-03,organic,Pro,11,True,False,S-2ba4ee,2024-05-21,,0,0,False,False,annual,True,102.0,8.0,1.0,4.0
A-cab532,Company_218,DevTools,FR,2023-04-03,organic,Pro,11,True,False,S-88cb91,2024-12-16,,1715,20580,False,False,annual,True,78.0,1.0,1.0,4.0
A-cab532,Company_218,DevTools,FR,2023-04-03,organic,Pro,11,True,False,S-b3071c,2023-11-03,2024-12-14,1519,18228,False,False,monthly,True,11.0,0.0,1.0,4.0
A-cab532,Company_218,DevTools,FR,2023-04-03,organic,Pro,11,True,False,S-c63e51,2024-07-07,,539,6468,False,False,annual,True,51.0,1.0,1.0,4.0
A-cab532,Company_218,DevTools,FR,2023-04-03,organic,Pro,11,True,False,S-9d8525,2023-04-21,,2189,26268,False,False,monthly,False,94.0,2.0,1.0,4.0
A-cab532,Company_218,DevTools,FR,2023-04-03,organic,Pro,11,True,False,S-d660d6,2024-05-01,,627,7524,False,True,annual,True,56.0,4.0,1.0,4.0
A-cab532,Company_218,DevTools,FR,2023-04-03,organic,Pro,11,True,False,S-56cb4f,2024-07-23,,1127,13524,False,False,annual,True,60.0,0.0,1.0,4.0
A-cab532,Company_218,DevTools,FR,2023-04-03,organic,Pro,11,True,False,S-5a37dc,2024-05-12,,539,6468,True,False,monthly,True,47.0,3.0,1.0,4.0
A-cab532,Company_218,DevTools,FR,2023-04-03,organic,Pro,11,True,False,S-301b73,2024-11-22,,912,10944,False,False,annual,True,64.0,10.0,1.0,4.0
A-cab532,Company_218,DevTools,FR,2023-04-03,organic,Pro,11,True,False,S-9cd745,2023-07-24,,2189,26268,False,False,monthly,True,33.0,1.0,1.0,4.0
A-cab532,Company_218,DevTools,FR,2023-04-03,organic,Pro,11,True,False,S-10fc7d,2024-10-14,,2189,26268,True,False,annual,True,108.0,4.0,1.0,4.0
A-cab532,Company_218,DevTools,FR,2023-04-03,organic,Pro,11,True,False,S-180ae3,2024-03-25,,539,6468,False,False,annual,True,94.0,6.0,1.0,4.0
A-cab532,Company_218,DevTools,FR,2023-04-03,organic,Pro,11,True,False,S-e8f8c0,2023-05-27,,4975,59700,False,False,monthly,True,25.0,0.0,1.0,4.0
A-9123ac,Company_219,Cybersecurity,DE,2023-06-20,organic,Pro,9,False,False,S-97df3f,2024-06-07,,441,5292,False,False,annual,True,104.0,6.0,6.0,4.16354609929078
A-9123ac,Company_219,Cybersecurity,DE,2023-06-20,organic,Pro,9,False,False,S-d3ecc2,2024-10-19,,1990,23880,False,False,monthly,True,57.0,0.0,6.0,4.16354609929078
A-9123ac,Company_219,Cybersecurity,DE,2023-06-20,organic,Pro,9,False,False,S-74761f,2023-12-23,,8358,100296,False,False,annual,True,53.0,2.0,6.0,4.16354609929078
A-9123ac,Company_219,Cybersecurity,DE,2023-06-20,organic,Pro,9,False,False,S-3c0075,2024-05-27,,209,2508,False,False,monthly,True,65.0,2.0,6.0,4.16354609929078
A-9123ac,Company_219,Cybersecurity,DE,2023-06-20,organic,Pro,9,False,False,S-7bcd95,2023-10-25,,171,2052,False,False,monthly,True,47.0,12.0,6.0,4.16354609929078
A-9123ac,Company_219,Cybersecurity,DE,2023-06-20,organic,Pro,9,False,False,S-b71cfb,2024-05-10,,0,0,False,True,monthly,True,23.0,0.0,6.0,4.16354609929078
A-9123ac,Company_219,Cybersecurity,DE,2023-06-20,organic,Pro,9,False,False,S-d34b17,2024-10-21,,3582,42984,False,False,annual,True,37.0,2.0,6.0,4.16354609929078
A-6e08f3,Company_220,Cybersecurity,US,2023-02-27,event,Basic,8,False,False,S-3b9ad8,2024-12-24,,5572,66864,False,False,monthly,False,45.0,0.0,2.0,3.5
A-6e08f3,Company_220,Cybersecurity,US,2023-02-27,event,Basic,8,False,False,S-2480b0,2024-12-27,,247,2964,False,False,annual,True,48.0,2.0,2.0,3.5
A-6e08f3,Company_220,Cybersecurity,US,2023-02-27,event,Basic,8,False,False,S-ca0eb1,2023-07-25,,0,0,False,False,monthly,True,94.0,4.0,2.0,3.5
A-6e08f3,Company_220,Cybersecurity,US,2023-02-27,event,Basic,8,False,False,S-862572,2024-07-14,,152,1824,False,False,monthly,True,25.0,0.0,2.0,3.5
A-6e08f3,Company_220,Cybersecurity,US,2023-02-27,event,Basic,8,False,False,S-92f78a,2024-02-22,,2189,26268,False,False,monthly,True,47.0,5.0,2.0,3.5
A-6e08f3,Company_220,Cybersecurity,US,2023-02-27,event,Basic,8,False,False,S-4dae4f,2024-05-09,,3980,47760,False,False,monthly,True,46.0,1.0,2.0,3.5
A-6e08f3,Company_220,Cybersecurity,US,2023-02-27,event,Basic,8,False,False,S-762cae,2024-08-11,,882,10584,False,False,annual,True,78.0,5.0,2.0,3.5
A-6e08f3,Company_220,Cybersecurity,US,2023-02-27,event,Basic,8,False,False,S-09d706,2024-07-20,,392,4704,False,True,monthly,True,30.0,0.0,2.0,3.5
A-6e08f3,Company_220,Cybersecurity,US,2023-02-27,event,Basic,8,False,False,S-c419d6,2024-02-16,,4776,57312,False,False,annual,False,29.0,2.0,2.0,3.5
A-6e08f3,Company_220,Cybersecurity,US,2023-02-27,event,Basic,8,False,False,S-aa78ed,2024-02-29,,0,0,True,False,monthly,False,50.0,2.0,2.0,3.5
A-d922bf,Company_221,HealthTech,US,2023-09-08,ads,Basic,5,True,True,S-992c2a,2024-08-11,,0,0,False,False,monthly,True,83.0,4.0,7.0,3.703586626139818
A-d922bf,Company_221,HealthTech,US,2023-09-08,ads,Basic,5,True,True,S-0a83cc,2024-02-16,,0,0,False,False,annual,True,49.0,0.0,7.0,3.703586626139818
A-d922bf,Company_221,HealthTech,US,2023-09-08,ads,Basic,5,True,True,S-1d7e7f,2024-09-01,2024-10-21,2985,35820,False,False,annual,True,38.0,7.0,7.0,3.703586626139818
A-d922bf,Company_221,HealthTech,US,2023-09-08,ads,Basic,5,True,True,S-8cfa7f,2024-08-12,,0,0,False,False,annual,True,52.0,2.0,7.0,3.703586626139818
A-d922bf,Company_221,HealthTech,US,2023-09-08,ads,Basic,5,True,True,S-a61485,2023-11-21,,6368,76416,False,False,monthly,True,57.0,2.0,7.0,3.703586626139818
A-d922bf,Company_221,HealthTech,US,2023-09-08,ads,Basic,5,True,True,S-956036,2023-10-29,,5970,71640,False,False,annual,True,88.0,4.0,7.0,3.703586626139818
A-d922bf,Company_221,HealthTech,US,2023-09-08,ads,Basic,5,True,True,S-8b4074,2024-12-10,,1791,21492,False,False,annual,True,52.0,0.0,7.0,3.703586626139818
A-8ed5dd,Company_222,EdTech,UK,2023-06-29,event,Enterprise,5,False,True,S-98ac99,2023-11-09,,95,1140,True,False,annual,True,67.0,1.0,6.0,3.8270921985815605
A-8ed5dd,Company_222,EdTech,UK,2023-06-29,event,Enterprise,5,False,True,S-6f398a,2023-11-13,,245,2940,False,False,annual,True,45.0,0.0,6.0,3.8270921985815605
A-8ed5dd,Company_222,EdTech,UK,2023-06-29,event,Enterprise,5,False,True,S-cdc347,2024-01-31,,995,11940,False,False,monthly,True,51.0,0.0,6.0,3.8270921985815605
A-8ed5dd,Company_222,EdTech,UK,2023-06-29,event,Enterprise,5,False,True,S-0e9334,2024-09-07,,437,5244,False,False,monthly,True,44.0,4.0,6.0,3.8270921985815605
A-8ed5dd,Company_222,EdTech,UK,2023-06-29,event,Enterprise,5,False,True,S-02d46a,2024-11-01,,245,2940,False,False,annual,True,65.0,4.0,6.0,3.8270921985815605
A-8ed5dd,Company_222,EdTech,UK,2023-06-29,event,Enterprise,5,False,True,S-fbee8e,2024-04-25,,995,11940,True,False,annual,True,69.0,8.0,6.0,3.8270921985815605
A-8ed5dd,Company_222,EdTech,UK,2023-06-29,event,Enterprise,5,False,True,S-444f22,2023-12-09,,2254,27048,True,False,monthly,True,19.0,2.0,6.0,3.8270921985815605
A-8ed5dd,Company_222,EdTech,UK,2023-06-29,event,Enterprise,5,False,True,S-810c27,2024-08-21,,95,1140,False,False,annual,True,14.0,1.0,6.0,3.8270921985815605
A-8ed5dd,Company_222,EdTech,UK,2023-06-29,event,Enterprise,5,False,True,S-911b0a,2023-08-08,,245,2940,False,False,annual,True,93.0,10.0,6.0,3.8270921985815605
A-8ed5dd,Company_222,EdTech,UK,2023-06-29,event,Enterprise,5,False,True,S-9093cf,2024-02-18,,5970,71640,False,False,monthly,True,13.0,2.0,6.0,3.8270921985815605
A-8ed5dd,Company_222,EdTech,UK,2023-06-29,event,Enterprise,5,False,True,S-97fab7,2024-03-27,2024-10-08,95,1140,False,False,annual,False,65.0,13.0,6.0,3.8270921985815605
A-8ed5dd,Company_222,EdTech,UK,2023-06-29,event,Enterprise,5,False,True,S-713c12,2024-11-27,,285,3420,False,True,monthly,True,0.0,0.0,6.0,3.8270921985815605
A-7c6b6b,Company_223,FinTech,US,2024-11-30,other,Basic,6,False,False,S-b5337b,2024-12-10,,343,4116,False,False,annual,True,40.0,2.0,5.0,4.192510638297873
A-7c6b6b,Company_223,FinTech,US,2024-11-30,other,Basic,6,False,False,S-51dd23,2024-12-14,,114,1368,False,False,monthly,True,79.0,7.0,5.0,4.192510638297873
A-7c6b6b,Company_223,FinTech,US,2024-11-30,other,Basic,6,False,False,S-b81200,2024-12-21,,294,3528,False,False,monthly,True,25.0,0.0,5.0,4.192510638297873
A-7c6b6b,Company_223,FinTech,US,2024-11-30,other,Basic,6,False,False,S-32ab86,2024-12-28,,1127,13524,False,False,monthly,True,31.0,2.0,5.0,4.192510638297873
A-7c6b6b,Company_223,FinTech,US,2024-11-30,other,Basic,6,False,False,S-9e8b22,2024-12-16,2024-12-23,294,3528,False,False,annual,True,33.0,5.0,5.0,4.192510638297873
A-7c6b6b,Company_223,FinTech,US,2024-11-30,other,Basic,6,False,False,S-4ac0bb,2024-12-25,,1372,16464,False,False,monthly,False,72.0,5.0,5.0,4.192510638297873
A-7c6b6b,Company_223,FinTech,US,2024-11-30,other,Basic,6,False,False,S-94c40b,2024-12-06,2024-12-26,1274,15288,False,False,annual,True,31.0,3.0,5.0,4.192510638297873
A-3c1a3f,Company_224,DevTools,UK,2023-08-26,event,Pro,1,False,False,S-8cec59,2023-12-23,2024-04-12,2786,33432,False,False,monthly,True,63.0,2.0,4.0,3.7406382978723407
A-3c1a3f,Company_224,DevTools,UK,2023-08-26,event,Pro,1,False,False,S-2214c6,2024-10-07,,4018,48216,False,False,monthly,True,22.0,0.0,4.0,3.7406382978723407
A-3c1a3f,Company_224,DevTools,UK,2023-08-26,event,Pro,1,False,False,S-a10eb2,2023-08-31,,0,0,False,False,annual,False,49.0,5.0,4.0,3.7406382978723407
A-3c1a3f,Company_224,DevTools,UK,2023-08-26,event,Pro,1,False,False,S-e9737c,2023-12-28,,5771,69252,False,False,monthly,True,30.0,6.0,4.0,3.7406382978723407
A-3c1a3f,Company_224,DevTools,UK,2023-08-26,event,Pro,1,False,False,S-e6b35a,2024-03-25,,76,912,False,False,monthly,True,52.0,0.0,4.0,3.7406382978723407
A-3c1a3f,Company_224,DevTools,UK,2023-08-26,event,Pro,1,False,False,S-a99771,2023-12-18,,0,0,False,False,annual,True,64.0,1.0,4.0,3.7406382978723407
A-3c1a3f,Company_224,DevTools,UK,2023-08-26,event,Pro,1,False,False,S-511e50,2024-10-13,,199,2388,False,False,annual,True,55.0,0.0,4.0,3.7406382978723407
A-3c1a3f,Company_224,DevTools,UK,2023-08-26,event,Pro,1,False,False,S-4ad7b1,2024-04-28,,398,4776,False,True,monthly,True,56.0,5.0,4.0,3.7406382978723407
A-3c1a3f,Company_224,DevTools,UK,2023-08-26,event,Pro,1,False,False,S-715ace,2023-12-29,,0,0,False,False,annual,True,16.0,0.0,4.0,3.7406382978723407
A-3c1a3f,Company_224,DevTools,UK,2023-08-26,event,Pro,1,False,False,S-5856ab,2024-05-06,2024-11-25,931,11172,False,False,annual,True,40.0,3.0,4.0,3.7406382978723407
A-3c1a3f,Company_224,DevTools,UK,2023-08-26,event,Pro,1,False,False,S-027102,2024-09-30,,597,7164,False,False,annual,True,32.0,0.0,4.0,3.7406382978723407
A-3c1a3f,Company_224,DevTools,UK,2023-08-26,event,Pro,1,False,False,S-72a3e2,2024-10-26,,133,1596,False,False,annual,False,18.0,0.0,4.0,3.7406382978723407
A-b48f73,Company_225,EdTech,AU,2024-11-13,event,Pro,80,True,False,S-86d360,2024-11-23,,1520,18240,False,False,monthly,True,60.0,4.0,3.0,3.993758865248227
A-b48f73,Company_225,EdTech,AU,2024-11-13,event,Pro,80,True,False,S-81fe83,2024-11-15,,1520,18240,False,False,monthly,True,46.0,8.0,3.0,3.993758865248227
A-b48f73,Company_225,EdTech,AU,2024-11-13,event,Pro,80,True,False,S-76b43f,2024-12-26,,1520,18240,False,False,monthly,True,42.0,2.0,3.0,3.993758865248227
A-b48f73,Company_225,EdTech,AU,2024-11-13,event,Pro,80,True,False,S-323f3e,2024-12-27,,3920,47040,False,False,annual,False,69.0,2.0,3.0,3.993758865248227
A-b48f73,Company_225,EdTech,AU,2024-11-13,event,Pro,80,True,False,S-9e74ba,2024-12-06,,0,0,False,False,annual,True,68.0,0.0,3.0,3.993758865248227
A-b48f73,Company_225,EdTech,AU,2024-11-13,event,Pro,80,True,False,S-856627,2024-11-24,,3920,47040,False,False,annual,False,66.0,2.0,3.0,3.993758865248227
A-b48f73,Company_225,EdTech,AU,2024-11-13,event,Pro,80,True,False,S-5450af,2024-12-13,,15920,191040,False,False,annual,False,61.0,5.0,3.0,3.993758865248227
A-76fa4d,Company_226,HealthTech,US,2024-11-24,event,Pro,69,False,False,S-2c11c6,2024-12-08,2024-12-28,0,0,False,False,monthly,True,35.0,1.0,5.0,4.396255319148937
A-76fa4d,Company_226,HealthTech,US,2024-11-24,event,Pro,69,False,False,S-6dff9e,2024-11-27,,13731,164772,False,False,monthly,True,27.0,0.0,5.0,4.396255319148937
A-76fa4d,Company_226,HealthTech,US,2024-11-24,event,Pro,69,False,False,S-b01b1c,2024-12-24,,3381,40572,False,False,monthly,True,54.0,3.0,5.0,4.396255319148937
A-76fa4d,Company_226,HealthTech,US,2024-11-24,event,Pro,69,False,False,S-2cec4e,2024-11-26,,13731,164772,False,False,monthly,True,74.0,4.0,5.0,4.396255319148937
A-76fa4d,Company_226,HealthTech,US,2024-11-24,event,Pro,69,False,False,S-e6ce29,2024-12-05,,13731,164772,False,False,monthly,False,55.0,5.0,5.0,4.396255319148937
A-76fa4d,Company_226,HealthTech,US,2024-11-24,event,Pro,69,False,False,S-cdc644,2024-12-03,2024-12-31,13731,164772,False,False,annual,True,52.0,0.0,5.0,4.396255319148937
A-76fa4d,Company_226,HealthTech,US,2024-11-24,event,Pro,69,False,False,S-ef2990,2024-11-29,,3381,40572,False,False,annual,True,60.0,8.0,5.0,4.396255319148937
A-b2af2e,Company_227,Cybersecurity,UK,2024-08-24,event,Enterprise,5,False,False,S-635c1e,2024-12-31,,1026,12312,False,True,annual,False,55.0,2.0,2.0,4.0
A-b2af2e,Company_227,Cybersecurity,UK,2024-08-24,event,Enterprise,5,False,False,S-f6bb38,2024-08-26,,209,2508,False,False,monthly,False,17.0,2.0,2.0,4.0
A-b2af2e,Company_227,Cybersecurity,UK,2024-08-24,event,Enterprise,5,False,False,S-d1201a,2024-08-27,,882,10584,False,False,monthly,False,71.0,3.0,2.0,4.0
A-b2af2e,Company_227,Cybersecurity,UK,2024-08-24,event,Enterprise,5,False,False,S-c20518,2024-10-14,,995,11940,False,False,monthly,True,31.0,4.0,2.0,4.0
A-9bfc9f,Company_228,DevTools,CA,2023-09-14,ads,Pro,53,False,False,S-6bf7d7,2024-03-23,,2597,31164,False,True,annual,False,38.0,2.0,6.0,3.657304964539007
A-9bfc9f,Company_228,DevTools,CA,2023-09-14,ads,Pro,53,False,False,S-627cfa,2023-09-19,2024-01-04,2597,31164,False,False,monthly,True,30.0,1.0,6.0,3.657304964539007
A-9bfc9f,Company_228,DevTools,CA,2023-09-14,ads,Pro,53,False,False,S-6e0562,2024-03-15,,2597,31164,False,False,annual,True,30.0,3.0,6.0,3.657304964539007
A-9bfc9f,Company_228,DevTools,CA,2023-09-14,ads,Pro,53,False,False,S-95cc5a,2024-03-14,,1007,12084,True,False,annual,True,39.0,0.0,6.0,3.657304964539007
A-9bfc9f,Company_228,DevTools,CA,2023-09-14,ads,Pro,53,False,False,S-7f94c2,2023-10-16,,0,0,False,False,monthly,True,23.0,2.0,6.0,3.657304964539007
A-9bfc9f,Company_228,DevTools,CA,2023-09-14,ads,Pro,53,False,False,S-2c8143,2024-04-25,,0,0,False,False,monthly,True,27.0,4.0,6.0,3.657304964539007
A-9bfc9f,Company_228,DevTools,CA,2023-09-14,ads,Pro,53,False,False,S-5ede24,2024-07-30,,2940,35280,False,False,monthly,True,72.0,2.0,6.0,3.657304964539007
A-9bfc9f,Company_228,DevTools,CA,2023-09-14,ads,Pro,53,False,False,S-84c44b,2024-01-01,,1007,12084,True,False,monthly,True,66.0,4.0,6.0,3.657304964539007
A-9bfc9f,Company_228,DevTools,CA,2023-09-14,ads,Pro,53,False,False,S-11034a,2024-07-11,,2597,31164,True,True,annual,True,51.0,0.0,6.0,3.657304964539007
A-4ae22a,Company_229,EdTech,US,2024-05-09,other,Pro,6,False,True,S-70b1cf,2024-09-24,,532,6384,False,False,monthly,True,33.0,0.0,3.0,3.654184397163121
A-4ae22a,Company_229,EdTech,US,2024-05-09,other,Pro,6,False,True,S-79af01,2024-07-24,,1194,14328,False,False,monthly,True,88.0,4.0,3.0,3.654184397163121
A-4ae22a,Company_229,EdTech,US,2024-05-09,other,Pro,6,False,True,S-c86cb0,2024-10-17,,1194,14328,False,False,monthly,True,90.0,8.0,3.0,3.654184397163121
A-4ae22a,Company_229,EdTech,US,2024-05-09,other,Pro,6,False,True,S-2c80ba,2024-11-26,,114,1368,False,False,annual,True,26.0,1.0,3.0,3.654184397163121
A-4ae22a,Company_229,EdTech,US,2024-05-09,other,Pro,6,False,True,S-68dca1,2024-12-23,,532,6384,False,False,annual,True,38.0,4.0,3.0,3.654184397163121
A-4ae22a,Company_229,EdTech,US,2024-05-09,other,Pro,6,False,True,S-0d8cfd,2024-08-20,,294,3528,False,False,annual,True,64.0,9.0,3.0,3.654184397163121
A-4ae22a,Company_229,EdTech,US,2024-05-09,other,Pro,6,False,True,S-a87c2f,2024-05-28,2024-10-14,5572,66864,False,False,annual,False,30.0,5.0,3.0,3.654184397163121
A-fda07f,Company_230,Cybersecurity,FR,2024-08-11,partner,Basic,7,False,False,S-ca0c98,2024-11-28,,343,4116,False,False,monthly,True,53.0,0.0,5.0,3.9925106382978726
A-fda07f,Company_230,Cybersecurity,FR,2024-08-11,partner,Basic,7,False,False,S-2d04a6,2024-10-04,,152,1824,True,False,monthly,True,44.0,3.0,5.0,3.9925106382978726
A-fda07f,Company_230,Cybersecurity,FR,2024-08-11,partner,Basic,7,False,False,S-a82473,2024-09-12,,3184,38208,False,False,annual,True,22.0,1.0,5.0,3.9925106382978726
A-fda07f,Company_230,Cybersecurity,FR,2024-08-11,partner,Basic,7,False,False,S-326577,2024-09-22,,133,1596,False,False,annual,True,33.0,4.0,5.0,3.9925106382978726
A-fda07f,Company_230,Cybersecurity,FR,2024-08-11,partner,Basic,7,False,False,S-2c617b,2024-10-28,,0,0,False,False,annual,True,39.0,4.0,5.0,3.9925106382978726
A-fda07f,Company_230,Cybersecurity,FR,2024-08-11,partner,Basic,7,False,False,S-a8ae52,2024-10-10,,0,0,False,True,annual,False,48.0,0.0,5.0,3.9925106382978726
A-fda07f,Company_230,Cybersecurity,FR,2024-08-11,partner,Basic,7,False,False,S-5272ff,2024-11-10,,13731,164772,False,False,annual,True,64.0,6.0,5.0,3.9925106382978726
A-fda07f,Company_230,Cybersecurity,FR,2024-08-11,partner,Basic,7,False,False,S-1630dd,2024-09-14,,1666,19992,False,False,annual,True,29.0,2.0,5.0,3.9925106382978726
A-fda07f,Company_230,Cybersecurity,FR,2024-08-11,partner,Basic,7,False,False,S-699110,2024-10-01,,5373,64476,True,False,annual,False,42.0,1.0,5.0,3.9925106382978726
A-fda07f,Company_230,Cybersecurity,FR,2024-08-11,partner,Basic,7,False,False,S-fe77d4,2024-12-01,,784,9408,True,False,monthly,True,101.0,6.0,5.0,3.9925106382978726
A-fda07f,Company_230,Cybersecurity,FR,2024-08-11,partner,Basic,7,False,False,S-7077ab,2024-12-30,,266,3192,False,False,monthly,True,122.0,6.0,5.0,3.9925106382978726
A-fda07f,Company_230,Cybersecurity,FR,2024-08-11,partner,Basic,7,False,False,S-e09e04,2024-08-24,,2786,33432,True,False,annual,True,84.0,6.0,5.0,3.9925106382978726
A-de24d5,Company_231,DevTools,US,2024-11-05,other,Enterprise,5,True,False,S-6c9dc9,2024-12-26,,190,2280,False,False,monthly,True,25.0,1.0,7.0,3.7009118541033432
A-de24d5,Company_231,DevTools,US,2024-11-05,other,Enterprise,5,True,False,S-c98905,2024-12-28,,245,2940,False,False,monthly,False,25.0,2.0,7.0,3.7009118541033432
A-de24d5,Company_231,DevTools,US,2024-11-05,other,Enterprise,5,True,False,S-8cb02e,2024-12-09,2024-12-21,3773,45276,False,False,annual,True,52.0,0.0,7.0,3.7009118541033432
A-de24d5,Company_231,DevTools,US,2024-11-05,other,Enterprise,5,True,False,S-f586ed,2024-12-06,,323,3876,False,False,monthly,True,24.0,0.0,7.0,3.7009118541033432
A-de24d5,Company_231,DevTools,US,2024-11-05,other,Enterprise,5,True,False,S-972512,2024-12-14,,0,0,False,False,monthly,True,86.0,7.0,7.0,3.7009118541033432
A-de24d5,Company_231,DevTools,US,2024-11-05,other,Enterprise,5,True,False,S-adf00a,2024-11-15,,3383,40596,False,False,annual,True,33.0,3.0,7.0,3.7009118541033432
A-de24d5,Company_231,DevTools,US,2024-11-05,other,Enterprise,5,True,False,S-9a1e04,2024-12-06,,995,11940,False,False,annual,True,29.0,6.0,7.0,3.7009118541033432
A-de24d5,Company_231,DevTools,US,2024-11-05,other,Enterprise,5,True,False,S-0b46b0,2024-11-19,,1393,16716,False,False,monthly,True,53.0,2.0,7.0,3.7009118541033432
A-de24d5,Company_231,DevTools,US,2024-11-05,other,Enterprise,5,True,False,S-482962,2024-11-06,,980,11760,False,False,annual,True,59.0,2.0,7.0,3.7009118541033432
A-de24d5,Company_231,DevTools,US,2024-11-05,other,Enterprise,5,True,False,S-01bbff,2024-11-17,,95,1140,False,False,annual,True,29.0,0.0,7.0,3.7009118541033432
A-de24d5,Company_231,DevTools,US,2024-11-05,other,Enterprise,5,True,False,S-3663bb,2024-12-19,,0,0,False,False,monthly,True,9.0,1.0,7.0,3.7009118541033432
A-de24d5,Company_231,DevTools,US,2024-11-05,other,Enterprise,5,True,False,S-e43d0d,2024-11-18,,7363,88356,False,False,annual,True,61.0,2.0,7.0,3.7009118541033432
A-de24d5,Company_231,DevTools,US,2024-11-05,other,Enterprise,5,True,False,S-25270a,2024-12-15,,2587,31044,False,False,annual,True,52.0,2.0,7.0,3.7009118541033432
A-977ca0,Company_232,HealthTech,IN,2023-02-20,partner,Basic,6,False,True,S-016b5f,2024-04-08,,0,0,False,False,monthly,True,46.0,6.0,3.0,3.9875177304964544
A-977ca0,Company_232,HealthTech,IN,2023-02-20,partner,Basic,6,False,True,S-ea5984,2023-02-20,,1194,14328,False,False,annual,True,42.0,3.0,3.0,3.9875177304964544
A-977ca0,Company_232,HealthTech,IN,2023-02-20,partner,Basic,6,False,True,S-dad08c,2024-04-14,,0,0,False,False,monthly,True,74.0,4.0,3.0,3.9875177304964544
A-977ca0,Company_232,HealthTech,IN,2023-02-20,partner,Basic,6,False,True,S-4d8a27,2024-07-03,,380,4560,True,False,monthly,True,69.0,6.0,3.0,3.9875177304964544
A-977ca0,Company_232,HealthTech,IN,2023-02-20,partner,Basic,6,False,True,S-b608f5,2024-07-25,,1519,18228,False,False,annual,True,50.0,2.0,3.0,3.9875177304964544
A-977ca0,Company_232,HealthTech,IN,2023-02-20,partner,Basic,6,False,True,S-627697,2023-03-20,,494,5928,False,False,monthly,True,61.0,2.0,3.0,3.9875177304964544
A-977ca0,Company_232,HealthTech,IN,2023-02-20,partner,Basic,6,False,True,S-dfbd79,2024-11-24,2024-11-24,686,8232,False,False,annual,True,43.0,4.0,3.0,3.9875177304964544
A-977ca0,Company_232,HealthTech,IN,2023-02-20,partner,Basic,6,False,True,S-9fa738,2024-02-02,,0,0,False,False,monthly,False,48.0,2.0,3.0,3.9875177304964544
A-977ca0,Company_232,HealthTech,IN,2023-02-20,partner,Basic,6,False,True,S-ee3fa2,2024-03-19,,294,3528,False,False,annual,True,31.0,2.0,3.0,3.9875177304964544
A-977ca0,Company_232,HealthTech,IN,2023-02-20,partner,Basic,6,False,True,S-30e0c1,2024-08-02,,1715,20580,False,False,monthly,True,32.0,3.0,3.0,3.9875177304964544
A-977ca0,Company_232,HealthTech,IN,2023-02-20,partner,Basic,6,False,True,S-e31e0c,2023-04-04,,4508,54096,False,False,monthly,True,74.0,6.0,3.0,3.9875177304964544
A-977ca0,Company_232,HealthTech,IN,2023-02-20,partner,Basic,6,False,True,S-5d0af1,2023-04-19,,833,9996,False,False,monthly,False,87.0,1.0,3.0,3.9875177304964544
A-977ca0,Company_232,HealthTech,IN,2023-02-20,partner,Basic,6,False,True,S-6c1ca5,2024-01-07,2024-06-06,114,1368,False,False,monthly,True,24.0,0.0,3.0,3.9875177304964544
A-977ca0,Company_232,HealthTech,IN,2023-02-20,partner,Basic,6,False,True,S-e746d2,2023-08-18,,18109,217308,False,False,monthly,True,48.0,0.0,3.0,3.9875177304964544
A-977ca0,Company_232,HealthTech,IN,2023-02-20,partner,Basic,6,False,True,S-1f9da0,2023-10-15,,209,2508,False,False,monthly,False,85.0,5.0,3.0,3.9875177304964544
A-977ca0,Company_232,HealthTech,IN,2023-02-20,partner,Basic,6,False,True,S-f29976,2023-06-10,,0,0,False,False,annual,True,79.0,0.0,3.0,3.9875177304964544
A-ab438f,Company_233,Cybersecurity,US,2024-09-13,ads,Enterprise,13,False,True,S-f965de,2024-10-20,2024-12-18,0,0,True,False,monthly,True,21.0,0.0,2.0,3.5
A-ab438f,Company_233,Cybersecurity,US,2024-09-13,ads,Enterprise,13,False,True,S-2f8d64,2024-11-28,,2587,31044,False,False,annual,False,39.0,0.0,2.0,3.5
A-ab438f,Company_233,Cybersecurity,US,2024-09-13,ads,Enterprise,13,False,True,S-1d5f4e,2024-12-11,2024-12-15,637,7644,False,False,monthly,False,67.0,1.0,2.0,3.5
A-ab438f,Company_233,Cybersecurity,US,2024-09-13,ads,Enterprise,13,False,True,S-708ac6,2024-10-23,,5970,71640,False,False,monthly,True,32.0,2.0,2.0,3.5
A-ab438f,Company_233,Cybersecurity,US,2024-09-13,ads,Enterprise,13,False,True,S-eb9911,2024-10-18,,0,0,False,False,annual,True,43.0,1.0,2.0,3.5
A-ab438f,Company_233,Cybersecurity,US,2024-09-13,ads,Enterprise,13,False,True,S-91709b,2024-11-26,2024-12-31,4577,54924,False,False,annual,True,50.0,2.0,2.0,3.5
A-ab438f,Company_233,Cybersecurity,US,2024-09-13,ads,Enterprise,13,False,True,S-f0e458,2024-12-27,,0,0,False,False,monthly,True,37.0,4.0,2.0,3.5
A-ab438f,Company_233,Cybersecurity,US,2024-09-13,ads,Enterprise,13,False,True,S-004eb4,2024-12-05,,2587,31044,False,False,annual,True,80.0,2.0,2.0,3.5
A-e89151,Company_234,FinTech,UK,2023-09-14,organic,Pro,8,True,True,S-ffe125,2024-04-15,2024-10-07,380,4560,False,False,monthly,False,78.0,0.0,2.0,4.490638297872341
A-e89151,Company_234,FinTech,UK,2023-09-14,organic,Pro,8,True,True,S-cbe349,2024-02-16,2024-04-23,1592,19104,True,False,annual,False,47.0,0.0,2.0,4.490638297872341
A-e89151,Company_234,FinTech,UK,2023-09-14,organic,Pro,8,True,True,S-55aafd,2024-05-23,,152,1824,True,False,monthly,True,75.0,2.0,2.0,4.490638297872341
A-e89151,Company_234,FinTech,UK,2023-09-14,organic,Pro,8,True,True,S-a7ce33,2024-03-28,,4577,54924,True,False,monthly,True,8.0,0.0,2.0,4.490638297872341
A-e89151,Company_234,FinTech,UK,2023-09-14,organic,Pro,8,True,True,S-5cb87c,2024-04-20,,1176,14112,False,False,monthly,True,72.0,11.0,2.0,4.490638297872341
A-e89151,Company_234,FinTech,UK,2023-09-14,organic,Pro,8,True,True,S-a84e7f,2023-11-14,,1592,19104,False,False,annual,True,51.0,0.0,2.0,4.490638297872341
A-e89151,Company_234,FinTech,UK,2023-09-14,organic,Pro,8,True,True,S-a68b52,2024-12-17,,8756,105072,False,False,annual,True,61.0,5.0,2.0,4.490638297872341
A-e89151,Company_234,FinTech,UK,2023-09-14,organic,Pro,8,True,True,S-374511,2024-04-01,,1990,23880,False,False,monthly,True,77.0,9.0,2.0,4.490638297872341
A-e89151,Company_234,FinTech,UK,2023-09-14,organic,Pro,8,True,True,S-7e8699,2024-11-14,,1519,18228,False,False,monthly,True,132.0,2.0,2.0,4.490638297872341
A-40906c,Company_235,EdTech,US,2024-03-27,ads,Basic,92,False,False,S-ddad91,2024-06-21,,0,0,False,False,annual,False,89.0,0.0,5.0,3.796255319148936
A-40906c,Company_235,EdTech,US,2024-03-27,ads,Basic,92,False,False,S-79c82e,2024-09-11,,1748,20976,False,False,monthly,True,88.0,2.0,5.0,3.796255319148936
A-40906c,Company_235,EdTech,US,2024-03-27,ads,Basic,92,False,False,S-07a006,2024-11-18,,18308,219696,False,False,monthly,True,30.0,7.0,5.0,3.796255319148936
A-40906c,Company_235,EdTech,US,2024-03-27,ads,Basic,92,False,False,S-37a280,2024-05-28,,0,0,False,False,monthly,True,35.0,3.0,5.0,3.796255319148936
A-40906c,Company_235,EdTech,US,2024-03-27,ads,Basic,92,False,False,S-6956dc,2024-06-06,,4508,54096,False,False,annual,True,70.0,2.0,5.0,3.796255319148936
A-40906c,Company_235,EdTech,US,2024-03-27,ads,Basic,92,False,False,S-c18476,2024-09-28,,4508,54096,False,False,monthly,True,92.0,2.0,5.0,3.796255319148936
A-40906c,Company_235,EdTech,US,2024-03-27,ads,Basic,92,False,False,S-aaf30f,2024-11-06,,4508,54096,False,False,annual,True,58.0,1.0,5.0,3.796255319148936
A-40906c,Company_235,EdTech,US,2024-03-27,ads,Basic,92,False,False,S-dbe1b3,2024-11-13,,4508,54096,False,False,annual,True,32.0,3.0,5.0,3.796255319148936
A-40906c,Company_235,EdTech,US,2024-03-27,ads,Basic,92,False,False,S-a0c741,2024-06-19,,1748,20976,False,False,monthly,False,37.0,4.0,5.0,3.796255319148936
A-40906c,Company_235,EdTech,US,2024-03-27,ads,Basic,92,False,False,S-8b00ff,2024-06-19,,18308,219696,False,False,annual,True,57.0,0.0,5.0,3.796255319148936
A-40906c,Company_235,EdTech,US,2024-03-27,ads,Basic,92,False,False,S-11939f,2024-10-14,,1748,20976,False,False,monthly,True,44.0,3.0,5.0,3.796255319148936
A-40906c,Company_235,EdTech,US,2024-03-27,ads,Basic,92,False,False,S-77c880,2024-12-01,,4508,54096,False,False,annual,True,53.0,5.0,5.0,3.796255319148936
A-81edc3,Company_236,Cybersecurity,IN,2023-10-30,ads,Basic,5,False,False,S-d4c0a0,2024-01-25,,882,10584,False,False,annual,True,23.0,2.0,3.0,3.993758865248227
A-81edc3,Company_236,Cybersecurity,IN,2023-10-30,ads,Basic,5,False,False,S-a6e444,2024-11-28,,995,11940,False,False,monthly,False,113.0,5.0,3.0,3.993758865248227
A-81edc3,Company_236,Cybersecurity,IN,2023-10-30,ads,Basic,5,False,False,S-3fa87d,2023-11-13,,995,11940,False,False,monthly,True,68.0,1.0,3.0,3.993758865248227
A-81edc3,Company_236,Cybersecurity,IN,2023-10-30,ads,Basic,5,False,False,S-a3300f,2024-12-16,,995,11940,False,False,annual,True,109.0,1.0,3.0,3.993758865248227
A-81edc3,Company_236,Cybersecurity,IN,2023-10-30,ads,Basic,5,False,False,S-5f2554,2023-11-07,,588,7056,False,False,monthly,False,48.0,2.0,3.0,3.993758865248227
A-81edc3,Company_236,Cybersecurity,IN,2023-10-30,ads,Basic,5,False,False,S-c1eb68,2024-11-02,,608,7296,True,False,monthly,False,71.0,1.0,3.0,3.993758865248227
A-81edc3,Company_236,Cybersecurity,IN,2023-10-30,ads,Basic,5,False,False,S-3d0aa6,2024-02-09,,0,0,False,False,monthly,True,39.0,5.0,3.0,3.993758865248227
A-81edc3,Company_236,Cybersecurity,IN,2023-10-30,ads,Basic,5,False,False,S-9e5075,2024-09-02,,8756,105072,False,False,annual,True,61.0,3.0,3.0,3.993758865248227
A-81edc3,Company_236,Cybersecurity,IN,2023-10-30,ads,Basic,5,False,False,S-44e3ac,2024-01-14,,995,11940,False,False,monthly,True,44.0,6.0,3.0,3.993758865248227
A-81edc3,Company_236,Cybersecurity,IN,2023-10-30,ads,Basic,5,False,False,S-07976e,2024-07-12,,245,2940,False,False,monthly,True,38.0,0.0,3.0,3.993758865248227
A-81edc3,Company_236,Cybersecurity,IN,2023-10-30,ads,Basic,5,False,False,S-d3bd2f,2024-06-08,,456,5472,False,False,monthly,True,61.0,0.0,3.0,3.993758865248227
A-81edc3,Company_236,Cybersecurity,IN,2023-10-30,ads,Basic,5,False,False,S-cc771c,2024-06-08,,2009,24108,True,False,monthly,False,90.0,15.0,3.0,3.993758865248227
A-328bd0,Company_237,HealthTech,AU,2023-05-16,partner,Enterprise,18,False,False,S-24ae40,2024-02-11,2024-03-28,342,4104,False,False,monthly,True,53.0,4.0,5.0,3.7925106382978724
A-328bd0,Company_237,HealthTech,AU,2023-05-16,partner,Enterprise,18,False,False,S-ec690c,2023-10-11,,342,4104,False,False,annual,True,64.0,8.0,5.0,3.7925106382978724
A-328bd0,Company_237,HealthTech,AU,2023-05-16,partner,Enterprise,18,False,False,S-31090f,2024-08-20,,342,4104,False,False,monthly,False,13.0,3.0,5.0,3.7925106382978724
A-328bd0,Company_237,HealthTech,AU,2023-05-16,partner,Enterprise,18,False,False,S-8faa60,2023-12-15,2024-01-11,1911,22932,False,False,monthly,True,44.0,1.0,5.0,3.7925106382978724
A-328bd0,Company_237,HealthTech,AU,2023-05-16,partner,Enterprise,18,False,False,S-67c1d8,2024-12-18,,882,10584,False,True,annual,True,49.0,6.0,5.0,3.7925106382978724
A-328bd0,Company_237,HealthTech,AU,2023-05-16,partner,Enterprise,18,False,False,S-22778a,2024-02-28,,342,4104,False,False,monthly,False,50.0,4.0,5.0,3.7925106382978724
A-328bd0,Company_237,HealthTech,AU,2023-05-16,partner,Enterprise,18,False,False,S-0a59be,2023-08-24,,3582,42984,False,False,monthly,True,49.0,4.0,5.0,3.7925106382978724
A-328bd0,Company_237,HealthTech,AU,2023-05-16,partner,Enterprise,18,False,False,S-1f94ad,2024-07-14,,3582,42984,False,False,annual,False,31.0,1.0,5.0,3.7925106382978724
A-328bd0,Company_237,HealthTech,AU,2023-05-16,partner,Enterprise,18,False,False,S-26593b,2024-05-22,,1813,21756,True,False,annual,True,77.0,7.0,5.0,3.7925106382978724
A-328bd0,Company_237,HealthTech,AU,2023-05-16,partner,Enterprise,18,False,False,S-5aa854,2024-04-29,,882,10584,False,False,annual,True,42.0,2.0,5.0,3.7925106382978724
A-328bd0,Company_237,HealthTech,AU,2023-05-16,partner,Enterprise,18,False,False,S-5a94f7,2023-09-26,,1617,19404,False,False,monthly,True,17.0,4.0,5.0,3.7925106382978724
A-328bd0,Company_237,HealthTech,AU,2023-05-16,partner,Enterprise,18,False,False,S-2e7b85,2023-10-19,,342,4104,False,False,annual,True,26.0,3.0,5.0,3.7925106382978724
A-328bd0,Company_237,HealthTech,AU,2023-05-16,partner,Enterprise,18,False,False,S-929a7c,2023-08-10,,0,0,False,False,monthly,True,53.0,2.0,5.0,3.7925106382978724
A-b3fe05,Company_238,Cybersecurity,CA,2024-05-28,partner,Pro,8,False,False,S-275d57,2024-11-11,,285,3420,False,False,monthly,True,66.0,4.0,4.0,3.4906382978723407
A-b3fe05,Company_238,Cybersecurity,CA,2024-05-28,partner,Pro,8,False,False,S-8e5df4,2024-11-04,,285,3420,False,False,monthly,True,16.0,0.0,4.0,3.4906382978723407
A-b3fe05,Company_238,Cybersecurity,CA,2024-05-28,partner,Pro,8,False,False,S-0adca9,2024-10-07,,1045,12540,False,False,monthly,True,80.0,1.0,4.0,3.4906382978723407
A-b3fe05,Company_238,Cybersecurity,CA,2024-05-28,partner,Pro,8,False,False,S-369495,2024-10-20,2024-11-18,392,4704,False,False,monthly,True,42.0,3.0,4.0,3.4906382978723407
A-b3fe05,Company_238,Cybersecurity,CA,2024-05-28,partner,Pro,8,False,False,S-877508,2024-06-06,,0,0,False,False,annual,True,66.0,4.0,4.0,3.4906382978723407
A-b3fe05,Company_238,Cybersecurity,CA,2024-05-28,partner,Pro,8,False,False,S-cfcb11,2024-12-20,,0,0,False,False,annual,False,32.0,1.0,4.0,3.4906382978723407
A-b3fe05,Company_238,Cybersecurity,CA,2024-05-28,partner,Pro,8,False,False,S-3803ff,2024-08-04,,9950,119400,False,False,monthly,True,44.0,0.0,4.0,3.4906382978723407
A-b3fe05,Company_238,Cybersecurity,CA,2024-05-28,partner,Pro,8,False,False,S-e0075b,2024-09-03,,3383,40596,False,False,annual,True,70.0,5.0,4.0,3.4906382978723407
A-b3fe05,Company_238,Cybersecurity,CA,2024-05-28,partner,Pro,8,False,False,S-9f7ef0,2024-10-31,,9154,109848,False,False,monthly,True,22.0,0.0,4.0,3.4906382978723407
A-09540c,Company_239,Cybersecurity,CA,2023-10-30,event,Basic,67,True,False,S-d9f518,2024-11-14,,3283,39396,False,False,annual,True,55.0,2.0,2.0,4.5
A-09540c,Company_239,Cybersecurity,CA,2023-10-30,event,Basic,67,True,False,S-a18bb2,2024-12-22,,3283,39396,False,False,monthly,True,29.0,1.0,2.0,4.5
A-09540c,Company_239,Cybersecurity,CA,2023-10-30,event,Basic,67,True,False,S-106bf6,2024-08-04,,1273,15276,False,False,monthly,True,58.0,5.0,2.0,4.5
A-09540c,Company_239,Cybersecurity,CA,2023-10-30,event,Basic,67,True,False,S-a81bcd,2024-04-11,,1273,15276,True,True,annual,False,41.0,1.0,2.0,4.5
A-09540c,Company_239,Cybersecurity,CA,2023-10-30,event,Basic,67,True,False,S-0e43ee,2024-05-28,,13333,159996,False,False,monthly,True,68.0,3.0,2.0,4.5
A-09540c,Company_239,Cybersecurity,CA,2023-10-30,event,Basic,67,True,False,S-8055fa,2024-08-03,2024-11-29,1273,15276,False,False,monthly,True,46.0,4.0,2.0,4.5
A-e693b6,Company_240,FinTech,AU,2023-05-25,event,Enterprise,55,False,True,S-8ca9f0,2024-09-01,2024-09-06,1045,12540,False,False,annual,True,107.0,4.0,1.0,3.0
A-e693b6,Company_240,FinTech,AU,2023-05-25,event,Enterprise,55,False,True,S-be0fc9,2024-08-31,,0,0,False,False,annual,True,34.0,3.0,1.0,3.0
A-e693b6,Company_240,FinTech,AU,2023-05-25,event,Enterprise,55,False,True,S-770d98,2024-11-19,,10945,131340,False,False,annual,True,47.0,4.0,1.0,3.0
A-e693b6,Company_240,FinTech,AU,2023-05-25,event,Enterprise,55,False,True,S-a07c46,2023-09-23,2023-10-15,2695,32340,True,False,monthly,True,28.0,2.0,1.0,3.0
A-e693b6,Company_240,FinTech,AU,2023-05-25,event,Enterprise,55,False,True,S-96a469,2023-10-08,,2695,32340,False,False,annual,True,49.0,2.0,1.0,3.0
A-e693b6,Company_240,FinTech,AU,2023-05-25,event,Enterprise,55,False,True,S-370135,2024-05-11,,2695,32340,False,False,monthly,False,49.0,0.0,1.0,3.0
A-e693b6,Company_240,FinTech,AU,2023-05-25,event,Enterprise,55,False,True,S-8b3e35,2024-07-19,,0,0,False,False,annual,True,67.0,4.0,1.0,3.0
A-e693b6,Company_240,FinTech,AU,2023-05-25,event,Enterprise,55,False,True,S-9daaad,2024-03-21,,0,0,False,False,monthly,True,83.0,0.0,1.0,3.0
A-e693b6,Company_240,FinTech,AU,2023-05-25,event,Enterprise,55,False,True,S-86a4e3,2023-08-01,,1045,12540,False,False,annual,True,45.0,0.0,1.0,3.0
A-e693b6,Company_240,FinTech,AU,2023-05-25,event,Enterprise,55,False,True,S-ba8f61,2024-09-26,,1045,12540,False,False,monthly,True,67.0,4.0,1.0,3.0
A-e693b6,Company_240,FinTech,AU,2023-05-25,event,Enterprise,55,False,True,S-ac1f01,2024-03-14,,10945,131340,False,False,monthly,True,61.0,2.0,1.0,3.0
A-e693b6,Company_240,FinTech,AU,2023-05-25,event,Enterprise,55,False,True,S-0027d3,2024-05-04,,1045,12540,False,False,annual,True,44.0,0.0,1.0,3.0
A-2446e3,Company_241,EdTech,IN,2024-01-10,organic,Pro,27,False,False,S-d57a67,2024-07-14,,1323,15876,False,False,monthly,True,67.0,2.0,3.0,4.0
A-2446e3,Company_241,EdTech,IN,2024-01-10,organic,Pro,27,False,False,S-3d6b69,2024-09-16,,5373,64476,False,False,annual,False,87.0,4.0,3.0,4.0
A-2446e3,Company_241,EdTech,IN,2024-01-10,organic,Pro,27,False,False,S-6587d8,2024-04-18,,5373,64476,False,False,monthly,False,109.0,5.0,3.0,4.0
A-2446e3,Company_241,EdTech,IN,2024-01-10,organic,Pro,27,False,False,S-c899a3,2024-01-21,,1323,15876,False,True,monthly,True,51.0,8.0,3.0,4.0
A-2446e3,Company_241,EdTech,IN,2024-01-10,organic,Pro,27,False,False,S-fe6eb1,2024-12-09,,5373,64476,False,False,monthly,True,62.0,10.0,3.0,4.0
A-2446e3,Company_241,EdTech,IN,2024-01-10,organic,Pro,27,False,False,S-fd0d21,2024-09-02,,0,0,False,False,annual,False,70.0,3.0,3.0,4.0
A-2446e3,Company_241,EdTech,IN,2024-01-10,organic,Pro,27,False,False,S-f6a70a,2024-10-06,,5373,64476,True,False,annual,True,50.0,0.0,3.0,4.0
A-241e75,Company_242,EdTech,US,2024-07-03,partner,Enterprise,3,False,False,S-e7e013,2024-08-07,,342,4104,False,False,monthly,False,85.0,13.0,4.0,4.240638297872341
A-241e75,Company_242,EdTech,US,2024-07-03,partner,Enterprise,3,False,False,S-ee941d,2024-09-08,,266,3192,False,False,annual,True,30.0,2.0,4.0,4.240638297872341
A-241e75,Company_242,EdTech,US,2024-07-03,partner,Enterprise,3,False,False,S-aa5f00,2024-09-29,,637,7644,False,True,annual,True,86.0,2.0,4.0,4.240638297872341
A-241e75,Company_242,EdTech,US,2024-07-03,partner,Enterprise,3,False,False,S-fe910d,2024-10-19,,95,1140,False,False,monthly,True,55.0,3.0,4.0,4.240638297872341
A-241e75,Company_242,EdTech,US,2024-07-03,partner,Enterprise,3,False,False,S-2d0c1f,2024-07-11,,2254,27048,False,False,annual,True,10.0,0.0,4.0,4.240638297872341
A-922109,Company_243,Cybersecurity,US,2024-01-26,ads,Pro,3,False,False,S-389426,2024-07-04,,147,1764,False,False,monthly,True,82.0,2.0,3.0,3.654184397163121
A-922109,Company_243,Cybersecurity,US,2024-01-26,ads,Pro,3,False,False,S-4f56f5,2024-11-13,,597,7164,False,False,monthly,True,71.0,3.0,3.0,3.654184397163121
A-922109,Company_243,Cybersecurity,US,2024-01-26,ads,Pro,3,False,False,S-5c4ef1,2024-03-23,,1862,22344,False,False,annual,True,78.0,5.0,3.0,3.654184397163121
A-922109,Company_243,Cybersecurity,US,2024-01-26,ads,Pro,3,False,False,S-3df0c3,2024-04-06,,1368,16416,False,False,annual,True,94.0,2.0,3.0,3.654184397163121
A-922109,Company_243,Cybersecurity,US,2024-01-26,ads,Pro,3,False,False,S-162d54,2024-11-08,,209,2508,False,False,monthly,True,52.0,3.0,3.0,3.654184397163121
A-922109,Company_243,Cybersecurity,US,2024-01-26,ads,Pro,3,False,False,S-2d494e,2024-12-01,,0,0,False,False,monthly,True,56.0,4.0,3.0,3.654184397163121
A-922109,Company_243,Cybersecurity,US,2024-01-26,ads,Pro,3,False,False,S-6cb472,2024-09-27,,392,4704,False,False,annual,True,19.0,2.0,3.0,3.654184397163121
A-922109,Company_243,Cybersecurity,US,2024-01-26,ads,Pro,3,False,False,S-0380a3,2024-04-06,,147,1764,False,False,annual,True,33.0,2.0,3.0,3.654184397163121
A-922109,Company_243,Cybersecurity,US,2024-01-26,ads,Pro,3,False,False,S-1cf9b0,2024-07-15,2024-12-27,441,5292,False,False,monthly,False,102.0,2.0,3.0,3.654184397163121
A-922109,Company_243,Cybersecurity,US,2024-01-26,ads,Pro,3,False,False,S-8e5d9f,2024-07-17,,8159,97908,False,False,monthly,True,34.0,1.0,3.0,3.654184397163121
A-922109,Company_243,Cybersecurity,US,2024-01-26,ads,Pro,3,False,False,S-84e658,2024-08-18,,0,0,False,False,monthly,False,84.0,3.0,3.0,3.654184397163121
A-922109,Company_243,Cybersecurity,US,2024-01-26,ads,Pro,3,False,False,S-e5a001,2024-10-20,,0,0,False,False,monthly,True,31.0,0.0,3.0,3.654184397163121
A-922109,Company_243,Cybersecurity,US,2024-01-26,ads,Pro,3,False,False,S-d75e1f,2024-11-29,,796,9552,False,False,monthly,False,83.0,5.0,3.0,3.654184397163121
A-ff3c73,Company_244,HealthTech,AU,2023-01-26,other,Pro,21,False,False,S-eaac58,2023-04-08,,1254,15048,False,False,annual,True,36.0,0.0,2.0,3.5
A-ff3c73,Company_244,HealthTech,AU,2023-01-26,other,Pro,21,False,False,S-60890c,2023-04-06,,1029,12348,False,False,monthly,False,33.0,2.0,2.0,3.5
A-ff3c73,Company_244,HealthTech,AU,2023-01-26,other,Pro,21,False,False,S-b36569,2024-09-23,,399,4788,True,False,annual,True,23.0,2.0,2.0,3.5
A-ff3c73,Company_244,HealthTech,AU,2023-01-26,other,Pro,21,False,False,S-531970,2024-09-17,,855,10260,False,False,annual,False,25.0,1.0,2.0,3.5
A-ff3c73,Company_244,HealthTech,AU,2023-01-26,other,Pro,21,False,False,S-f30a79,2024-10-20,,399,4788,False,False,annual,True,57.0,9.0,2.0,3.5
A-ff3c73,Company_244,HealthTech,AU,2023-01-26,other,Pro,21,False,False,S-54ac93,2023-10-14,2023-12-10,0,0,False,False,annual,True,50.0,2.0,2.0,3.5
A-ff3c73,Company_244,HealthTech,AU,2023-01-26,other,Pro,21,False,False,S-de66c3,2024-06-13,,0,0,False,False,monthly,True,94.0,5.0,2.0,3.5
A-ff3c73,Company_244,HealthTech,AU,2023-01-26,other,Pro,21,False,False,S-140d3a,2023-06-26,,399,4788,False,False,annual,True,73.0,2.0,2.0,3.5
A-ff3c73,Company_244,HealthTech,AU,2023-01-26,other,Pro,21,False,False,S-93cf65,2023-07-19,,0,0,False,False,annual,True,17.0,0.0,2.0,3.5
A-8b0451,Company_245,FinTech,UK,2024-09-16,event,Enterprise,41,False,False,S-57cd05,2024-10-26,,779,9348,False,False,annual,True,48.0,3.0,7.0,3.706261398176292
A-8b0451,Company_245,FinTech,UK,2024-09-16,event,Enterprise,41,False,False,S-8ed77f,2024-12-10,,2009,24108,False,False,monthly,True,86.0,5.0,7.0,3.706261398176292
A-8b0451,Company_245,FinTech,UK,2024-09-16,event,Enterprise,41,False,False,S-e6c842,2024-11-10,,779,9348,False,False,annual,True,71.0,5.0,7.0,3.706261398176292
A-8b0451,Company_245,FinTech,UK,2024-09-16,event,Enterprise,41,False,False,S-670476,2024-11-18,2024-12-31,8159,97908,False,False,monthly,True,46.0,0.0,7.0,3.706261398176292
A-8b0451,Company_245,FinTech,UK,2024-09-16,event,Enterprise,41,False,False,S-bf424e,2024-12-22,,8159,97908,False,False,annual,True,41.0,1.0,7.0,3.706261398176292
A-8b0451,Company_245,FinTech,UK,2024-09-16,event,Enterprise,41,False,False,S-c5cfb0,2024-10-05,,0,0,False,False,monthly,False,97.0,11.0,7.0,3.706261398176292
A-8b0451,Company_245,FinTech,UK,2024-09-16,event,Enterprise,41,False,False,S-19c44c,2024-12-09,,779,9348,False,False,monthly,True,37.0,2.0,7.0,3.706261398176292
A-8b0451,Company_245,FinTech,UK,2024-09-16,event,Enterprise,41,False,False,S-a14d4b,2024-10-05,,2107,25284,False,False,annual,False,50.0,6.0,7.0,3.706261398176292
A-8b0451,Company_245,FinTech,UK,2024-09-16,event,Enterprise,41,False,False,S-dc8c2f,2024-09-21,,779,9348,False,False,monthly,True,78.0,3.0,7.0,3.706261398176292
A-8b0451,Company_245,FinTech,UK,2024-09-16,event,Enterprise,41,False,False,S-55c61c,2024-12-21,,8159,97908,False,False,annual,True,52.0,9.0,7.0,3.706261398176292
A-331424,Company_246,DevTools,US,2023-11-06,organic,Basic,11,False,False,S-19f899,2024-05-01,,2189,26268,False,False,annual,False,43.0,1.0,2.0,3.981276595744681
A-331424,Company_246,DevTools,US,2023-11-06,organic,Basic,11,False,False,S-6643a2,2024-01-04,,0,0,False,False,monthly,True,63.0,0.0,2.0,3.981276595744681
A-331424,Company_246,DevTools,US,2023-11-06,organic,Basic,11,False,False,S-70e232,2024-01-24,,2189,26268,False,False,annual,True,47.0,1.0,2.0,3.981276595744681
A-331424,Company_246,DevTools,US,2023-11-06,organic,Basic,11,False,False,S-039a8e,2024-02-16,2024-08-12,209,2508,False,False,annual,False,21.0,4.0,2.0,3.981276595744681
A-331424,Company_246,DevTools,US,2023-11-06,organic,Basic,11,False,False,S-91ec54,2024-11-04,,0,0,False,False,monthly,False,20.0,2.0,2.0,3.981276595744681
A-331424,Company_246,DevTools,US,2023-11-06,organic,Basic,11,False,False,S-632acf,2024-08-28,,2189,26268,False,False,monthly,True,20.0,1.0,2.0,3.981276595744681
A-51ec1b,Company_247,DevTools,US,2023-11-08,ads,Enterprise,7,False,False,S-3bd95c,2024-11-12,,3383,40596,True,False,annual,True,95.0,4.0,3.0,4.6604255319148935
A-51ec1b,Company_247,DevTools,US,2023-11-08,ads,Enterprise,7,False,False,S-783131,2024-10-03,2024-11-27,1393,16716,False,False,annual,True,36.0,2.0,3.0,4.6604255319148935
A-51ec1b,Company_247,DevTools,US,2023-11-08,ads,Enterprise,7,False,False,S-b29d83,2024-02-10,,209,2508,False,False,annual,True,26.0,4.0,3.0,4.6604255319148935
A-51ec1b,Company_247,DevTools,US,2023-11-08,ads,Enterprise,7,False,False,S-1fddda,2024-08-05,,3582,42984,False,False,monthly,False,69.0,0.0,3.0,4.6604255319148935
A-51ec1b,Company_247,DevTools,US,2023-11-08,ads,Enterprise,7,False,False,S-cb7ea9,2024-04-01,,1393,16716,True,True,monthly,True,32.0,1.0,3.0,4.6604255319148935
A-51ec1b,Company_247,DevTools,US,2023-11-08,ads,Enterprise,7,False,False,S-3d8c2f,2024-10-20,2024-11-27,1127,13524,True,True,monthly,True,25.0,1.0,3.0,4.6604255319148935
A-bcf664,Company_248,DevTools,US,2023-05-19,other,Pro,5,False,False,S-5895f0,2023-10-05,,0,0,False,False,annual,True,35.0,1.0,5.0,3.9925106382978726
A-bcf664,Company_248,DevTools,US,2023-05-19,other,Pro,5,False,False,S-709484,2024-08-22,,392,4704,False,False,annual,True,53.0,0.0,5.0,3.9925106382978726
A-bcf664,Company_248,DevTools,US,2023-05-19,other,Pro,5,False,False,S-853f5d,2023-12-01,,247,2964,False,False,monthly,True,30.0,1.0,5.0,3.9925106382978726
A-bcf664,Company_248,DevTools,US,2023-05-19,other,Pro,5,False,False,S-4ed473,2023-11-20,2023-12-06,2388,28656,False,False,annual,True,24.0,0.0,5.0,3.9925106382978726
A-bcf664,Company_248,DevTools,US,2023-05-19,other,Pro,5,False,False,S-199697,2024-11-11,,1393,16716,False,False,annual,True,32.0,4.0,5.0,3.9925106382978726
A-bcf664,Company_248,DevTools,US,2023-05-19,other,Pro,5,False,False,S-14d060,2024-12-12,,2303,27636,False,False,annual,True,34.0,1.0,5.0,3.9925106382978726
A-bcf664,Company_248,DevTools,US,2023-05-19,other,Pro,5,False,False,S-905752,2024-08-29,,570,6840,False,False,monthly,True,48.0,7.0,5.0,3.9925106382978726
A-bcf664,Company_248,DevTools,US,2023-05-19,other,Pro,5,False,False,S-7179fd,2023-06-16,,1121,13452,False,False,monthly,True,55.0,1.0,5.0,3.9925106382978726
A-bcf664,Company_248,DevTools,US,2023-05-19,other,Pro,5,False,False,S-304196,2024-09-02,,114,1368,False,False,monthly,True,59.0,2.0,5.0,3.9925106382978726
A-bcf664,Company_248,DevTools,US,2023-05-19,other,Pro,5,False,False,S-9a952b,2023-08-30,,0,0,False,False,monthly,True,66.0,2.0,5.0,3.9925106382978726
A-bcf664,Company_248,DevTools,US,2023-05-19,other,Pro,5,False,False,S-b5165e,2023-08-11,,1568,18816,False,False,monthly,True,44.0,0.0,5.0,3.9925106382978726
A-bcf664,Company_248,DevTools,US,2023-05-19,other,Pro,5,False,False,S-700923,2024-04-04,,2587,31044,False,False,monthly,True,25.0,1.0,5.0,3.9925106382978726
A-bcf664,Company_248,DevTools,US,2023-05-19,other,Pro,5,False,False,S-ca72d9,2024-01-29,,1045,12540,False,False,annual,True,70.0,8.0,5.0,3.9925106382978726
A-90a8c8,Company_249,FinTech,AU,2024-08-24,organic,Pro,15,False,False,S-746e1b,2024-09-17,,14527,174324,False,False,annual,True,30.0,2.0,4.0,3.25
A-90a8c8,Company_249,FinTech,AU,2024-08-24,organic,Pro,15,False,False,S-58a152,2024-12-03,,2985,35820,False,False,monthly,False,61.0,1.0,4.0,3.25
A-90a8c8,Company_249,FinTech,AU,2024-08-24,organic,Pro,15,False,False,S-aaeb34,2024-09-21,,5572,66864,True,False,annual,False,66.0,2.0,4.0,3.25
A-90a8c8,Company_249,FinTech,AU,2024-08-24,organic,Pro,15,False,False,S-ab06f4,2024-10-29,,735,8820,False,False,annual,True,72.0,2.0,4.0,3.25
A-90a8c8,Company_249,FinTech,AU,2024-08-24,organic,Pro,15,False,False,S-41d4ca,2024-09-19,,0,0,True,False,monthly,True,32.0,1.0,4.0,3.25
A-90a8c8,Company_249,FinTech,AU,2024-08-24,organic,Pro,15,False,False,S-21b034,2024-08-25,,1568,18816,False,False,annual,True,68.0,7.0,4.0,3.25
A-90a8c8,Company_249,FinTech,AU,2024-08-24,organic,Pro,15,False,False,S-c7b793,2024-11-07,,1127,13524,False,False,monthly,True,75.0,5.0,4.0,3.25
A-86cdb4,Company_250,DevTools,DE,2024-09-22,partner,Basic,2,False,False,S-33e40e,2024-10-10,2024-12-29,398,4776,False,False,annual,True,66.0,2.0,5.0,4.192510638297873
A-86cdb4,Company_250,DevTools,DE,2024-09-22,partner,Basic,2,False,False,S-684751,2024-12-31,,323,3876,False,False,monthly,True,37.0,1.0,5.0,4.192510638297873
A-86cdb4,Company_250,DevTools,DE,2024-09-22,partner,Basic,2,False,False,S-31428b,2024-12-14,,988,11856,False,False,annual,True,70.0,2.0,5.0,4.192510638297873
A-86cdb4,Company_250,DevTools,DE,2024-09-22,partner,Basic,2,False,False,S-6f0169,2024-10-23,2024-11-06,147,1764,False,False,monthly,True,45.0,0.0,5.0,4.192510638297873
A-86cdb4,Company_250,DevTools,DE,2024-09-22,partner,Basic,2,False,False,S-95c2e3,2024-12-19,,392,4704,False,False,monthly,True,81.0,4.0,5.0,4.192510638297873
A-86cdb4,Company_250,DevTools,DE,2024-09-22,partner,Basic,2,False,False,S-834a48,2024-11-01,,0,0,False,False,monthly,True,46.0,0.0,5.0,4.192510638297873
A-86cdb4,Company_250,DevTools,DE,2024-09-22,partner,Basic,2,False,False,S-4056f6,2024-10-06,,98,1176,False,False,annual,True,33.0,0.0,5.0,4.192510638297873
A-86cdb4,Company_250,DevTools,DE,2024-09-22,partner,Basic,2,False,False,S-af6974,2024-11-23,,882,10584,False,False,annual,True,67.0,9.0,5.0,4.192510638297873
A-86cdb4,Company_250,DevTools,DE,2024-09-22,partner,Basic,2,False,False,S-f180b5,2024-10-13,,323,3876,False,False,monthly,True,47.0,6.0,5.0,4.192510638297873
A-4bfa33,Company_251,Cybersecurity,US,2024-12-07,event,Basic,8,True,False,S-b8daaa,2024-12-25,,0,0,False,False,annual,True,25.0,0.0,4.0,3.7453191489361704
A-4bfa33,Company_251,Cybersecurity,US,2024-12-07,event,Basic,8,True,False,S-70c369,2024-12-24,,3528,42336,False,False,monthly,True,28.0,5.0,4.0,3.7453191489361704
A-4bfa33,Company_251,Cybersecurity,US,2024-12-07,event,Basic,8,True,False,S-5c4b5d,2024-12-19,,392,4704,False,False,annual,True,21.0,3.0,4.0,3.7453191489361704
A-4bfa33,Company_251,Cybersecurity,US,2024-12-07,event,Basic,8,True,False,S-1da72c,2024-12-12,,380,4560,False,False,monthly,True,95.0,3.0,4.0,3.7453191489361704
A-4bfa33,Company_251,Cybersecurity,US,2024-12-07,event,Basic,8,True,False,S-a9bfe0,2024-12-12,2024-12-29,441,5292,False,False,monthly,False,53.0,3.0,4.0,3.7453191489361704
A-4bfa33,Company_251,Cybersecurity,US,2024-12-07,event,Basic,8,True,False,S-f971ab,2024-12-10,,637,7644,False,False,annual,True,70.0,2.0,4.0,3.7453191489361704
A-4bfa33,Company_251,Cybersecurity,US,2024-12-07,event,Basic,8,True,False,S-0efc9b,2024-12-13,,228,2736,False,False,monthly,True,37.0,1.0,4.0,3.7453191489361704
A-dbc825,Company_252,EdTech,FR,2024-01-07,partner,Enterprise,19,False,False,S-bb8429,2024-04-27,,931,11172,False,False,annual,True,28.0,5.0,6.0,3.9875177304964544
A-dbc825,Company_252,EdTech,FR,2024-01-07,partner,Enterprise,19,False,False,S-b6ab32,2024-04-08,2024-08-05,3781,45372,False,False,annual,True,8.0,0.0,6.0,3.9875177304964544
A-dbc825,Company_252,EdTech,FR,2024-01-07,partner,Enterprise,19,False,False,S-f99f9e,2024-10-19,2024-12-17,10945,131340,False,False,monthly,True,17.0,0.0,6.0,3.9875177304964544
A-dbc825,Company_252,EdTech,FR,2024-01-07,partner,Enterprise,19,False,False,S-2186ea,2024-03-06,,931,11172,False,False,annual,True,27.0,2.0,6.0,3.9875177304964544
A-dbc825,Company_252,EdTech,FR,2024-01-07,partner,Enterprise,19,False,False,S-7c633c,2024-07-10,,0,0,False,False,annual,True,62.0,1.0,6.0,3.9875177304964544
A-dbc825,Company_252,EdTech,FR,2024-01-07,partner,Enterprise,19,False,False,S-5de583,2024-11-12,,361,4332,False,False,monthly,True,70.0,2.0,6.0,3.9875177304964544
A-dbc825,Company_252,EdTech,FR,2024-01-07,partner,Enterprise,19,False,False,S-b8fcc5,2024-06-29,2024-11-20,1615,19380,True,False,annual,False,61.0,4.0,6.0,3.9875177304964544
A-dbc825,Company_252,EdTech,FR,2024-01-07,partner,Enterprise,19,False,False,S-68e134,2024-05-20,,361,4332,False,False,monthly,True,29.0,3.0,6.0,3.9875177304964544
A-dbc825,Company_252,EdTech,FR,2024-01-07,partner,Enterprise,19,False,False,S-cd6bb6,2024-11-25,,361,4332,False,False,annual,True,92.0,11.0,6.0,3.9875177304964544
A-dbc825,Company_252,EdTech,FR,2024-01-07,partner,Enterprise,19,False,False,S-edf4e0,2024-07-01,,4378,52536,False,False,monthly,True,71.0,2.0,6.0,3.9875177304964544
A-dbc825,Company_252,EdTech,FR,2024-01-07,partner,Enterprise,19,False,False,S-a22ca2,2024-07-30,,8955,107460,False,False,monthly,True,29.0,7.0,6.0,3.9875177304964544
A-dbc825,Company_252,EdTech,FR,2024-01-07,partner,Enterprise,19,False,False,S-249448,2024-01-19,,3781,45372,False,False,annual,True,70.0,8.0,6.0,3.9875177304964544
A-dbc825,Company_252,EdTech,FR,2024-01-07,partner,Enterprise,19,False,False,S-b95b76,2024-05-02,,931,11172,False,False,monthly,True,42.0,7.0,6.0,3.9875177304964544
A-dbc825,Company_252,EdTech,FR,2024-01-07,partner,Enterprise,19,False,False,S-b73fdf,2024-04-26,2024-08-07,361,4332,False,False,annual,True,39.0,3.0,6.0,3.9875177304964544
A-dbc825,Company_252,EdTech,FR,2024-01-07,partner,Enterprise,19,False,False,S-83d49e,2024-07-27,,931,11172,False,False,annual,True,53.0,2.0,6.0,3.9875177304964544
A-dbc825,Company_252,EdTech,FR,2024-01-07,partner,Enterprise,19,False,False,S-72e73f,2024-01-26,,3781,45372,True,False,annual,False,32.0,1.0,6.0,3.9875177304964544
A-c70870,Company_253,Cybersecurity,US,2024-10-22,partner,Basic,31,False,False,S-8856af,2024-12-09,,0,0,False,False,annual,True,51.0,1.0,5.0,3.9925106382978726
A-c70870,Company_253,Cybersecurity,US,2024-10-22,partner,Basic,31,False,False,S-78f738,2024-12-29,,33830,405960,False,True,monthly,True,75.0,4.0,5.0,3.9925106382978726
A-c70870,Company_253,Cybersecurity,US,2024-10-22,partner,Basic,31,False,False,S-57bdc2,2024-11-14,,0,0,False,False,monthly,True,57.0,3.0,5.0,3.9925106382978726
A-c70870,Company_253,Cybersecurity,US,2024-10-22,partner,Basic,31,False,False,S-f4059b,2024-12-15,,0,0,True,False,annual,True,71.0,5.0,5.0,3.9925106382978726
A-c70870,Company_253,Cybersecurity,US,2024-10-22,partner,Basic,31,False,False,S-d1aacf,2024-12-06,,589,7068,True,False,annual,True,44.0,1.0,5.0,3.9925106382978726
A-c70870,Company_253,Cybersecurity,US,2024-10-22,partner,Basic,31,False,False,S-9e6f0c,2024-11-11,,589,7068,False,False,monthly,True,18.0,1.0,5.0,3.9925106382978726
A-c70870,Company_253,Cybersecurity,US,2024-10-22,partner,Basic,31,False,False,S-6eeae1,2024-12-29,,4606,55272,False,False,annual,True,18.0,3.0,5.0,3.9925106382978726
A-7c4956,Company_254,DevTools,US,2023-05-06,ads,Enterprise,5,False,True,S-02c3e7,2024-08-14,,1194,14328,False,False,annual,True,67.0,7.0,3.0,3.9875177304964544
A-7c4956,Company_254,DevTools,US,2023-05-06,ads,Enterprise,5,False,True,S-b84a07,2023-06-05,,441,5292,False,False,annual,True,73.0,4.0,3.0,3.9875177304964544
A-7c4956,Company_254,DevTools,US,2023-05-06,ads,Enterprise,5,False,True,S-06e837,2023-12-17,2024-03-29,0,0,False,False,annual,True,28.0,1.0,3.0,3.9875177304964544
A-7c4956,Company_254,DevTools,US,2023-05-06,ads,Enterprise,5,False,True,S-8ec197,2023-11-02,2024-10-10,0,0,False,False,monthly,True,76.0,8.0,3.0,3.9875177304964544
A-7c4956,Company_254,DevTools,US,2023-05-06,ads,Enterprise,5,False,True,S-b5035b,2023-12-28,,995,11940,False,False,monthly,True,78.0,7.0,3.0,3.9875177304964544
A-7c4956,Company_254,DevTools,US,2023-05-06,ads,Enterprise,5,False,True,S-0b059f,2023-07-10,2023-11-30,95,1140,False,False,monthly,False,63.0,5.0,3.0,3.9875177304964544
A-7c4956,Company_254,DevTools,US,2023-05-06,ads,Enterprise,5,False,True,S-6fde5e,2024-12-20,,513,6156,False,False,annual,True,84.0,5.0,3.0,3.9875177304964544
A-7c4956,Company_254,DevTools,US,2023-05-06,ads,Enterprise,5,False,True,S-a9a5a1,2023-06-05,,171,2052,False,False,monthly,False,6.0,3.0,3.0,3.9875177304964544
A-0651a4,Company_255,HealthTech,FR,2024-10-16,organic,Pro,16,False,False,S-8c10c1,2024-12-25,,12935,155220,False,False,annual,True,49.0,5.0,4.0,3.9906382978723407
A-0651a4,Company_255,HealthTech,FR,2024-10-16,organic,Pro,16,False,False,S-c9da7a,2024-11-10,,304,3648,False,False,monthly,True,39.0,0.0,4.0,3.9906382978723407
A-0651a4,Company_255,HealthTech,FR,2024-10-16,organic,Pro,16,False,False,S-1ebe39,2024-11-02,,3781,45372,False,False,annual,True,21.0,4.0,4.0,3.9906382978723407
A-0651a4,Company_255,HealthTech,FR,2024-10-16,organic,Pro,16,False,False,S-86fd71,2024-10-27,,11940,143280,False,False,annual,True,88.0,2.0,4.0,3.9906382978723407
A-0651a4,Company_255,HealthTech,FR,2024-10-16,organic,Pro,16,False,False,S-e62fc9,2024-12-23,,784,9408,False,False,monthly,False,67.0,2.0,4.0,3.9906382978723407
A-0651a4,Company_255,HealthTech,FR,2024-10-16,organic,Pro,16,False,False,S-d44088,2024-12-21,2024-12-23,0,0,False,False,annual,True,22.0,4.0,4.0,3.9906382978723407
A-0651a4,Company_255,HealthTech,FR,2024-10-16,organic,Pro,16,False,False,S-1bbdb1,2024-12-13,,0,0,False,False,annual,False,70.0,1.0,4.0,3.9906382978723407
A-0651a4,Company_255,HealthTech,FR,2024-10-16,organic,Pro,16,False,False,S-4b7873,2024-11-25,,304,3648,False,False,annual,True,52.0,3.0,4.0,3.9906382978723407
A-0651a4,Company_255,HealthTech,FR,2024-10-16,organic,Pro,16,False,False,S-16486d,2024-12-15,,784,9408,False,False,monthly,True,41.0,0.0,4.0,3.9906382978723407
A-0651a4,Company_255,HealthTech,FR,2024-10-16,organic,Pro,16,False,False,S-7fa78f,2024-12-13,,3184,38208,False,False,monthly,True,26.0,4.0,4.0,3.9906382978723407
A-0651a4,Company_255,HealthTech,FR,2024-10-16,organic,Pro,16,False,False,S-f409d8,2024-12-04,,3184,38208,False,False,annual,True,66.0,0.0,4.0,3.9906382978723407
A-0651a4,Company_255,HealthTech,FR,2024-10-16,organic,Pro,16,False,False,S-8ea942,2024-12-19,,0,0,False,False,annual,True,38.0,5.0,4.0,3.9906382978723407
A-0651a4,Company_255,HealthTech,FR,2024-10-16,organic,Pro,16,False,False,S-82b11e,2024-12-06,,399,4788,False,False,annual,True,58.0,5.0,4.0,3.9906382978723407
A-0651a4,Company_255,HealthTech,FR,2024-10-16,organic,Pro,16,False,False,S-e1820e,2024-11-24,,3781,45372,False,False,annual,True,33.0,0.0,4.0,3.9906382978723407
A-0651a4,Company_255,HealthTech,FR,2024-10-16,organic,Pro,16,False,False,S-510009,2024-11-16,,3184,38208,False,False,monthly,True,35.0,2.0,4.0,3.9906382978723407
A-3ce5b8,Company_256,FinTech,IN,2023-09-07,ads,Basic,8,False,True,S-dabcd2,2024-09-22,,0,0,False,False,monthly,True,85.0,4.0,10.0,3.7943829787234042
A-3ce5b8,Company_256,FinTech,IN,2023-09-07,ads,Basic,8,False,True,S-dc7143,2024-04-28,,2786,33432,False,False,monthly,True,57.0,0.0,10.0,3.7943829787234042
A-3ce5b8,Company_256,FinTech,IN,2023-09-07,ads,Basic,8,False,True,S-e32bf8,2024-06-05,,1592,19104,False,False,annual,True,54.0,3.0,10.0,3.7943829787234042
A-3ce5b8,Company_256,FinTech,IN,2023-09-07,ads,Basic,8,False,True,S-e11518,2023-12-15,,9261,111132,False,False,annual,True,31.0,1.0,10.0,3.7943829787234042
A-3ce5b8,Company_256,FinTech,IN,2023-09-07,ads,Basic,8,False,True,S-2f7250,2024-03-05,,1764,21168,False,False,monthly,True,64.0,1.0,10.0,3.7943829787234042
A-3ce5b8,Company_256,FinTech,IN,2023-09-07,ads,Basic,8,False,True,S-b32a70,2024-09-30,,152,1824,False,False,monthly,True,66.0,7.0,10.0,3.7943829787234042
A-3ce5b8,Company_256,FinTech,IN,2023-09-07,ads,Basic,8,False,True,S-b991d2,2024-02-17,,392,4704,False,False,annual,True,54.0,5.0,10.0,3.7943829787234042
A-3ce5b8,Company_256,FinTech,IN,2023-09-07,ads,Basic,8,False,True,S-c48d0d,2024-05-22,,703,8436,False,False,annual,True,53.0,1.0,10.0,3.7943829787234042
A-3ce5b8,Company_256,FinTech,IN,2023-09-07,ads,Basic,8,False,True,S-e4a862,2024-10-03,,0,0,False,False,annual,True,45.0,7.0,10.0,3.7943829787234042
A-bd4708,Company_257,FinTech,US,2024-07-21,ads,Pro,37,True,False,S-72b92f,2024-12-14,,7363,88356,False,False,monthly,False,10.0,1.0,4.0,3.7406382978723407
A-bd4708,Company_257,FinTech,US,2024-07-21,ads,Pro,37,True,False,S-8e6903,2024-09-15,,703,8436,False,False,monthly,False,71.0,4.0,4.0,3.7406382978723407
A-bd4708,Company_257,FinTech,US,2024-07-21,ads,Pro,37,True,False,S-bd1ee1,2024-12-18,,7363,88356,False,False,monthly,True,118.0,1.0,4.0,3.7406382978723407
A-bd4708,Company_257,FinTech,US,2024-07-21,ads,Pro,37,True,False,S-e83351,2024-10-02,,3381,40572,True,False,annual,True,40.0,3.0,4.0,3.7406382978723407
A-bd4708,Company_257,FinTech,US,2024-07-21,ads,Pro,37,True,False,S-02949d,2024-12-02,,1813,21756,False,False,annual,True,90.0,7.0,4.0,3.7406382978723407
A-bd4708,Company_257,FinTech,US,2024-07-21,ads,Pro,37,True,False,S-651c01,2024-08-28,,0,0,False,False,annual,True,24.0,1.0,4.0,3.7406382978723407
A-bd4708,Company_257,FinTech,US,2024-07-21,ads,Pro,37,True,False,S-71d31c,2024-12-16,,0,0,False,False,annual,False,19.0,4.0,4.0,3.7406382978723407
A-bd4708,Company_257,FinTech,US,2024-07-21,ads,Pro,37,True,False,S-b18d59,2024-10-20,,1813,21756,False,False,annual,True,53.0,1.0,4.0,3.7406382978723407
A-bd4708,Company_257,FinTech,US,2024-07-21,ads,Pro,37,True,False,S-c021c2,2024-07-24,,7363,88356,False,False,annual,True,38.0,1.0,4.0,3.7406382978723407
A-bd4708,Company_257,FinTech,US,2024-07-21,ads,Pro,37,True,False,S-684915,2024-12-05,,0,0,False,False,annual,True,69.0,6.0,4.0,3.7406382978723407
A-bd4708,Company_257,FinTech,US,2024-07-21,ads,Pro,37,True,False,S-70c734,2024-09-05,,1813,21756,False,False,annual,True,50.0,1.0,4.0,3.7406382978723407
A-bd4708,Company_257,FinTech,US,2024-07-21,ads,Pro,37,True,False,S-3b0fbb,2024-10-12,,0,0,False,False,annual,False,27.0,0.0,4.0,3.7406382978723407
A-bd4708,Company_257,FinTech,US,2024-07-21,ads,Pro,37,True,False,S-d302e2,2024-08-31,,7363,88356,False,False,annual,True,44.0,0.0,4.0,3.7406382978723407
A-993085,Company_258,HealthTech,US,2023-06-01,ads,Basic,31,True,False,S-73a4e4,2024-09-09,,1519,18228,False,False,monthly,True,58.0,4.0,4.0,3.7406382978723407
A-993085,Company_258,HealthTech,US,2023-06-01,ads,Basic,31,True,False,S-22f848,2023-10-15,,9751,117012,False,False,annual,True,86.0,1.0,4.0,3.7406382978723407
A-993085,Company_258,HealthTech,US,2023-06-01,ads,Basic,31,True,False,S-d74a31,2024-09-23,,1617,19404,False,False,monthly,True,49.0,8.0,4.0,3.7406382978723407
A-993085,Company_258,HealthTech,US,2023-06-01,ads,Basic,31,True,False,S-648e54,2024-06-28,,1519,18228,True,False,monthly,True,52.0,0.0,4.0,3.7406382978723407
A-993085,Company_258,HealthTech,US,2023-06-01,ads,Basic,31,True,False,S-53d6be,2024-05-11,,0,0,False,False,monthly,True,8.0,0.0,4.0,3.7406382978723407
A-993085,Company_258,HealthTech,US,2023-06-01,ads,Basic,31,True,False,S-b76de2,2023-08-18,,1519,18228,False,False,annual,True,40.0,1.0,4.0,3.7406382978723407
A-993085,Company_258,HealthTech,US,2023-06-01,ads,Basic,31,True,False,S-0d93fe,2023-08-09,,589,7068,False,False,monthly,True,67.0,6.0,4.0,3.7406382978723407
A-993085,Company_258,HealthTech,US,2023-06-01,ads,Basic,31,True,False,S-408c2f,2023-11-23,,589,7068,False,False,annual,True,26.0,5.0,4.0,3.7406382978723407
A-993085,Company_258,HealthTech,US,2023-06-01,ads,Basic,31,True,False,S-f5bef8,2023-09-22,,7960,95520,False,True,monthly,True,66.0,8.0,4.0,3.7406382978723407
A-993085,Company_258,HealthTech,US,2023-06-01,ads,Basic,31,True,False,S-a80511,2024-09-14,,1519,18228,False,False,annual,True,68.0,5.0,4.0,3.7406382978723407
A-993085,Company_258,HealthTech,US,2023-06-01,ads,Basic,31,True,False,S-41bb1b,2024-08-17,,589,7068,False,False,annual,True,13.0,0.0,4.0,3.7406382978723407
A-993085,Company_258,HealthTech,US,2023-06-01,ads,Basic,31,True,False,S-532e80,2023-09-30,,6169,74028,False,False,annual,False,13.0,1.0,4.0,3.7406382978723407
A-993085,Company_258,HealthTech,US,2023-06-01,ads,Basic,31,True,False,S-44ed0c,2023-10-30,,6169,74028,False,True,annual,False,41.0,5.0,4.0,3.7406382978723407
A-993085,Company_258,HealthTech,US,2023-06-01,ads,Basic,31,True,False,S-907e70,2023-08-05,,589,7068,False,False,monthly,True,47.0,2.0,4.0,3.7406382978723407
A-993085,Company_258,HealthTech,US,2023-06-01,ads,Basic,31,True,False,S-0455a5,2024-10-22,2024-11-10,8358,100296,True,False,monthly,False,31.0,4.0,4.0,3.7406382978723407
A-92a3af,Company_259,Cybersecurity,IN,2024-07-07,organic,Enterprise,25,False,False,S-c005ac,2024-09-18,,4975,59700,False,False,annual,True,61.0,8.0,4.0,3.9906382978723407
A-92a3af,Company_259,Cybersecurity,IN,2024-07-07,organic,Enterprise,25,False,False,S-9a065e,2024-11-24,,1225,14700,False,False,monthly,True,16.0,4.0,4.0,3.9906382978723407
A-92a3af,Company_259,Cybersecurity,IN,2024-07-07,organic,Enterprise,25,False,False,S-2a9676,2024-07-23,,1225,14700,False,False,annual,True,59.0,5.0,4.0,3.9906382978723407
A-92a3af,Company_259,Cybersecurity,IN,2024-07-07,organic,Enterprise,25,False,False,S-1ad030,2024-09-01,,4975,59700,False,False,annual,False,71.0,3.0,4.0,3.9906382978723407
A-92a3af,Company_259,Cybersecurity,IN,2024-07-07,organic,Enterprise,25,False,False,S-22cbb3,2024-10-30,,3773,45276,False,True,monthly,False,50.0,2.0,4.0,3.9906382978723407
A-92a3af,Company_259,Cybersecurity,IN,2024-07-07,organic,Enterprise,25,False,False,S-19858e,2024-09-17,,1470,17640,False,True,annual,True,103.0,7.0,4.0,3.9906382978723407
A-92a3af,Company_259,Cybersecurity,IN,2024-07-07,organic,Enterprise,25,False,False,S-e874c1,2024-07-24,,1666,19992,False,False,monthly,False,84.0,1.0,4.0,3.9906382978723407
A-92a3af,Company_259,Cybersecurity,IN,2024-07-07,organic,Enterprise,25,False,False,S-6a9918,2024-11-07,,6965,83580,False,False,annual,False,99.0,9.0,4.0,3.9906382978723407
A-92a3af,Company_259,Cybersecurity,IN,2024-07-07,organic,Enterprise,25,False,False,S-75c438,2024-08-14,,1666,19992,False,False,monthly,True,65.0,7.0,4.0,3.9906382978723407
A-92a3af,Company_259,Cybersecurity,IN,2024-07-07,organic,Enterprise,25,False,False,S-b18409,2024-10-26,,1225,14700,False,False,monthly,True,77.0,6.0,4.0,3.9906382978723407
A-92a3af,Company_259,Cybersecurity,IN,2024-07-07,organic,Enterprise,25,False,False,S-7d5bf1,2024-09-19,,5373,64476,False,False,monthly,True,29.0,3.0,4.0,3.9906382978723407
A-151c9a,Company_260,FinTech,US,2023-01-27,ads,Enterprise,23,False,False,S-da9f05,2023-05-08,,1127,13524,False,True,annual,True,69.0,2.0,2.0,3.5
A-151c9a,Company_260,FinTech,US,2023-01-27,ads,Enterprise,23,False,False,S-c033fa,2024-06-26,,2548,30576,False,False,monthly,False,68.0,4.0,2.0,3.5
A-151c9a,Company_260,FinTech,US,2023-01-27,ads,Enterprise,23,False,False,S-f9e2ca,2024-06-10,,4577,54924,False,False,annual,True,62.0,5.0,2.0,3.5
A-151c9a,Company_260,FinTech,US,2023-01-27,ads,Enterprise,23,False,False,S-909612,2024-02-10,,4577,54924,False,False,monthly,True,86.0,0.0,2.0,3.5
A-151c9a,Company_260,FinTech,US,2023-01-27,ads,Enterprise,23,False,False,S-f24609,2023-07-14,,1421,17052,False,False,monthly,True,81.0,3.0,2.0,3.5
A-474ad4,Company_261,EdTech,US,2023-11-28,organic,Basic,8,False,False,S-3660bb,2024-12-14,,0,0,False,False,monthly,False,29.0,1.0,3.0,4.320851063829788
A-474ad4,Company_261,EdTech,US,2023-11-28,organic,Basic,8,False,False,S-8a9db8,2024-11-30,2024-12-07,1592,19104,False,False,annual,True,36.0,4.0,3.0,4.320851063829788
A-474ad4,Company_261,EdTech,US,2023-11-28,organic,Basic,8,False,False,S-40cbc0,2024-04-18,,152,1824,False,False,annual,True,63.0,7.0,3.0,4.320851063829788
A-474ad4,Company_261,EdTech,US,2023-11-28,organic,Basic,8,False,False,S-381917,2024-07-02,,833,9996,False,False,monthly,True,55.0,4.0,3.0,4.320851063829788
A-474ad4,Company_261,EdTech,US,2023-11-28,organic,Basic,8,False,False,S-383fc5,2024-07-03,,0,0,False,False,monthly,True,66.0,3.0,3.0,4.320851063829788
A-474ad4,Company_261,EdTech,US,2023-11-28,organic,Basic,8,False,False,S-80f65d,2024-01-06,,437,5244,False,False,monthly,True,22.0,0.0,3.0,4.320851063829788
A-474ad4,Company_261,EdTech,US,2023-11-28,organic,Basic,8,False,False,S-504bce,2024-11-28,2024-12-30,0,0,False,False,annual,True,76.0,6.0,3.0,4.320851063829788
A-474ad4,Company_261,EdTech,US,2023-11-28,organic,Basic,8,False,False,S-7eb81c,2024-01-15,,392,4704,False,False,monthly,False,25.0,2.0,3.0,4.320851063829788
A-474ad4,Company_261,EdTech,US,2023-11-28,organic,Basic,8,False,False,S-1224ea,2023-12-10,,0,0,False,False,monthly,True,24.0,1.0,3.0,4.320851063829788
A-474ad4,Company_261,EdTech,US,2023-11-28,organic,Basic,8,False,False,S-b5a1a0,2023-12-04,,190,2280,True,True,annual,True,33.0,2.0,3.0,4.320851063829788
A-474ad4,Company_261,EdTech,US,2023-11-28,organic,Basic,8,False,False,S-e76552,2024-09-13,,392,4704,False,False,monthly,False,22.0,5.0,3.0,4.320851063829788
A-474ad4,Company_261,EdTech,US,2023-11-28,organic,Basic,8,False,False,S-e7cb68,2024-01-29,,441,5292,False,False,annual,True,51.0,2.0,3.0,4.320851063829788
A-474ad4,Company_261,EdTech,US,2023-11-28,organic,Basic,8,False,False,S-79e254,2024-03-23,,2597,31164,False,False,annual,False,56.0,3.0,3.0,4.320851063829788
A-474ad4,Company_261,EdTech,US,2023-11-28,organic,Basic,8,False,False,S-7d4d45,2023-12-20,,323,3876,False,False,annual,True,38.0,5.0,3.0,4.320851063829788
A-474ad4,Company_261,EdTech,US,2023-11-28,organic,Basic,8,False,False,S-d88b25,2024-12-29,,4776,57312,False,False,annual,False,9.0,0.0,3.0,4.320851063829788
A-4ef964,Company_262,HealthTech,US,2024-03-07,organic,Pro,17,False,False,S-03340d,2024-04-01,,3383,40596,False,False,annual,False,91.0,5.0,3.0,3.993758865248227
A-4ef964,Company_262,HealthTech,US,2024-03-07,organic,Pro,17,False,False,S-a04ec4,2024-06-17,,833,9996,False,False,annual,True,42.0,4.0,3.0,3.993758865248227
A-4ef964,Company_262,HealthTech,US,2024-03-07,organic,Pro,17,False,False,S-6a7c79,2024-08-28,,0,0,False,False,monthly,True,43.0,1.0,3.0,3.993758865248227
A-4ef964,Company_262,HealthTech,US,2024-03-07,organic,Pro,17,False,False,S-d88f58,2024-11-11,,323,3876,False,False,monthly,True,62.0,5.0,3.0,3.993758865248227
A-4ef964,Company_262,HealthTech,US,2024-03-07,organic,Pro,17,False,False,S-c1164e,2024-09-06,,3430,41160,False,False,monthly,False,5.0,1.0,3.0,3.993758865248227
A-4ef964,Company_262,HealthTech,US,2024-03-07,organic,Pro,17,False,False,S-a36a36,2024-05-01,,833,9996,False,False,annual,False,69.0,8.0,3.0,3.993758865248227
A-4ef964,Company_262,HealthTech,US,2024-03-07,organic,Pro,17,False,False,S-eb23dd,2024-09-27,2024-10-29,722,8664,False,False,monthly,True,75.0,2.0,3.0,3.993758865248227
A-4ef964,Company_262,HealthTech,US,2024-03-07,organic,Pro,17,False,False,S-804a70,2024-07-28,,3383,40596,False,False,monthly,True,77.0,1.0,3.0,3.993758865248227
A-4ef964,Company_262,HealthTech,US,2024-03-07,organic,Pro,17,False,False,S-7d651b,2024-11-15,,1372,16464,False,False,monthly,True,23.0,6.0,3.0,3.993758865248227
A-fd9422,Company_263,Cybersecurity,US,2024-04-04,organic,Pro,58,False,False,S-b03125,2024-12-20,,2842,34104,False,True,annual,True,119.0,10.0,6.0,3.5
A-fd9422,Company_263,Cybersecurity,US,2024-04-04,organic,Pro,58,False,False,S-c15fcc,2024-08-25,2024-10-02,1102,13224,False,False,monthly,False,48.0,1.0,6.0,3.5
A-fd9422,Company_263,Cybersecurity,US,2024-04-04,organic,Pro,58,False,False,S-a57b2c,2024-12-11,,0,0,False,False,annual,True,45.0,2.0,6.0,3.5
A-fd9422,Company_263,Cybersecurity,US,2024-04-04,organic,Pro,58,False,False,S-aaf1d0,2024-07-12,,0,0,False,False,monthly,False,42.0,0.0,6.0,3.5
A-fd9422,Company_263,Cybersecurity,US,2024-04-04,organic,Pro,58,False,False,S-c8fedf,2024-11-01,,11542,138504,False,False,monthly,True,37.0,0.0,6.0,3.5
A-fd9422,Company_263,Cybersecurity,US,2024-04-04,organic,Pro,58,False,False,S-a7a9c3,2024-10-01,,1102,13224,False,False,annual,True,45.0,3.0,6.0,3.5
A-fd9422,Company_263,Cybersecurity,US,2024-04-04,organic,Pro,58,False,False,S-ce5fb5,2024-11-25,,0,0,False,False,monthly,True,48.0,1.0,6.0,3.5
A-fd9422,Company_263,Cybersecurity,US,2024-04-04,organic,Pro,58,False,False,S-f9cb96,2024-05-09,,11542,138504,True,False,annual,True,48.0,4.0,6.0,3.5
A-fd9422,Company_263,Cybersecurity,US,2024-04-04,organic,Pro,58,False,False,S-641794,2024-05-08,,0,0,False,False,annual,True,24.0,0.0,6.0,3.5
A-0baac2,Company_264,FinTech,DE,2024-05-30,organic,Enterprise,14,False,True,S-afc545,2024-10-14,,627,7524,False,False,annual,True,28.0,0.0,6.0,4.157304964539008
A-0baac2,Company_264,FinTech,DE,2024-05-30,organic,Enterprise,14,False,True,S-e50d84,2024-12-11,,2786,33432,False,False,annual,True,27.0,1.0,6.0,4.157304964539008
A-0baac2,Company_264,FinTech,DE,2024-05-30,organic,Enterprise,14,False,True,S-33df6f,2024-12-11,2024-12-12,2786,33432,False,False,monthly,True,36.0,1.0,6.0,4.157304964539008
A-0baac2,Company_264,FinTech,DE,2024-05-30,organic,Enterprise,14,False,True,S-1fabe5,2024-12-10,,361,4332,False,False,monthly,True,19.0,0.0,6.0,4.157304964539008
A-0baac2,Company_264,FinTech,DE,2024-05-30,organic,Enterprise,14,False,True,S-21ebb6,2024-10-27,,6169,74028,False,False,annual,True,65.0,5.0,6.0,4.157304964539008
A-0baac2,Company_264,FinTech,DE,2024-05-30,organic,Enterprise,14,False,True,S-3c3a3e,2024-06-02,2024-09-13,5771,69252,False,False,annual,True,27.0,2.0,6.0,4.157304964539008
A-bb1486,Company_265,HealthTech,US,2024-11-05,organic,Basic,41,False,False,S-bae2c4,2024-12-25,,3283,39396,False,False,annual,True,16.0,0.0,3.0,3.654184397163121
A-bb1486,Company_265,HealthTech,US,2024-11-05,organic,Basic,41,False,False,S-7f7e38,2024-11-13,,2058,24696,False,False,monthly,True,40.0,4.0,3.0,3.654184397163121
A-bb1486,Company_265,HealthTech,US,2024-11-05,organic,Basic,41,False,False,S-6e5a3d,2024-11-23,,2009,24108,False,False,annual,True,56.0,2.0,3.0,3.654184397163121
A-bb1486,Company_265,HealthTech,US,2024-11-05,organic,Basic,41,False,False,S-ed61a2,2024-11-17,,3381,40572,False,False,monthly,True,44.0,4.0,3.0,3.654184397163121
A-bb1486,Company_265,HealthTech,US,2024-11-05,organic,Basic,41,False,False,S-58ccb4,2024-11-18,,2009,24108,False,True,monthly,True,101.0,14.0,3.0,3.654184397163121
A-bb1486,Company_265,HealthTech,US,2024-11-05,organic,Basic,41,False,False,S-551502,2024-12-09,,779,9348,False,False,monthly,False,45.0,3.0,3.0,3.654184397163121
A-bb1486,Company_265,HealthTech,US,2024-11-05,organic,Basic,41,False,False,S-62fa42,2024-12-06,2024-12-19,779,9348,False,True,annual,False,39.0,6.0,3.0,3.654184397163121
A-bb1486,Company_265,HealthTech,US,2024-11-05,organic,Basic,41,False,False,S-a19f87,2024-12-18,,2009,24108,False,False,annual,True,64.0,3.0,3.0,3.654184397163121
A-560d27,Company_266,DevTools,US,2024-05-05,organic,Pro,23,False,False,S-5d299e,2024-10-25,,4577,54924,False,False,monthly,True,51.0,0.0,4.0,3.7453191489361704
A-560d27,Company_266,DevTools,US,2024-05-05,organic,Pro,23,False,False,S-214d98,2024-06-01,,1127,13524,False,False,annual,False,71.0,4.0,4.0,3.7453191489361704
A-560d27,Company_266,DevTools,US,2024-05-05,organic,Pro,23,False,False,S-6f6fca,2024-11-07,,0,0,True,False,annual,True,66.0,3.0,4.0,3.7453191489361704
A-560d27,Company_266,DevTools,US,2024-05-05,organic,Pro,23,False,False,S-cb54dc,2024-11-17,,0,0,False,False,annual,False,77.0,10.0,4.0,3.7453191489361704
A-560d27,Company_266,DevTools,US,2024-05-05,organic,Pro,23,False,False,S-1bc5a4,2024-07-31,,4577,54924,False,False,monthly,False,13.0,0.0,4.0,3.7453191489361704
A-560d27,Company_266,DevTools,US,2024-05-05,organic,Pro,23,False,False,S-d3f138,2024-10-21,2024-11-18,4577,54924,False,False,monthly,False,28.0,0.0,4.0,3.7453191489361704
A-560d27,Company_266,DevTools,US,2024-05-05,organic,Pro,23,False,False,S-6e8126,2024-11-04,,437,5244,False,False,annual,False,60.0,3.0,4.0,3.7453191489361704
A-560d27,Company_266,DevTools,US,2024-05-05,organic,Pro,23,False,False,S-a603dd,2024-11-12,,437,5244,False,False,monthly,True,84.0,4.0,4.0,3.7453191489361704
A-560d27,Company_266,DevTools,US,2024-05-05,organic,Pro,23,False,False,S-899319,2024-07-23,,11343,136116,False,False,monthly,True,32.0,7.0,4.0,3.7453191489361704
A-560d27,Company_266,DevTools,US,2024-05-05,organic,Pro,23,False,False,S-0cb4fe,2024-05-31,,14129,169548,False,False,monthly,True,35.0,2.0,4.0,3.7453191489361704
A-560d27,Company_266,DevTools,US,2024-05-05,organic,Pro,23,False,False,S-f3f2bd,2024-12-17,,0,0,False,False,annual,True,34.0,2.0,4.0,3.7453191489361704
A-560d27,Company_266,DevTools,US,2024-05-05,organic,Pro,23,False,False,S-f76252,2024-10-07,,437,5244,False,False,annual,True,36.0,3.0,4.0,3.7453191489361704
A-0b0d6d,Company_267,DevTools,US,2024-12-30,organic,Pro,3,False,False,S-a69aed,2024-12-30,,57,684,False,False,monthly,True,76.0,14.0,5.0,3.988765957446809
A-0b0d6d,Company_267,DevTools,US,2024-12-30,organic,Pro,3,False,False,S-b35b20,2024-12-31,,147,1764,True,False,monthly,True,97.0,7.0,5.0,3.988765957446809
A-0b0d6d,Company_267,DevTools,US,2024-12-30,organic,Pro,3,False,False,S-a405f7,2024-12-30,,1078,12936,False,False,annual,True,30.0,1.0,5.0,3.988765957446809
A-0b0d6d,Company_267,DevTools,US,2024-12-30,organic,Pro,3,False,False,S-b81c97,2024-12-31,,882,10584,False,False,monthly,True,65.0,2.0,5.0,3.988765957446809
A-0b0d6d,Company_267,DevTools,US,2024-12-30,organic,Pro,3,False,False,S-246942,2024-12-31,,8955,107460,False,False,monthly,True,33.0,1.0,5.0,3.988765957446809
A-0b0d6d,Company_267,DevTools,US,2024-12-30,organic,Pro,3,False,False,S-3236ee,2024-12-31,,247,2964,False,False,monthly,True,50.0,4.0,5.0,3.988765957446809
A-0b0d6d,Company_267,DevTools,US,2024-12-30,organic,Pro,3,False,False,S-6ef81d,2024-12-30,2024-12-31,475,5700,False,False,annual,True,30.0,4.0,5.0,3.988765957446809
A-0b0d6d,Company_267,DevTools,US,2024-12-30,organic,Pro,3,False,False,S-7e145e,2024-12-31,,10348,124176,False,False,annual,True,30.0,0.0,5.0,3.988765957446809
A-0b0d6d,Company_267,DevTools,US,2024-12-30,organic,Pro,3,False,False,S-5e0619,2024-12-31,,294,3528,False,False,annual,True,68.0,10.0,5.0,3.988765957446809
A-0b0d6d,Company_267,DevTools,US,2024-12-30,organic,Pro,3,False,False,S-6f47c5,2024-12-31,2024-12-31,2587,31044,False,False,annual,True,27.0,1.0,5.0,3.988765957446809
A-0b0d6d,Company_267,DevTools,US,2024-12-30,organic,Pro,3,False,False,S-5c4dd7,2024-12-31,,1029,12348,False,False,annual,True,46.0,3.0,5.0,3.988765957446809
A-0b0d6d,Company_267,DevTools,US,2024-12-30,organic,Pro,3,False,False,S-196e49,2024-12-30,,228,2736,False,False,monthly,True,21.0,0.0,5.0,3.988765957446809
A-0b0d6d,Company_267,DevTools,US,2024-12-30,organic,Pro,3,False,False,S-ef2703,2024-12-30,,7164,85968,False,False,annual,True,9.0,1.0,5.0,3.988765957446809
A-2789e3,Company_268,FinTech,US,2024-09-14,partner,Enterprise,11,False,False,S-a805a5,2024-09-18,,627,7524,False,False,monthly,True,53.0,4.0,4.0,3.9953191489361704
A-2789e3,Company_268,FinTech,US,2024-09-14,partner,Enterprise,11,False,False,S-1cff18,2024-10-03,,209,2508,False,False,monthly,True,46.0,9.0,4.0,3.9953191489361704
A-2789e3,Company_268,FinTech,US,2024-09-14,partner,Enterprise,11,False,False,S-18f7e5,2024-12-04,,5970,71640,False,False,annual,True,38.0,3.0,4.0,3.9953191489361704
A-2789e3,Company_268,FinTech,US,2024-09-14,partner,Enterprise,11,False,False,S-5eb846,2024-12-10,,539,6468,False,False,monthly,False,34.0,6.0,4.0,3.9953191489361704
A-2789e3,Company_268,FinTech,US,2024-09-14,partner,Enterprise,11,False,False,S-d2fae0,2024-10-10,,0,0,False,False,monthly,True,59.0,1.0,4.0,3.9953191489361704
A-2789e3,Company_268,FinTech,US,2024-09-14,partner,Enterprise,11,False,False,S-bcbe03,2024-10-22,,209,2508,False,False,monthly,False,24.0,3.0,4.0,3.9953191489361704
A-2789e3,Company_268,FinTech,US,2024-09-14,partner,Enterprise,11,False,False,S-57f1a7,2024-11-06,,2189,26268,False,False,annual,True,78.0,5.0,4.0,3.9953191489361704
A-2789e3,Company_268,FinTech,US,2024-09-14,partner,Enterprise,11,False,False,S-0c91c4,2024-10-11,,2189,26268,False,True,annual,True,72.0,3.0,4.0,3.9953191489361704
A-2789e3,Company_268,FinTech,US,2024-09-14,partner,Enterprise,11,False,False,S-cf30e2,2024-12-14,,0,0,False,False,monthly,True,58.0,0.0,4.0,3.9953191489361704
A-2789e3,Company_268,FinTech,US,2024-09-14,partner,Enterprise,11,False,False,S-4e762d,2024-11-06,,12139,145668,False,False,annual,True,74.0,6.0,4.0,3.9953191489361704
A-2789e3,Company_268,FinTech,US,2024-09-14,partner,Enterprise,11,False,False,S-ada98e,2024-10-21,,209,2508,True,False,annual,True,78.0,5.0,4.0,3.9953191489361704
A-2789e3,Company_268,FinTech,US,2024-09-14,partner,Enterprise,11,False,False,S-c04755,2024-10-14,,209,2508,False,False,annual,True,66.0,0.0,4.0,3.9953191489361704
A-b07346,Company_269,HealthTech,US,2024-10-10,partner,Pro,51,False,True,S-fd04d6,2024-12-28,,0,0,False,False,annual,True,77.0,7.0,3.0,3.660425531914894
A-b07346,Company_269,HealthTech,US,2024-10-10,partner,Pro,51,False,True,S-bb45bb,2024-12-22,,10149,121788,False,False,annual,False,90.0,7.0,3.0,3.660425531914894
A-b07346,Company_269,HealthTech,US,2024-10-10,partner,Pro,51,False,True,S-bff4f8,2024-11-21,,10149,121788,False,False,annual,False,26.0,5.0,3.0,3.660425531914894
A-b07346,Company_269,HealthTech,US,2024-10-10,partner,Pro,51,False,True,S-da198f,2024-11-06,,969,11628,False,False,annual,True,97.0,2.0,3.0,3.660425531914894
A-b07346,Company_269,HealthTech,US,2024-10-10,partner,Pro,51,False,True,S-4484ae,2024-12-08,,10149,121788,True,False,monthly,True,36.0,1.0,3.0,3.660425531914894
A-902ef7,Company_270,HealthTech,US,2024-09-03,other,Enterprise,83,False,True,S-c7f564,2024-11-23,,0,0,True,False,annual,True,111.0,6.0,2.0,3.9906382978723407
A-902ef7,Company_270,HealthTech,US,2024-09-03,other,Enterprise,83,False,True,S-b6aabe,2024-12-25,,1577,18924,False,False,annual,True,11.0,3.0,2.0,3.9906382978723407
A-902ef7,Company_270,HealthTech,US,2024-09-03,other,Enterprise,83,False,True,S-8d8dd0,2024-09-30,,16517,198204,True,False,monthly,True,36.0,2.0,2.0,3.9906382978723407
A-902ef7,Company_270,HealthTech,US,2024-09-03,other,Enterprise,83,False,True,S-3012fa,2024-09-05,,4067,48804,False,False,annual,True,37.0,0.0,2.0,3.9906382978723407
A-902ef7,Company_270,HealthTech,US,2024-09-03,other,Enterprise,83,False,True,S-a9762e,2024-12-05,,4067,48804,False,False,annual,True,46.0,2.0,2.0,3.9906382978723407
A-902ef7,Company_270,HealthTech,US,2024-09-03,other,Enterprise,83,False,True,S-aad754,2024-11-07,,1577,18924,False,False,annual,True,100.0,7.0,2.0,3.9906382978723407
A-902ef7,Company_270,HealthTech,US,2024-09-03,other,Enterprise,83,False,True,S-39b5ce,2024-12-11,,16517,198204,False,False,annual,True,46.0,4.0,2.0,3.9906382978723407
A-902ef7,Company_270,HealthTech,US,2024-09-03,other,Enterprise,83,False,True,S-3ae7af,2024-12-18,,0,0,False,False,monthly,True,27.0,0.0,2.0,3.9906382978723407
A-20736a,Company_271,EdTech,IN,2024-03-16,organic,Enterprise,50,False,False,S-d2a604,2024-10-03,,2989,35868,False,True,monthly,True,31.0,3.0,4.0,3.75
A-20736a,Company_271,EdTech,IN,2024-03-16,organic,Enterprise,50,False,False,S-bedd26,2024-09-03,,9950,119400,False,False,monthly,True,87.0,5.0,4.0,3.75
A-20736a,Company_271,EdTech,IN,2024-03-16,organic,Enterprise,50,False,False,S-62f5b1,2024-11-23,,9950,119400,True,False,annual,True,45.0,2.0,4.0,3.75
A-20736a,Company_271,EdTech,IN,2024-03-16,organic,Enterprise,50,False,False,S-b95c5c,2024-10-13,,12736,152832,False,False,monthly,True,38.0,0.0,4.0,3.75
A-20736a,Company_271,EdTech,IN,2024-03-16,organic,Enterprise,50,False,False,S-f9f7af,2024-08-07,,2450,29400,False,False,annual,True,105.0,6.0,4.0,3.75
A-20736a,Company_271,EdTech,IN,2024-03-16,organic,Enterprise,50,False,False,S-f32731,2024-10-02,,0,0,False,False,monthly,True,81.0,4.0,4.0,3.75
A-20736a,Company_271,EdTech,IN,2024-03-16,organic,Enterprise,50,False,False,S-f57b2b,2024-05-09,,2450,29400,False,False,annual,True,43.0,2.0,4.0,3.75
A-e4bf56,Company_272,HealthTech,IN,2024-10-28,ads,Pro,17,False,True,S-431c03,2024-12-02,2024-12-19,7363,88356,False,False,monthly,True,40.0,1.0,8.0,3.7453191489361704
A-e4bf56,Company_272,HealthTech,IN,2024-10-28,ads,Pro,17,False,True,S-478ae9,2024-11-26,,1715,20580,False,True,monthly,False,32.0,4.0,8.0,3.7453191489361704
A-e4bf56,Company_272,HealthTech,IN,2024-10-28,ads,Pro,17,False,True,S-bba658,2024-12-17,,323,3876,False,False,monthly,False,73.0,1.0,8.0,3.7453191489361704
A-e4bf56,Company_272,HealthTech,IN,2024-10-28,ads,Pro,17,False,True,S-ed2bb5,2024-11-17,,3383,40596,False,False,monthly,True,30.0,2.0,8.0,3.7453191489361704
A-e4bf56,Company_272,HealthTech,IN,2024-10-28,ads,Pro,17,False,True,S-51569a,2024-12-25,,4378,52536,False,False,monthly,True,61.0,0.0,8.0,3.7453191489361704
A-e4bf56,Company_272,HealthTech,IN,2024-10-28,ads,Pro,17,False,True,S-aeec81,2024-12-12,,931,11172,False,False,monthly,False,43.0,2.0,8.0,3.7453191489361704
A-e4bf56,Company_272,HealthTech,IN,2024-10-28,ads,Pro,17,False,True,S-69fb37,2024-12-12,,833,9996,False,False,annual,True,60.0,0.0,8.0,3.7453191489361704
A-cea1f0,Company_273,FinTech,US,2024-04-07,event,Pro,8,False,True,S-c07ede,2024-10-07,,392,4704,False,False,annual,False,24.0,1.0,5.0,4.192510638297873
A-cea1f0,Company_273,FinTech,US,2024-04-07,event,Pro,8,False,True,S-2372d2,2024-12-22,,4179,50148,False,False,annual,False,28.0,3.0,5.0,4.192510638297873
A-cea1f0,Company_273,FinTech,US,2024-04-07,event,Pro,8,False,True,S-dbd6b9,2024-11-19,,0,0,False,False,annual,True,114.0,3.0,5.0,4.192510638297873
A-cea1f0,Company_273,FinTech,US,2024-04-07,event,Pro,8,False,True,S-e5efce,2024-08-06,,392,4704,False,False,annual,False,62.0,2.0,5.0,4.192510638297873
A-cea1f0,Company_273,FinTech,US,2024-04-07,event,Pro,8,False,True,S-7be132,2024-10-21,,266,3192,False,False,annual,True,56.0,0.0,5.0,4.192510638297873
A-cea1f0,Company_273,FinTech,US,2024-04-07,event,Pro,8,False,True,S-1d69ca,2024-06-24,,570,6840,False,False,monthly,False,21.0,2.0,5.0,4.192510638297873
A-cea1f0,Company_273,FinTech,US,2024-04-07,event,Pro,8,False,True,S-691d69,2024-10-18,,4378,52536,True,False,monthly,True,101.0,7.0,5.0,4.192510638297873
A-cea1f0,Company_273,FinTech,US,2024-04-07,event,Pro,8,False,True,S-8ebe58,2024-06-09,,0,0,False,False,annual,True,63.0,5.0,5.0,4.192510638297873
A-cea1f0,Company_273,FinTech,US,2024-04-07,event,Pro,8,False,True,S-9925b9,2024-06-01,,475,5700,False,True,annual,False,78.0,4.0,5.0,4.192510638297873
A-cea1f0,Company_273,FinTech,US,2024-04-07,event,Pro,8,False,True,S-b59bff,2024-12-27,,1592,19104,False,False,annual,False,39.0,1.0,5.0,4.192510638297873
A-ef84cf,Company_274,EdTech,US,2024-03-01,partner,Enterprise,8,False,False,S-9333c5,2024-06-06,2024-08-13,152,1824,False,False,annual,False,50.0,1.0,5.0,4.192510638297873
A-ef84cf,Company_274,EdTech,US,2024-03-01,partner,Enterprise,8,False,False,S-763d33,2024-07-25,,437,5244,False,True,annual,False,68.0,3.0,5.0,4.192510638297873
A-ef84cf,Company_274,EdTech,US,2024-03-01,partner,Enterprise,8,False,False,S-d5ac8c,2024-05-22,,6766,81192,False,False,annual,True,35.0,1.0,5.0,4.192510638297873
A-ef84cf,Company_274,EdTech,US,2024-03-01,partner,Enterprise,8,False,False,S-62fb8e,2024-03-12,,0,0,False,False,monthly,True,87.0,5.0,5.0,4.192510638297873
A-ef84cf,Company_274,EdTech,US,2024-03-01,partner,Enterprise,8,False,False,S-1ffdd8,2024-08-08,,152,1824,False,False,monthly,True,69.0,1.0,5.0,4.192510638297873
A-d49cc5,Company_275,Cybersecurity,FR,2023-09-19,event,Basic,50,False,False,S-101201,2024-02-13,,950,11400,False,False,annual,True,49.0,5.0,4.0,4.240638297872341
A-d49cc5,Company_275,Cybersecurity,FR,2023-09-19,event,Basic,50,False,False,S-34553e,2024-06-25,,950,11400,False,False,annual,False,44.0,3.0,4.0,4.240638297872341
A-d49cc5,Company_275,Cybersecurity,FR,2023-09-19,event,Basic,50,False,False,S-bc736c,2024-09-28,,950,11400,False,False,monthly,True,56.0,0.0,4.0,4.240638297872341
A-d49cc5,Company_275,Cybersecurity,FR,2023-09-19,event,Basic,50,False,False,S-aea1bf,2024-05-10,,2450,29400,False,False,monthly,True,83.0,10.0,4.0,4.240638297872341
A-d49cc5,Company_275,Cybersecurity,FR,2023-09-19,event,Basic,50,False,False,S-9c735f,2024-07-06,,950,11400,False,False,annual,True,25.0,4.0,4.0,4.240638297872341
A-d49cc5,Company_275,Cybersecurity,FR,2023-09-19,event,Basic,50,False,False,S-6b0a2f,2024-03-26,,2450,29400,False,False,annual,True,78.0,6.0,4.0,4.240638297872341
A-d49cc5,Company_275,Cybersecurity,FR,2023-09-19,event,Basic,50,False,False,S-d09309,2024-10-09,,3675,44100,False,False,monthly,True,27.0,2.0,4.0,4.240638297872341
A-d49cc5,Company_275,Cybersecurity,FR,2023-09-19,event,Basic,50,False,False,S-8317da,2024-12-10,,950,11400,False,False,monthly,True,74.0,4.0,4.0,4.240638297872341
A-67be94,Company_276,EdTech,US,2023-04-04,organic,Enterprise,26,False,False,S-51924b,2024-01-18,,1178,14136,False,False,annual,True,86.0,5.0,5.0,3.988765957446809
A-67be94,Company_276,EdTech,US,2023-04-04,organic,Enterprise,26,False,False,S-de9e50,2023-11-21,,779,9348,False,False,annual,True,83.0,2.0,5.0,3.988765957446809
A-67be94,Company_276,EdTech,US,2023-04-04,organic,Enterprise,26,False,False,S-b6e15a,2023-09-17,2024-02-18,7363,88356,False,False,monthly,False,57.0,3.0,5.0,3.988765957446809
A-67be94,Company_276,EdTech,US,2023-04-04,organic,Enterprise,26,False,False,S-a707da,2024-12-18,,1274,15288,True,False,monthly,True,29.0,4.0,5.0,3.988765957446809
A-67be94,Company_276,EdTech,US,2023-04-04,organic,Enterprise,26,False,False,S-28d64b,2024-04-03,,494,5928,False,False,monthly,True,57.0,2.0,5.0,3.988765957446809
A-67be94,Company_276,EdTech,US,2023-04-04,organic,Enterprise,26,False,False,S-d604ec,2023-08-29,,494,5928,False,False,monthly,True,64.0,1.0,5.0,3.988765957446809
A-67be94,Company_276,EdTech,US,2023-04-04,organic,Enterprise,26,False,False,S-58b1a2,2024-06-20,,10348,124176,False,False,monthly,True,40.0,0.0,5.0,3.988765957446809
A-4e960a,Company_277,FinTech,US,2024-01-17,other,Enterprise,12,True,True,S-327e7c,2024-02-07,,0,0,False,False,annual,True,29.0,2.0,6.0,3.9906382978723407
A-4e960a,Company_277,FinTech,US,2024-01-17,other,Enterprise,12,True,True,S-21e372,2024-09-23,,228,2736,False,False,monthly,True,27.0,0.0,6.0,3.9906382978723407
A-4e960a,Company_277,FinTech,US,2024-01-17,other,Enterprise,12,True,True,S-206227,2024-07-10,,2388,28656,False,True,monthly,True,91.0,4.0,6.0,3.9906382978723407
A-4e960a,Company_277,FinTech,US,2024-01-17,other,Enterprise,12,True,True,S-539566,2024-03-11,,228,2736,False,False,monthly,True,35.0,2.0,6.0,3.9906382978723407
A-4e960a,Company_277,FinTech,US,2024-01-17,other,Enterprise,12,True,True,S-0b054a,2024-06-01,,760,9120,False,False,annual,True,31.0,1.0,6.0,3.9906382978723407
A-4e960a,Company_277,FinTech,US,2024-01-17,other,Enterprise,12,True,True,S-2d63e2,2024-08-03,,588,7056,False,False,monthly,True,30.0,0.0,6.0,3.9906382978723407
A-4e960a,Company_277,FinTech,US,2024-01-17,other,Enterprise,12,True,True,S-51f213,2024-11-24,,588,7056,False,False,monthly,True,25.0,3.0,6.0,3.9906382978723407
A-4e960a,Company_277,FinTech,US,2024-01-17,other,Enterprise,12,True,True,S-a87ff6,2024-12-08,,228,2736,False,False,monthly,True,41.0,5.0,6.0,3.9906382978723407
A-4e960a,Company_277,FinTech,US,2024-01-17,other,Enterprise,12,True,True,S-2d7947,2024-06-04,,228,2736,False,False,annual,True,11.0,0.0,6.0,3.9906382978723407
A-4e960a,Company_277,FinTech,US,2024-01-17,other,Enterprise,12,True,True,S-183502,2024-04-11,,14129,169548,False,False,monthly,True,48.0,1.0,6.0,3.9906382978723407
A-4e960a,Company_277,FinTech,US,2024-01-17,other,Enterprise,12,True,True,S-82348a,2024-04-02,,0,0,False,False,annual,False,76.0,1.0,6.0,3.9906382978723407
A-4e960a,Company_277,FinTech,US,2024-01-17,other,Enterprise,12,True,True,S-79ef9b,2024-04-02,,4577,54924,False,False,annual,True,68.0,2.0,6.0,3.9906382978723407
A-c37cab,Company_278,Cybersecurity,UK,2024-07-29,event,Pro,13,False,False,S-2661dc,2024-08-07,,0,0,False,False,monthly,True,48.0,6.0,4.0,3.75
A-c37cab,Company_278,Cybersecurity,UK,2024-07-29,event,Pro,13,False,False,S-1e8c9e,2024-12-13,,637,7644,False,False,monthly,True,50.0,1.0,4.0,3.75
A-c37cab,Company_278,Cybersecurity,UK,2024-07-29,event,Pro,13,False,False,S-3b29ea,2024-11-26,,247,2964,False,False,monthly,False,75.0,2.0,4.0,3.75
A-c37cab,Company_278,Cybersecurity,UK,2024-07-29,event,Pro,13,False,False,S-05624a,2024-10-26,,637,7644,False,False,annual,True,67.0,0.0,4.0,3.75
A-c37cab,Company_278,Cybersecurity,UK,2024-07-29,event,Pro,13,False,False,S-a0f3f7,2024-07-30,,4179,50148,False,False,annual,True,101.0,7.0,4.0,3.75
A-c37cab,Company_278,Cybersecurity,UK,2024-07-29,event,Pro,13,False,False,S-b7c506,2024-09-27,,570,6840,False,False,monthly,True,16.0,2.0,4.0,3.75
A-c37cab,Company_278,Cybersecurity,UK,2024-07-29,event,Pro,13,False,False,S-9b8504,2024-10-19,,637,7644,False,True,annual,True,99.0,6.0,4.0,3.75
A-c37cab,Company_278,Cybersecurity,UK,2024-07-29,event,Pro,13,False,False,S-f4a4c8,2024-10-05,2024-12-13,19502,234024,True,False,monthly,True,39.0,7.0,4.0,3.75
A-c37cab,Company_278,Cybersecurity,UK,2024-07-29,event,Pro,13,False,False,S-a2e1dd,2024-08-10,2024-09-29,0,0,False,False,monthly,True,82.0,1.0,4.0,3.75
A-c37cab,Company_278,Cybersecurity,UK,2024-07-29,event,Pro,13,False,False,S-90a6c9,2024-10-18,,0,0,False,False,monthly,True,24.0,3.0,4.0,3.75
A-c37cab,Company_278,Cybersecurity,UK,2024-07-29,event,Pro,13,False,False,S-6bc703,2024-08-01,,2587,31044,False,False,monthly,True,55.0,3.0,4.0,3.75
A-c37cab,Company_278,Cybersecurity,UK,2024-07-29,event,Pro,13,False,False,S-cb853a,2024-12-17,,437,5244,False,False,annual,True,52.0,2.0,4.0,3.75
A-533452,Company_279,DevTools,AU,2024-11-12,organic,Pro,9,False,False,S-d97c5f,2024-11-25,,4949,59388,False,False,monthly,True,29.0,6.0,4.0,3.9906382978723407
A-533452,Company_279,DevTools,AU,2024-11-12,organic,Pro,9,False,False,S-8deb5f,2024-12-25,,988,11856,False,False,annual,False,69.0,3.0,4.0,3.9906382978723407
A-533452,Company_279,DevTools,AU,2024-11-12,organic,Pro,9,False,False,S-8ececc,2024-12-15,,441,5292,False,False,annual,True,25.0,2.0,4.0,3.9906382978723407
A-533452,Company_279,DevTools,AU,2024-11-12,organic,Pro,9,False,False,S-4c2f78,2024-11-24,,2499,29988,False,False,monthly,True,29.0,0.0,4.0,3.9906382978723407
A-533452,Company_279,DevTools,AU,2024-11-12,organic,Pro,9,False,False,S-ed7a72,2024-11-21,,1225,14700,False,False,monthly,True,38.0,1.0,4.0,3.9906382978723407
A-533452,Company_279,DevTools,AU,2024-11-12,organic,Pro,9,False,False,S-38b3b4,2024-11-28,,5174,62088,False,False,annual,True,81.0,5.0,4.0,3.9906382978723407
A-533452,Company_279,DevTools,AU,2024-11-12,organic,Pro,9,False,False,S-9bf16e,2024-11-23,2024-12-20,441,5292,False,False,monthly,True,67.0,13.0,4.0,3.9906382978723407
A-533452,Company_279,DevTools,AU,2024-11-12,organic,Pro,9,False,False,S-11d922,2024-11-28,,2985,35820,False,True,monthly,True,83.0,5.0,4.0,3.9906382978723407
A-533452,Company_279,DevTools,AU,2024-11-12,organic,Pro,9,False,False,S-151b22,2024-12-18,,171,2052,False,False,annual,True,74.0,1.0,4.0,3.9906382978723407
A-533452,Company_279,DevTools,AU,2024-11-12,organic,Pro,9,False,False,S-ac01fb,2024-11-27,,0,0,False,False,annual,True,48.0,5.0,4.0,3.9906382978723407
A-533452,Company_279,DevTools,AU,2024-11-12,organic,Pro,9,False,False,S-5daabf,2024-12-16,,1791,21492,True,True,monthly,True,52.0,3.0,4.0,3.9906382978723407
A-443b7c,Company_280,Cybersecurity,US,2024-09-06,other,Enterprise,1,False,True,S-f7fccd,2024-11-18,,0,0,True,False,annual,True,39.0,4.0,8.0,4.2429787234042555
A-443b7c,Company_280,Cybersecurity,US,2024-09-06,other,Enterprise,1,False,True,S-1e83a6,2024-12-29,,152,1824,False,False,annual,True,21.0,1.0,8.0,4.2429787234042555
A-443b7c,Company_280,Cybersecurity,US,2024-09-06,other,Enterprise,1,False,True,S-c9b181,2024-10-08,,1372,16464,True,False,monthly,True,24.0,3.0,8.0,4.2429787234042555
A-443b7c,Company_280,Cybersecurity,US,2024-09-06,other,Enterprise,1,False,True,S-2991c7,2024-11-11,,1862,22344,False,False,monthly,True,4.0,0.0,8.0,4.2429787234042555
A-443b7c,Company_280,Cybersecurity,US,2024-09-06,other,Enterprise,1,False,True,S-b6c0a0,2024-11-01,,57,684,False,False,monthly,True,34.0,1.0,8.0,4.2429787234042555
A-443b7c,Company_280,Cybersecurity,US,2024-09-06,other,Enterprise,1,False,True,S-851743,2024-10-27,,637,7644,True,False,monthly,True,42.0,3.0,8.0,4.2429787234042555
A-443b7c,Company_280,Cybersecurity,US,2024-09-06,other,Enterprise,1,False,True,S-166024,2024-10-20,,456,5472,False,False,monthly,True,42.0,1.0,8.0,4.2429787234042555
A-443b7c,Company_280,Cybersecurity,US,2024-09-06,other,Enterprise,1,False,True,S-39e396,2024-11-29,,152,1824,False,False,annual,True,57.0,1.0,8.0,4.2429787234042555
A-443b7c,Company_280,Cybersecurity,US,2024-09-06,other,Enterprise,1,False,True,S-d1a6c6,2024-12-26,2024-12-29,323,3876,False,False,monthly,False,21.0,0.0,8.0,4.2429787234042555
A-443b7c,Company_280,Cybersecurity,US,2024-09-06,other,Enterprise,1,False,True,S-fcc241,2024-09-25,,13930,167160,False,False,annual,True,47.0,0.0,8.0,4.2429787234042555
A-443b7c,Company_280,Cybersecurity,US,2024-09-06,other,Enterprise,1,False,True,S-7a1803,2024-10-26,,0,0,False,False,annual,True,54.0,1.0,8.0,4.2429787234042555
A-443b7c,Company_280,Cybersecurity,US,2024-09-06,other,Enterprise,1,False,True,S-f2dd76,2024-11-13,2024-11-21,0,0,False,False,monthly,False,25.0,0.0,8.0,4.2429787234042555
A-443b7c,Company_280,Cybersecurity,US,2024-09-06,other,Enterprise,1,False,True,S-c1c645,2024-10-06,,76,912,True,False,annual,True,76.0,6.0,8.0,4.2429787234042555
A-443b7c,Company_280,Cybersecurity,US,2024-09-06,other,Enterprise,1,False,True,S-af1def,2024-09-30,,684,8208,False,False,monthly,False,43.0,3.0,8.0,4.2429787234042555
A-443b7c,Company_280,Cybersecurity,US,2024-09-06,other,Enterprise,1,False,True,S-87d801,2024-09-16,,245,2940,False,False,monthly,True,46.0,3.0,8.0,4.2429787234042555
A-443b7c,Company_280,Cybersecurity,US,2024-09-06,other,Enterprise,1,False,True,S-fa92c5,2024-10-01,,4116,49392,False,False,monthly,True,43.0,2.0,8.0,4.2429787234042555
A-1f7acb,Company_281,FinTech,UK,2023-08-06,ads,Basic,64,True,False,S-96fb48,2024-08-27,,3136,37632,False,True,monthly,True,44.0,13.0,7.0,4.280364741641337
A-1f7acb,Company_281,FinTech,UK,2023-08-06,ads,Basic,64,True,False,S-e63c67,2024-07-03,,3136,37632,False,False,annual,True,127.0,12.0,7.0,4.280364741641337
A-1f7acb,Company_281,FinTech,UK,2023-08-06,ads,Basic,64,True,False,S-eb8b81,2023-10-31,,1216,14592,False,False,monthly,True,57.0,6.0,7.0,4.280364741641337
A-1f7acb,Company_281,FinTech,UK,2023-08-06,ads,Basic,64,True,False,S-3bc591,2024-06-03,,0,0,False,True,annual,False,73.0,2.0,7.0,4.280364741641337
A-1f7acb,Company_281,FinTech,UK,2023-08-06,ads,Basic,64,True,False,S-9fa49b,2023-09-01,,12736,152832,True,False,annual,False,81.0,4.0,7.0,4.280364741641337
A-1f7acb,Company_281,FinTech,UK,2023-08-06,ads,Basic,64,True,False,S-768196,2023-10-14,,1216,14592,False,False,monthly,True,38.0,2.0,7.0,4.280364741641337
A-1f7acb,Company_281,FinTech,UK,2023-08-06,ads,Basic,64,True,False,S-f4a3ac,2024-09-22,,12736,152832,False,False,annual,True,26.0,1.0,7.0,4.280364741641337
A-1f7acb,Company_281,FinTech,UK,2023-08-06,ads,Basic,64,True,False,S-2636a7,2024-07-05,,12736,152832,False,True,annual,True,64.0,7.0,7.0,4.280364741641337
A-f51f16,Company_282,HealthTech,US,2023-12-25,partner,Enterprise,1,False,False,S-03a97f,2024-03-15,,2940,35280,False,False,annual,True,46.0,6.0,4.0,3.4906382978723407
A-f51f16,Company_282,HealthTech,US,2023-12-25,partner,Enterprise,1,False,False,S-11d378,2024-02-18,,456,5472,True,False,monthly,True,24.0,0.0,4.0,3.4906382978723407
A-f51f16,Company_282,HealthTech,US,2023-12-25,partner,Enterprise,1,False,False,S-3fb291,2024-05-06,,7761,93132,False,False,annual,True,18.0,6.0,4.0,3.4906382978723407
A-f51f16,Company_282,HealthTech,US,2023-12-25,partner,Enterprise,1,False,False,S-35c7c8,2024-02-23,,76,912,False,False,monthly,True,67.0,3.0,4.0,3.4906382978723407
A-f51f16,Company_282,HealthTech,US,2023-12-25,partner,Enterprise,1,False,False,S-b94bce,2024-04-06,,0,0,False,False,monthly,True,64.0,4.0,4.0,3.4906382978723407
A-f51f16,Company_282,HealthTech,US,2023-12-25,partner,Enterprise,1,False,False,S-e90e70,2024-08-27,,38,456,False,False,annual,True,36.0,2.0,4.0,3.4906382978723407
A-f51f16,Company_282,HealthTech,US,2023-12-25,partner,Enterprise,1,False,False,S-109e0c,2024-03-14,,1990,23880,True,False,annual,True,54.0,0.0,4.0,3.4906382978723407
A-f51f16,Company_282,HealthTech,US,2023-12-25,partner,Enterprise,1,False,False,S-b120fb,2024-04-01,2024-08-23,49,588,False,False,annual,False,75.0,7.0,4.0,3.4906382978723407
A-5a3eb9,Company_283,DevTools,CA,2023-08-20,other,Enterprise,18,True,False,S-1cff77,2023-09-20,,3185,38220,False,False,annual,True,55.0,2.0,3.0,3.981276595744681
A-5a3eb9,Company_283,DevTools,CA,2023-08-20,other,Enterprise,18,True,False,S-75c1b4,2024-12-10,2024-12-28,882,10584,False,False,annual,True,47.0,1.0,3.0,3.981276595744681
A-5a3eb9,Company_283,DevTools,CA,2023-08-20,other,Enterprise,18,True,False,S-4fdfa3,2024-11-09,,3582,42984,False,False,monthly,True,77.0,7.0,3.0,3.981276595744681
A-5a3eb9,Company_283,DevTools,CA,2023-08-20,other,Enterprise,18,True,False,S-718bf5,2024-03-15,,882,10584,False,False,annual,True,54.0,2.0,3.0,3.981276595744681
A-5a3eb9,Company_283,DevTools,CA,2023-08-20,other,Enterprise,18,True,False,S-936e80,2023-09-21,,882,10584,False,False,annual,True,66.0,1.0,3.0,3.981276595744681
A-5a3eb9,Company_283,DevTools,CA,2023-08-20,other,Enterprise,18,True,False,S-2632a2,2024-03-15,,342,4104,False,True,annual,True,77.0,3.0,3.0,3.981276595744681
A-5a3eb9,Company_283,DevTools,CA,2023-08-20,other,Enterprise,18,True,False,S-4994d6,2024-08-26,,836,10032,False,True,annual,True,71.0,4.0,3.0,3.981276595744681
A-5a3eb9,Company_283,DevTools,CA,2023-08-20,other,Enterprise,18,True,False,S-1f149a,2024-08-18,,1029,12348,False,False,annual,True,51.0,2.0,3.0,3.981276595744681
A-5a3eb9,Company_283,DevTools,CA,2023-08-20,other,Enterprise,18,True,False,S-3baf90,2024-06-19,,760,9120,False,False,annual,False,64.0,6.0,3.0,3.981276595744681
A-5a3eb9,Company_283,DevTools,CA,2023-08-20,other,Enterprise,18,True,False,S-20812a,2024-06-14,,3381,40572,False,False,monthly,True,22.0,0.0,3.0,3.981276595744681
A-5a3eb9,Company_283,DevTools,CA,2023-08-20,other,Enterprise,18,True,False,S-755502,2024-05-28,,3582,42984,False,False,annual,True,26.0,0.0,3.0,3.981276595744681
A-5a3eb9,Company_283,DevTools,CA,2023-08-20,other,Enterprise,18,True,False,S-34cfad,2023-12-15,,551,6612,False,False,annual,True,36.0,2.0,3.0,3.981276595744681
A-5a3eb9,Company_283,DevTools,CA,2023-08-20,other,Enterprise,18,True,False,S-61fa27,2024-10-30,,399,4788,False,False,annual,False,76.0,4.0,3.0,3.981276595744681
A-5f2961,Company_284,HealthTech,US,2024-11-22,partner,Basic,4,False,False,S-8cad7b,2024-12-23,,304,3648,False,False,annual,True,39.0,2.0,1.0,3.981276595744681
A-5f2961,Company_284,HealthTech,US,2024-11-22,partner,Basic,4,False,False,S-5d68fb,2024-12-02,,2401,28812,False,False,annual,True,95.0,1.0,1.0,3.981276595744681
A-5f2961,Company_284,HealthTech,US,2024-11-22,partner,Basic,4,False,False,S-e41457,2024-12-17,,796,9552,False,False,annual,True,39.0,1.0,1.0,3.981276595744681
A-5f2961,Company_284,HealthTech,US,2024-11-22,partner,Basic,4,False,False,S-9c8d9e,2024-12-20,,1176,14112,False,False,monthly,True,37.0,5.0,1.0,3.981276595744681
A-5f2961,Company_284,HealthTech,US,2024-11-22,partner,Basic,4,False,False,S-31be9c,2024-12-02,,1045,12540,False,False,monthly,False,37.0,5.0,1.0,3.981276595744681
A-5f2961,Company_284,HealthTech,US,2024-11-22,partner,Basic,4,False,False,S-09950d,2024-11-27,,1393,16716,False,False,annual,True,65.0,4.0,1.0,3.981276595744681
A-5f2961,Company_284,HealthTech,US,2024-11-22,partner,Basic,4,False,False,S-8d89a8,2024-12-03,,3184,38208,False,False,monthly,True,36.0,1.0,1.0,3.981276595744681
A-417d2f,Company_285,Cybersecurity,IN,2023-07-04,partner,Pro,4,True,False,S-dceac6,2023-12-30,,796,9552,False,False,annual,True,33.0,2.0,6.0,4.157304964539008
A-417d2f,Company_285,Cybersecurity,IN,2023-07-04,partner,Pro,4,True,False,S-82db05,2024-12-09,,1274,15288,False,False,monthly,True,43.0,3.0,6.0,4.157304964539008
A-417d2f,Company_285,Cybersecurity,IN,2023-07-04,partner,Pro,4,True,False,S-65c079,2023-07-04,,95,1140,False,False,annual,True,55.0,2.0,6.0,4.157304964539008
A-417d2f,Company_285,Cybersecurity,IN,2023-07-04,partner,Pro,4,True,False,S-9220c9,2024-06-23,,196,2352,False,False,monthly,True,54.0,2.0,6.0,4.157304964539008
A-417d2f,Company_285,Cybersecurity,IN,2023-07-04,partner,Pro,4,True,False,S-f874e5,2023-07-16,,10149,121788,False,False,annual,True,102.0,2.0,6.0,4.157304964539008
A-417d2f,Company_285,Cybersecurity,IN,2023-07-04,partner,Pro,4,True,False,S-8d2824,2023-08-14,,703,8436,False,False,annual,False,52.0,4.0,6.0,4.157304964539008
A-417d2f,Company_285,Cybersecurity,IN,2023-07-04,partner,Pro,4,True,False,S-9f4914,2024-10-31,,703,8436,False,False,monthly,True,17.0,1.0,6.0,4.157304964539008
A-417d2f,Company_285,Cybersecurity,IN,2023-07-04,partner,Pro,4,True,False,S-38eb77,2024-02-02,2024-05-03,5174,62088,True,False,monthly,True,39.0,1.0,6.0,4.157304964539008
A-417d2f,Company_285,Cybersecurity,IN,2023-07-04,partner,Pro,4,True,False,S-f55146,2024-09-21,,0,0,False,False,annual,True,44.0,4.0,6.0,4.157304964539008
A-417d2f,Company_285,Cybersecurity,IN,2023-07-04,partner,Pro,4,True,False,S-ba7f2a,2024-01-24,,266,3192,False,False,annual,True,68.0,5.0,6.0,4.157304964539008
A-417d2f,Company_285,Cybersecurity,IN,2023-07-04,partner,Pro,4,True,False,S-0a3e58,2024-12-28,,1617,19404,False,False,monthly,True,23.0,2.0,6.0,4.157304964539008
A-417d2f,Company_285,Cybersecurity,IN,2023-07-04,partner,Pro,4,True,False,S-ac42e8,2024-09-08,,931,11172,False,False,monthly,False,20.0,0.0,6.0,4.157304964539008
A-417d2f,Company_285,Cybersecurity,IN,2023-07-04,partner,Pro,4,True,False,S-e958ba,2024-03-29,,637,7644,False,False,monthly,True,64.0,3.0,6.0,4.157304964539008
A-417d2f,Company_285,Cybersecurity,IN,2023-07-04,partner,Pro,4,True,False,S-328ac2,2024-10-14,,196,2352,False,False,annual,False,28.0,0.0,6.0,4.157304964539008
A-417d2f,Company_285,Cybersecurity,IN,2023-07-04,partner,Pro,4,True,False,S-30a9dd,2024-10-30,,0,0,False,False,annual,True,46.0,0.0,6.0,4.157304964539008
A-417d2f,Company_285,Cybersecurity,IN,2023-07-04,partner,Pro,4,True,False,S-6f04a4,2024-09-14,,196,2352,False,False,monthly,True,34.0,0.0,6.0,4.157304964539008
A-e98302,Company_286,EdTech,US,2023-12-26,ads,Enterprise,16,True,False,S-6f1051,2024-02-01,,6766,81192,False,False,annual,True,56.0,6.0,9.0,4.106950354609929
A-e98302,Company_286,EdTech,US,2023-12-26,ads,Enterprise,16,True,False,S-b409d1,2024-01-21,,882,10584,False,False,annual,True,36.0,3.0,9.0,4.106950354609929
A-e98302,Company_286,EdTech,US,2023-12-26,ads,Enterprise,16,True,False,S-e3dff3,2024-07-14,,1127,13524,False,False,annual,True,75.0,2.0,9.0,4.106950354609929
A-e98302,Company_286,EdTech,US,2023-12-26,ads,Enterprise,16,True,False,S-b07043,2024-11-22,,304,3648,False,False,annual,True,25.0,0.0,9.0,4.106950354609929
A-e98302,Company_286,EdTech,US,2023-12-26,ads,Enterprise,16,True,False,S-008f3c,2024-12-23,2024-12-28,2842,34104,False,False,annual,True,6.0,0.0,9.0,4.106950354609929
A-e98302,Company_286,EdTech,US,2023-12-26,ads,Enterprise,16,True,False,S-10a1b5,2024-09-09,,646,7752,False,False,annual,False,75.0,7.0,9.0,4.106950354609929
A-8bde0c,Company_287,DevTools,US,2024-11-04,organic,Basic,12,False,False,S-f6e14c,2024-12-15,,5572,66864,False,False,annual,True,43.0,0.0,3.0,3.993758865248227
A-8bde0c,Company_287,DevTools,US,2024-11-04,organic,Basic,12,False,False,S-859ee0,2024-12-26,,5572,66864,False,False,monthly,True,48.0,0.0,3.0,3.993758865248227
A-8bde0c,Company_287,DevTools,US,2024-11-04,organic,Basic,12,False,False,S-937207,2024-12-28,,2388,28656,False,False,monthly,True,37.0,6.0,3.0,3.993758865248227
A-8bde0c,Company_287,DevTools,US,2024-11-04,organic,Basic,12,False,False,S-ec41f7,2024-12-13,,3781,45372,True,False,monthly,True,50.0,4.0,3.0,3.993758865248227
A-8bde0c,Company_287,DevTools,US,2024-11-04,organic,Basic,12,False,False,S-b112eb,2024-12-19,,1007,12084,False,False,monthly,True,105.0,4.0,3.0,3.993758865248227
A-8bde0c,Company_287,DevTools,US,2024-11-04,organic,Basic,12,False,False,S-13a013,2024-12-19,,437,5244,False,False,annual,True,45.0,9.0,3.0,3.993758865248227
A-8bde0c,Company_287,DevTools,US,2024-11-04,organic,Basic,12,False,False,S-129a62,2024-12-15,,0,0,False,False,monthly,False,24.0,2.0,3.0,3.993758865248227
A-8bde0c,Company_287,DevTools,US,2024-11-04,organic,Basic,12,False,False,S-9d505c,2024-12-14,,1159,13908,False,False,monthly,True,19.0,2.0,3.0,3.993758865248227
A-8bde0c,Company_287,DevTools,US,2024-11-04,organic,Basic,12,False,False,S-cfd4a3,2024-12-23,,4557,54684,False,False,annual,True,5.0,0.0,3.0,3.993758865248227
A-8bde0c,Company_287,DevTools,US,2024-11-04,organic,Basic,12,False,False,S-a61006,2024-12-24,,2388,28656,True,False,monthly,True,50.0,0.0,3.0,3.993758865248227
A-8bde0c,Company_287,DevTools,US,2024-11-04,organic,Basic,12,False,False,S-dda681,2024-12-21,,588,7056,False,False,monthly,False,22.0,2.0,3.0,3.993758865248227
A-8bde0c,Company_287,DevTools,US,2024-11-04,organic,Basic,12,False,False,S-4c6ee1,2024-12-23,,735,8820,False,False,annual,True,40.0,2.0,3.0,3.993758865248227
A-8bde0c,Company_287,DevTools,US,2024-11-04,organic,Basic,12,False,False,S-2ee940,2024-12-12,,2388,28656,False,False,annual,True,59.0,1.0,3.0,3.993758865248227
A-8bde0c,Company_287,DevTools,US,2024-11-04,organic,Basic,12,False,False,S-885bd4,2024-11-13,,588,7056,False,False,annual,True,36.0,0.0,3.0,3.993758865248227
A-8bde0c,Company_287,DevTools,US,2024-11-04,organic,Basic,12,False,False,S-ff9bde,2024-12-20,2024-12-22,588,7056,False,False,monthly,True,32.0,4.0,3.0,3.993758865248227
A-8bde0c,Company_287,DevTools,US,2024-11-04,organic,Basic,12,False,False,S-d43ad9,2024-12-14,,637,7644,False,False,annual,False,81.0,1.0,3.0,3.993758865248227
A-8bde0c,Company_287,DevTools,US,2024-11-04,organic,Basic,12,False,False,S-daf6b3,2024-11-04,,588,7056,False,False,monthly,True,45.0,4.0,3.0,3.993758865248227
A-8bde0c,Company_287,DevTools,US,2024-11-04,organic,Basic,12,False,False,S-4fe9b6,2024-12-19,2024-12-30,1225,14700,False,False,annual,True,32.0,2.0,3.0,3.993758865248227
A-bcf87c,Company_288,FinTech,US,2024-06-27,event,Pro,10,False,True,S-c75159,2024-08-22,2024-09-28,6169,74028,False,False,monthly,True,73.0,5.0,2.0,4.0
A-bcf87c,Company_288,FinTech,US,2024-06-27,event,Pro,10,False,True,S-b2d472,2024-08-27,2024-12-11,1990,23880,False,False,annual,False,57.0,2.0,2.0,4.0
A-bcf87c,Company_288,FinTech,US,2024-06-27,event,Pro,10,False,True,S-e260ff,2024-12-09,,4179,50148,False,False,annual,True,60.0,0.0,2.0,4.0
A-bcf87c,Company_288,FinTech,US,2024-06-27,event,Pro,10,False,True,S-ef4ad8,2024-08-14,,490,5880,False,False,annual,False,11.0,1.0,2.0,4.0
A-bcf87c,Company_288,FinTech,US,2024-06-27,event,Pro,10,False,True,S-dc90ef,2024-07-22,,833,9996,False,False,annual,True,57.0,8.0,2.0,4.0
A-bcf87c,Company_288,FinTech,US,2024-06-27,event,Pro,10,False,True,S-c555c4,2024-12-13,,3383,40596,False,False,monthly,True,31.0,0.0,2.0,4.0
A-bcf87c,Company_288,FinTech,US,2024-06-27,event,Pro,10,False,True,S-08f8d3,2024-11-27,,1029,12348,False,False,monthly,True,37.0,0.0,2.0,4.0
A-bcf87c,Company_288,FinTech,US,2024-06-27,event,Pro,10,False,True,S-1bdc35,2024-10-28,,190,2280,False,False,monthly,True,32.0,2.0,2.0,4.0
A-bcf87c,Company_288,FinTech,US,2024-06-27,event,Pro,10,False,True,S-0e12c9,2024-12-10,,0,0,False,False,monthly,True,44.0,1.0,2.0,4.0
A-bcf87c,Company_288,FinTech,US,2024-06-27,event,Pro,10,False,True,S-d2e82c,2024-11-09,,3184,38208,False,False,monthly,True,58.0,0.0,2.0,4.0
A-bcf87c,Company_288,FinTech,US,2024-06-27,event,Pro,10,False,True,S-ea8479,2024-10-25,,323,3876,False,True,annual,False,43.0,0.0,2.0,4.0
A-54ecc2,Company_289,Cybersecurity,US,2023-06-11,partner,Enterprise,4,False,False,S-36d5c9,2023-09-16,,2189,26268,False,False,monthly,True,86.0,5.0,5.0,4.388765957446809
A-54ecc2,Company_289,Cybersecurity,US,2023-06-11,partner,Enterprise,4,False,False,S-eea643,2024-10-30,,5572,66864,False,False,monthly,True,51.0,2.0,5.0,4.388765957446809
A-54ecc2,Company_289,Cybersecurity,US,2023-06-11,partner,Enterprise,4,False,False,S-875cf3,2024-04-29,,5970,71640,False,False,monthly,True,72.0,7.0,5.0,4.388765957446809
A-54ecc2,Company_289,Cybersecurity,US,2023-06-11,partner,Enterprise,4,False,False,S-4da04b,2024-09-16,,343,4116,False,True,annual,True,45.0,3.0,5.0,4.388765957446809
A-54ecc2,Company_289,Cybersecurity,US,2023-06-11,partner,Enterprise,4,False,False,S-7ac30a,2024-10-16,,995,11940,False,False,annual,True,49.0,4.0,5.0,4.388765957446809
A-54ecc2,Company_289,Cybersecurity,US,2023-06-11,partner,Enterprise,4,False,False,S-0fa88d,2024-09-27,,114,1368,False,False,monthly,True,50.0,3.0,5.0,4.388765957446809
A-54ecc2,Company_289,Cybersecurity,US,2023-06-11,partner,Enterprise,4,False,False,S-a7524a,2024-08-25,,637,7644,False,False,monthly,True,28.0,5.0,5.0,4.388765957446809
A-54ecc2,Company_289,Cybersecurity,US,2023-06-11,partner,Enterprise,4,False,False,S-936a83,2023-09-13,,0,0,False,False,monthly,True,56.0,2.0,5.0,4.388765957446809
A-54ecc2,Company_289,Cybersecurity,US,2023-06-11,partner,Enterprise,4,False,False,S-bbd8b5,2023-11-26,,76,912,False,False,annual,True,51.0,0.0,5.0,4.388765957446809
A-54ecc2,Company_289,Cybersecurity,US,2023-06-11,partner,Enterprise,4,False,False,S-e6678a,2023-08-16,,196,2352,False,False,annual,False,47.0,3.0,5.0,4.388765957446809
A-54ecc2,Company_289,Cybersecurity,US,2023-06-11,partner,Enterprise,4,False,False,S-147ad7,2024-08-29,,76,912,False,False,annual,True,72.0,5.0,5.0,4.388765957446809
A-625d0b,Company_290,EdTech,AU,2024-09-02,ads,Basic,9,False,False,S-c4c9ce,2024-11-16,2024-11-22,1990,23880,False,False,monthly,True,37.0,5.0,5.0,3.785021276595745
A-625d0b,Company_290,EdTech,AU,2024-09-02,ads,Basic,9,False,False,S-601f31,2024-11-09,,686,8232,False,False,annual,True,27.0,0.0,5.0,3.785021276595745
A-625d0b,Company_290,EdTech,AU,2024-09-02,ads,Basic,9,False,False,S-66ffe0,2024-11-21,,1862,22344,False,False,monthly,True,33.0,8.0,5.0,3.785021276595745
A-625d0b,Company_290,EdTech,AU,2024-09-02,ads,Basic,9,False,False,S-7018bf,2024-10-17,,2058,24696,False,False,monthly,False,10.0,2.0,5.0,3.785021276595745
A-625d0b,Company_290,EdTech,AU,2024-09-02,ads,Basic,9,False,False,S-29ec80,2024-12-29,,1791,21492,False,False,annual,True,42.0,1.0,5.0,3.785021276595745
A-625d0b,Company_290,EdTech,AU,2024-09-02,ads,Basic,9,False,False,S-3b7f8e,2024-10-07,,1791,21492,False,False,monthly,True,71.0,4.0,5.0,3.785021276595745
A-625d0b,Company_290,EdTech,AU,2024-09-02,ads,Basic,9,False,False,S-b156cf,2024-11-22,,441,5292,False,False,annual,True,62.0,3.0,5.0,3.785021276595745
A-625d0b,Company_290,EdTech,AU,2024-09-02,ads,Basic,9,False,False,S-f50b14,2024-09-25,,0,0,False,False,annual,True,42.0,3.0,5.0,3.785021276595745
A-625d0b,Company_290,EdTech,AU,2024-09-02,ads,Basic,9,False,False,S-b27c2f,2024-12-24,,833,9996,False,False,monthly,True,107.0,4.0,5.0,3.785021276595745
A-625d0b,Company_290,EdTech,AU,2024-09-02,ads,Basic,9,False,False,S-277111,2024-10-14,,441,5292,False,False,monthly,True,36.0,1.0,5.0,3.785021276595745
A-625d0b,Company_290,EdTech,AU,2024-09-02,ads,Basic,9,False,False,S-304f59,2024-10-15,,0,0,False,False,annual,True,62.0,7.0,5.0,3.785021276595745
A-fce879,Company_291,EdTech,UK,2024-09-24,partner,Pro,10,True,True,S-b147b9,2024-12-13,,399,4788,False,False,annual,True,52.0,2.0,2.0,4.0
A-fce879,Company_291,EdTech,UK,2024-09-24,partner,Pro,10,True,True,S-b998a9,2024-10-18,,1990,23880,False,False,annual,True,80.0,1.0,2.0,4.0
A-fce879,Company_291,EdTech,UK,2024-09-24,partner,Pro,10,True,True,S-ba67a5,2024-10-27,,3781,45372,False,False,annual,True,74.0,1.0,2.0,4.0
A-fce879,Company_291,EdTech,UK,2024-09-24,partner,Pro,10,True,True,S-d0eeb2,2024-10-18,,0,0,False,True,monthly,True,45.0,0.0,2.0,4.0
A-fce879,Company_291,EdTech,UK,2024-09-24,partner,Pro,10,True,True,S-c14eeb,2024-09-28,,627,7524,False,False,monthly,True,48.0,10.0,2.0,4.0
A-b07b56,Company_292,DevTools,US,2024-11-08,event,Pro,25,False,True,S-b95110,2024-12-16,,1225,14700,False,False,monthly,False,33.0,1.0,4.0,3.7359574468085106
A-b07b56,Company_292,DevTools,US,2024-11-08,event,Pro,25,False,True,S-35a22f,2024-12-19,,1666,19992,False,False,annual,True,63.0,3.0,4.0,3.7359574468085106
A-b07b56,Company_292,DevTools,US,2024-11-08,event,Pro,25,False,True,S-8c767b,2024-12-03,2024-12-09,0,0,False,False,monthly,True,35.0,2.0,4.0,3.7359574468085106
A-b07b56,Company_292,DevTools,US,2024-11-08,event,Pro,25,False,True,S-0bb284,2024-12-16,,1323,15876,False,False,monthly,False,38.0,1.0,4.0,3.7359574468085106
A-b07b56,Company_292,DevTools,US,2024-11-08,event,Pro,25,False,True,S-155e15,2024-12-02,,1470,17640,False,False,monthly,True,48.0,3.0,4.0,3.7359574468085106
A-b07b56,Company_292,DevTools,US,2024-11-08,event,Pro,25,False,True,S-680dbe,2024-12-18,,4975,59700,False,False,annual,True,39.0,9.0,4.0,3.7359574468085106
A-b07b56,Company_292,DevTools,US,2024-11-08,event,Pro,25,False,True,S-c87441,2024-11-16,,475,5700,False,False,annual,True,69.0,3.0,4.0,3.7359574468085106
A-b07b56,Company_292,DevTools,US,2024-11-08,event,Pro,25,False,True,S-6ab430,2024-11-24,,1225,14700,False,False,monthly,True,25.0,0.0,4.0,3.7359574468085106
A-b07b56,Company_292,DevTools,US,2024-11-08,event,Pro,25,False,True,S-3d5e0c,2024-11-26,,0,0,False,False,monthly,True,32.0,2.0,4.0,3.7359574468085106
A-b07b56,Company_292,DevTools,US,2024-11-08,event,Pro,25,False,True,S-80dc6b,2024-12-21,,0,0,False,False,annual,True,14.0,3.0,4.0,3.7359574468085106
A-b07b56,Company_292,DevTools,US,2024-11-08,event,Pro,25,False,True,S-53b07a,2024-12-08,,1225,14700,False,False,annual,True,60.0,0.0,4.0,3.7359574468085106
A-b07b56,Company_292,DevTools,US,2024-11-08,event,Pro,25,False,True,S-79b038,2024-11-29,,475,5700,False,False,annual,True,32.0,0.0,4.0,3.7359574468085106
A-b07b56,Company_292,DevTools,US,2024-11-08,event,Pro,25,False,True,S-e6ad38,2024-11-19,,1225,14700,False,False,monthly,True,61.0,4.0,4.0,3.7359574468085106
A-b07b56,Company_292,DevTools,US,2024-11-08,event,Pro,25,False,True,S-887d48,2024-11-20,,1225,14700,False,False,annual,True,49.0,0.0,4.0,3.7359574468085106
A-b07b56,Company_292,DevTools,US,2024-11-08,event,Pro,25,False,True,S-a83bc2,2024-11-25,,475,5700,False,False,monthly,False,35.0,8.0,4.0,3.7359574468085106
A-6da850,Company_293,FinTech,IN,2023-10-07,organic,Pro,5,False,False,S-5f9a67,2023-12-04,,245,2940,False,False,annual,True,40.0,5.0,5.0,3.9850212765957442
A-6da850,Company_293,FinTech,IN,2023-10-07,organic,Pro,5,False,False,S-6c9ee1,2024-02-20,,0,0,False,False,monthly,True,16.0,2.0,5.0,3.9850212765957442
A-6da850,Company_293,FinTech,IN,2023-10-07,organic,Pro,5,False,False,S-42aaf0,2024-12-31,2024-12-31,114,1368,False,False,annual,True,40.0,2.0,5.0,3.9850212765957442
A-6da850,Company_293,FinTech,IN,2023-10-07,organic,Pro,5,False,False,S-7685a3,2024-08-05,,0,0,True,False,monthly,True,84.0,6.0,5.0,3.9850212765957442
A-6da850,Company_293,FinTech,IN,2023-10-07,organic,Pro,5,False,False,S-92f4b4,2024-02-09,,342,4104,False,False,monthly,True,15.0,0.0,5.0,3.9850212765957442
A-6da850,Company_293,FinTech,IN,2023-10-07,organic,Pro,5,False,False,S-e3903e,2024-10-16,2024-12-08,1519,18228,False,False,annual,True,32.0,2.0,5.0,3.9850212765957442
A-6da850,Company_293,FinTech,IN,2023-10-07,organic,Pro,5,False,False,S-be079b,2024-04-29,,0,0,False,True,monthly,False,69.0,7.0,5.0,3.9850212765957442
A-6da850,Company_293,FinTech,IN,2023-10-07,organic,Pro,5,False,False,S-305a67,2024-04-12,,228,2736,False,False,annual,True,26.0,0.0,5.0,3.9850212765957442
A-6da850,Company_293,FinTech,IN,2023-10-07,organic,Pro,5,False,False,S-b6aefa,2024-09-01,,245,2940,False,False,annual,True,50.0,6.0,5.0,3.9850212765957442
A-6da850,Company_293,FinTech,IN,2023-10-07,organic,Pro,5,False,False,S-858aa0,2024-10-09,,4975,59700,False,False,annual,False,47.0,3.0,5.0,3.9850212765957442
A-6da850,Company_293,FinTech,IN,2023-10-07,organic,Pro,5,False,False,S-5f40a3,2024-12-28,,0,0,False,False,monthly,False,39.0,7.0,5.0,3.9850212765957442
A-6da850,Company_293,FinTech,IN,2023-10-07,organic,Pro,5,False,False,S-a8e49e,2024-01-17,,995,11940,False,False,monthly,True,36.0,1.0,5.0,3.9850212765957442
A-6da850,Company_293,FinTech,IN,2023-10-07,organic,Pro,5,False,False,S-dd220e,2024-06-02,,7363,88356,False,False,monthly,True,124.0,4.0,5.0,3.9850212765957442
A-6da850,Company_293,FinTech,IN,2023-10-07,organic,Pro,5,False,False,S-76b176,2024-11-10,2024-12-09,392,4704,False,False,monthly,False,32.0,1.0,5.0,3.9850212765957442
A-6da850,Company_293,FinTech,IN,2023-10-07,organic,Pro,5,False,False,S-69b66d,2024-01-08,,475,5700,True,False,annual,True,28.0,4.0,5.0,3.9850212765957442
A-6da850,Company_293,FinTech,IN,2023-10-07,organic,Pro,5,False,False,S-f553b5,2023-10-08,,1666,19992,True,False,monthly,True,36.0,4.0,5.0,3.9850212765957442
A-342303,Company_294,EdTech,US,2024-03-16,other,Pro,1,True,False,S-d4f02f,2024-07-10,,1372,16464,False,False,annual,True,7.0,1.0,3.0,4.3270921985815605
A-342303,Company_294,EdTech,US,2024-03-16,other,Pro,1,True,False,S-52d03a,2024-11-30,,0,0,False,False,annual,True,53.0,1.0,3.0,4.3270921985815605
A-342303,Company_294,EdTech,US,2024-03-16,other,Pro,1,True,False,S-6fa5cd,2024-05-03,,323,3876,False,False,monthly,True,81.0,3.0,3.0,4.3270921985815605
A-e7a1e2,Company_295,Cybersecurity,US,2024-06-23,event,Enterprise,3,False,False,S-f81687,2024-11-23,2024-12-13,995,11940,False,False,monthly,True,65.0,5.0,1.0,4.0
A-e7a1e2,Company_295,Cybersecurity,US,2024-06-23,event,Enterprise,3,False,False,S-183073,2024-07-19,,2786,33432,False,False,monthly,True,47.0,5.0,1.0,4.0
A-e7a1e2,Company_295,Cybersecurity,US,2024-06-23,event,Enterprise,3,False,False,S-381c99,2024-11-03,,57,684,False,False,monthly,True,32.0,1.0,1.0,4.0
A-e7a1e2,Company_295,Cybersecurity,US,2024-06-23,event,Enterprise,3,False,False,S-50e517,2024-10-28,,228,2736,False,False,annual,True,87.0,6.0,1.0,4.0
A-e7a1e2,Company_295,Cybersecurity,US,2024-06-23,event,Enterprise,3,False,False,S-b5e9e7,2024-10-26,,2388,28656,False,False,annual,True,86.0,3.0,1.0,4.0
A-e7a1e2,Company_295,Cybersecurity,US,2024-06-23,event,Enterprise,3,False,False,S-d6cffe,2024-10-10,,0,0,False,False,annual,True,81.0,4.0,1.0,4.0
A-e7a1e2,Company_295,Cybersecurity,US,2024-06-23,event,Enterprise,3,False,False,S-462bd2,2024-10-23,,0,0,False,False,annual,True,64.0,6.0,1.0,4.0
A-e7a1e2,Company_295,Cybersecurity,US,2024-06-23,event,Enterprise,3,False,False,S-df69fe,2024-12-29,,8756,105072,False,False,annual,True,35.0,0.0,1.0,4.0
A-e7a1e2,Company_295,Cybersecurity,US,2024-06-23,event,Enterprise,3,False,False,S-85b5ce,2024-12-26,,190,2280,False,False,annual,True,0.0,0.0,1.0,4.0
A-e7a1e2,Company_295,Cybersecurity,US,2024-06-23,event,Enterprise,3,False,False,S-d5eae3,2024-08-09,,2388,28656,False,False,monthly,False,76.0,1.0,1.0,4.0
A-e7a1e2,Company_295,Cybersecurity,US,2024-06-23,event,Enterprise,3,False,False,S-a0f5ac,2024-10-07,,637,7644,False,False,monthly,True,46.0,2.0,1.0,4.0
A-e7a1e2,Company_295,Cybersecurity,US,2024-06-23,event,Enterprise,3,False,False,S-0dd555,2024-11-22,,1617,19404,False,False,annual,False,84.0,3.0,1.0,4.0
A-f1f639,Company_296,EdTech,US,2023-02-26,ads,Basic,2,False,False,S-343bab,2023-08-18,,995,11940,False,False,monthly,True,17.0,1.0,7.0,4.566079027355623
A-f1f639,Company_296,EdTech,US,2023-02-26,ads,Basic,2,False,False,S-07c2c2,2023-07-03,,95,1140,False,False,monthly,True,46.0,0.0,7.0,4.566079027355623
A-f1f639,Company_296,EdTech,US,2023-02-26,ads,Basic,2,False,False,S-ab212b,2024-01-16,,38,456,True,False,monthly,True,21.0,1.0,7.0,4.566079027355623
A-f1f639,Company_296,EdTech,US,2023-02-26,ads,Basic,2,False,False,S-f52fd6,2024-09-19,,1791,21492,False,False,monthly,True,55.0,8.0,7.0,4.566079027355623
A-a865bd,Company_297,Cybersecurity,US,2023-09-19,organic,Pro,38,False,False,S-921dc3,2024-05-22,,7562,90744,False,False,annual,False,51.0,3.0,2.0,3.4906382978723407
A-a865bd,Company_297,Cybersecurity,US,2023-09-19,organic,Pro,38,False,False,S-977d49,2024-04-11,,7562,90744,False,False,monthly,True,71.0,5.0,2.0,3.4906382978723407
A-a865bd,Company_297,Cybersecurity,US,2023-09-19,organic,Pro,38,False,False,S-018501,2024-09-19,,2744,32928,False,False,monthly,False,62.0,3.0,2.0,3.4906382978723407
A-a865bd,Company_297,Cybersecurity,US,2023-09-19,organic,Pro,38,False,False,S-69362d,2024-04-26,,1292,15504,False,False,annual,True,9.0,0.0,2.0,3.4906382978723407
A-a865bd,Company_297,Cybersecurity,US,2023-09-19,organic,Pro,38,False,False,S-9d7fa9,2024-01-17,,1862,22344,False,False,monthly,True,37.0,2.0,2.0,3.4906382978723407
A-4e631b,Company_298,FinTech,US,2024-03-16,other,Enterprise,22,False,False,S-5fffe8,2024-07-26,,418,5016,False,False,monthly,True,69.0,9.0,2.0,3.9906382978723407
A-4e631b,Company_298,FinTech,US,2024-03-16,other,Enterprise,22,False,False,S-ab24c6,2024-10-15,,4378,52536,False,True,annual,True,52.0,0.0,2.0,3.9906382978723407
A-4e631b,Company_298,FinTech,US,2024-03-16,other,Enterprise,22,False,False,S-f5888c,2024-12-10,,418,5016,False,False,annual,True,62.0,1.0,2.0,3.9906382978723407
A-4e631b,Company_298,FinTech,US,2024-03-16,other,Enterprise,22,False,False,S-61bcfb,2024-11-05,,418,5016,False,False,monthly,True,71.0,1.0,2.0,3.9906382978723407
A-4e631b,Company_298,FinTech,US,2024-03-16,other,Enterprise,22,False,False,S-503afa,2024-03-18,,7960,95520,False,False,monthly,False,32.0,3.0,2.0,3.9906382978723407
A-4e631b,Company_298,FinTech,US,2024-03-16,other,Enterprise,22,False,False,S-4e4b10,2024-08-22,,418,5016,False,False,monthly,False,37.0,5.0,2.0,3.9906382978723407
A-4e631b,Company_298,FinTech,US,2024-03-16,other,Enterprise,22,False,False,S-92421b,2024-11-12,,0,0,False,False,monthly,True,23.0,0.0,2.0,3.9906382978723407
A-4e631b,Company_298,FinTech,US,2024-03-16,other,Enterprise,22,False,False,S-713e06,2024-11-06,,5174,62088,False,False,annual,True,64.0,4.0,2.0,3.9906382978723407
A-4e631b,Company_298,FinTech,US,2024-03-16,other,Enterprise,22,False,False,S-0acba4,2024-11-22,,418,5016,False,False,annual,False,41.0,2.0,2.0,3.9906382978723407
A-4e631b,Company_298,FinTech,US,2024-03-16,other,Enterprise,22,False,False,S-4193dd,2024-10-13,,418,5016,False,False,monthly,True,24.0,3.0,2.0,3.9906382978723407
A-4e631b,Company_298,FinTech,US,2024-03-16,other,Enterprise,22,False,False,S-1a04fe,2024-05-13,,4378,52536,True,False,annual,True,27.0,1.0,2.0,3.9906382978723407
A-7f6b86,Company_299,HealthTech,US,2023-08-24,partner,Basic,45,True,True,S-3445f5,2023-10-15,,855,10260,False,False,annual,False,38.0,1.0,7.0,3.8464437689969606
A-7f6b86,Company_299,HealthTech,US,2023-08-24,partner,Basic,45,True,True,S-f49e0b,2024-01-21,2024-03-21,2205,26460,True,False,annual,True,22.0,0.0,7.0,3.8464437689969606
A-7f6b86,Company_299,HealthTech,US,2023-08-24,partner,Basic,45,True,True,S-a0c517,2023-10-24,,2891,34692,True,False,monthly,True,65.0,4.0,7.0,3.8464437689969606
A-7f6b86,Company_299,HealthTech,US,2023-08-24,partner,Basic,45,True,True,S-5fb9ab,2024-10-27,,0,0,False,False,annual,False,37.0,5.0,7.0,3.8464437689969606
A-7f6b86,Company_299,HealthTech,US,2023-08-24,partner,Basic,45,True,True,S-5ddf8d,2024-12-06,,855,10260,False,False,annual,True,92.0,0.0,7.0,3.8464437689969606
A-7f6b86,Company_299,HealthTech,US,2023-08-24,partner,Basic,45,True,True,S-8e7d28,2024-07-05,,0,0,False,False,monthly,True,30.0,0.0,7.0,3.8464437689969606
A-7f6b86,Company_299,HealthTech,US,2023-08-24,partner,Basic,45,True,True,S-8f4f5b,2023-08-30,,0,0,False,False,annual,True,32.0,0.0,7.0,3.8464437689969606
A-7f6b86,Company_299,HealthTech,US,2023-08-24,partner,Basic,45,True,True,S-f17152,2024-09-16,,11741,140892,False,False,annual,True,61.0,3.0,7.0,3.8464437689969606
A-7f6b86,Company_299,HealthTech,US,2023-08-24,partner,Basic,45,True,True,S-480226,2024-05-21,,855,10260,True,False,annual,True,43.0,1.0,7.0,3.8464437689969606
A-8adedc,Company_300,EdTech,US,2024-02-11,event,Basic,4,True,True,S-dbc1ca,2024-04-24,,2786,33432,False,False,annual,True,34.0,5.0,4.0,3.985957446808511
A-8adedc,Company_300,EdTech,US,2024-02-11,event,Basic,4,True,True,S-d8441d,2024-03-16,,76,912,False,False,annual,True,25.0,0.0,4.0,3.985957446808511
A-8adedc,Company_300,EdTech,US,2024-02-11,event,Basic,4,True,True,S-86c28f,2024-04-02,,3871,46452,False,False,annual,True,31.0,4.0,4.0,3.985957446808511
A-8adedc,Company_300,EdTech,US,2024-02-11,event,Basic,4,True,True,S-871e83,2024-03-21,,2786,33432,False,False,annual,True,82.0,1.0,4.0,3.985957446808511
A-8adedc,Company_300,EdTech,US,2024-02-11,event,Basic,4,True,True,S-94cf13,2024-05-23,,95,1140,False,False,annual,True,42.0,1.0,4.0,3.985957446808511
A-8adedc,Company_300,EdTech,US,2024-02-11,event,Basic,4,True,True,S-70d15d,2024-02-22,2024-03-09,11343,136116,False,False,monthly,True,66.0,6.0,4.0,3.985957446808511
A-8adedc,Company_300,EdTech,US,2024-02-11,event,Basic,4,True,True,S-f36088,2024-05-24,,0,0,False,False,annual,True,37.0,3.0,4.0,3.985957446808511
A-8adedc,Company_300,EdTech,US,2024-02-11,event,Basic,4,True,True,S-09251c,2024-07-17,2024-10-30,3184,38208,False,False,monthly,True,65.0,4.0,4.0,3.985957446808511
A-8adedc,Company_300,EdTech,US,2024-02-11,event,Basic,4,True,True,S-e98bfd,2024-05-18,,76,912,False,False,annual,True,0.0,0.0,4.0,3.985957446808511
A-8adedc,Company_300,EdTech,US,2024-02-11,event,Basic,4,True,True,S-26deeb,2024-09-07,,3332,39984,False,False,annual,True,19.0,0.0,4.0,3.985957446808511
A-8adedc,Company_300,EdTech,US,2024-02-11,event,Basic,4,True,True,S-0e8b21,2024-08-21,,418,5016,False,False,monthly,True,45.0,0.0,4.0,3.985957446808511
A-8adedc,Company_300,EdTech,US,2024-02-11,event,Basic,4,True,True,S-acb7af,2024-05-23,,0,0,False,False,annual,True,18.0,0.0,4.0,3.985957446808511
A-8adedc,Company_300,EdTech,US,2024-02-11,event,Basic,4,True,True,S-4f9730,2024-07-21,,0,0,False,False,monthly,True,70.0,5.0,4.0,3.985957446808511
A-8adedc,Company_300,EdTech,US,2024-02-11,event,Basic,4,True,True,S-448b6d,2024-06-08,,361,4332,False,False,monthly,False,49.0,4.0,4.0,3.985957446808511
A-2edab2,Company_301,HealthTech,US,2023-11-17,event,Enterprise,17,False,False,S-eb15a1,2024-11-30,,3383,40596,False,False,monthly,True,13.0,0.0,4.0,3.7359574468085106
A-2edab2,Company_301,HealthTech,US,2023-11-17,event,Enterprise,17,False,False,S-32b223,2023-11-28,,833,9996,False,False,annual,True,43.0,2.0,4.0,3.7359574468085106
A-2edab2,Company_301,HealthTech,US,2023-11-17,event,Enterprise,17,False,False,S-fade3d,2024-07-24,,323,3876,True,False,annual,True,41.0,1.0,4.0,3.7359574468085106
A-2edab2,Company_301,HealthTech,US,2023-11-17,event,Enterprise,17,False,False,S-80af85,2023-11-22,,323,3876,False,False,annual,True,60.0,9.0,4.0,3.7359574468085106
A-2edab2,Company_301,HealthTech,US,2023-11-17,event,Enterprise,17,False,False,S-e8d48e,2024-06-19,,3383,40596,False,False,annual,True,46.0,4.0,4.0,3.7359574468085106
A-2edab2,Company_301,HealthTech,US,2023-11-17,event,Enterprise,17,False,False,S-f73a84,2024-12-15,,833,9996,False,False,monthly,True,51.0,2.0,4.0,3.7359574468085106
A-2edab2,Company_301,HealthTech,US,2023-11-17,event,Enterprise,17,False,False,S-e6513c,2023-12-05,,323,3876,False,False,monthly,True,97.0,2.0,4.0,3.7359574468085106
A-2edab2,Company_301,HealthTech,US,2023-11-17,event,Enterprise,17,False,False,S-d396d1,2024-03-05,2024-10-11,833,9996,False,False,monthly,True,34.0,3.0,4.0,3.7359574468085106
A-2edab2,Company_301,HealthTech,US,2023-11-17,event,Enterprise,17,False,False,S-c7e38a,2024-10-03,,323,3876,False,False,annual,True,56.0,3.0,4.0,3.7359574468085106
A-2edab2,Company_301,HealthTech,US,2023-11-17,event,Enterprise,17,False,False,S-7fbc53,2024-03-29,,833,9996,False,False,monthly,False,46.0,0.0,4.0,3.7359574468085106
A-149a69,Company_302,DevTools,US,2024-10-17,event,Basic,34,False,False,S-4c5456,2024-12-19,,646,7752,False,False,monthly,True,54.0,5.0,8.0,4.1179787234042555
A-149a69,Company_302,DevTools,US,2024-10-17,event,Basic,34,False,False,S-770018,2024-12-14,,6766,81192,False,False,annual,False,73.0,2.0,8.0,4.1179787234042555
A-149a69,Company_302,DevTools,US,2024-10-17,event,Basic,34,False,False,S-a54381,2024-12-05,,646,7752,False,False,monthly,False,81.0,2.0,8.0,4.1179787234042555
A-a6d261,Company_303,FinTech,CA,2023-11-29,other,Pro,9,False,False,S-7e1791,2024-05-09,,1791,21492,False,False,annual,True,47.0,1.0,4.0,4.49531914893617
A-a6d261,Company_303,FinTech,CA,2023-11-29,other,Pro,9,False,False,S-7cc0ec,2024-02-25,,441,5292,False,False,monthly,False,48.0,2.0,4.0,4.49531914893617
A-a6d261,Company_303,FinTech,CA,2023-11-29,other,Pro,9,False,False,S-9be237,2024-09-20,,1274,15288,False,False,annual,True,19.0,0.0,4.0,4.49531914893617
A-a6d261,Company_303,FinTech,CA,2023-11-29,other,Pro,9,False,False,S-6aa20b,2024-01-11,,0,0,False,False,monthly,True,45.0,4.0,4.0,4.49531914893617
A-a6d261,Company_303,FinTech,CA,2023-11-29,other,Pro,9,False,False,S-d1b062,2024-03-07,,2786,33432,False,False,monthly,True,16.0,2.0,4.0,4.49531914893617
A-a6d261,Company_303,FinTech,CA,2023-11-29,other,Pro,9,False,False,S-faf395,2024-07-08,,171,2052,False,False,annual,True,45.0,1.0,4.0,4.49531914893617
A-a6d261,Company_303,FinTech,CA,2023-11-29,other,Pro,9,False,False,S-58d2c8,2024-11-19,,247,2964,True,False,annual,True,51.0,1.0,4.0,4.49531914893617
A-a6d261,Company_303,FinTech,CA,2023-11-29,other,Pro,9,False,False,S-69b070,2024-09-18,,5373,64476,True,False,annual,True,109.0,6.0,4.0,4.49531914893617
A-a6d261,Company_303,FinTech,CA,2023-11-29,other,Pro,9,False,False,S-04b127,2023-12-13,,171,2052,False,False,monthly,True,24.0,0.0,4.0,4.49531914893617
A-a6d261,Company_303,FinTech,CA,2023-11-29,other,Pro,9,False,False,S-27c00d,2024-06-08,,912,10944,False,False,monthly,True,52.0,6.0,4.0,4.49531914893617
A-a6d261,Company_303,FinTech,CA,2023-11-29,other,Pro,9,False,False,S-50c6f5,2024-04-26,2024-11-26,20497,245964,False,False,monthly,True,35.0,3.0,4.0,4.49531914893617
A-a6d261,Company_303,FinTech,CA,2023-11-29,other,Pro,9,False,False,S-e753fa,2024-02-06,,1372,16464,True,False,annual,True,40.0,2.0,4.0,4.49531914893617
A-a6d261,Company_303,FinTech,CA,2023-11-29,other,Pro,9,False,False,S-00dea4,2024-01-14,,2985,35820,False,False,monthly,True,63.0,0.0,4.0,4.49531914893617
A-a6d261,Company_303,FinTech,CA,2023-11-29,other,Pro,9,False,False,S-d471c6,2024-07-16,,171,2052,False,False,monthly,True,33.0,1.0,4.0,4.49531914893617
A-443f6f,Company_304,Cybersecurity,US,2024-12-07,organic,Basic,19,False,False,S-9c2b8e,2024-12-26,,361,4332,True,False,annual,True,58.0,5.0,4.0,4.49531914893617
A-443f6f,Company_304,Cybersecurity,US,2024-12-07,organic,Basic,19,False,False,S-e86a94,2024-12-26,,931,11172,False,False,monthly,True,26.0,0.0,4.0,4.49531914893617
A-443f6f,Company_304,Cybersecurity,US,2024-12-07,organic,Basic,19,False,False,S-bdac36,2024-12-08,,3781,45372,False,False,monthly,False,101.0,2.0,4.0,4.49531914893617
A-443f6f,Company_304,Cybersecurity,US,2024-12-07,organic,Basic,19,False,False,S-0283b5,2024-12-10,,931,11172,False,False,annual,True,47.0,0.0,4.0,4.49531914893617
A-443f6f,Company_304,Cybersecurity,US,2024-12-07,organic,Basic,19,False,False,S-df5924,2024-12-21,2024-12-22,931,11172,False,False,annual,True,119.0,9.0,4.0,4.49531914893617
A-443f6f,Company_304,Cybersecurity,US,2024-12-07,organic,Basic,19,False,False,S-a2fb62,2024-12-10,,931,11172,False,False,annual,True,45.0,2.0,4.0,4.49531914893617
A-443f6f,Company_304,Cybersecurity,US,2024-12-07,organic,Basic,19,False,False,S-c6ff41,2024-12-19,,722,8664,False,False,monthly,True,14.0,1.0,4.0,4.49531914893617
A-443f6f,Company_304,Cybersecurity,US,2024-12-07,organic,Basic,19,False,False,S-869978,2024-12-24,,3781,45372,False,False,monthly,False,69.0,6.0,4.0,4.49531914893617
A-443f6f,Company_304,Cybersecurity,US,2024-12-07,organic,Basic,19,False,False,S-42822d,2024-12-15,,1225,14700,False,False,annual,True,48.0,3.0,4.0,4.49531914893617
A-202b67,Company_305,HealthTech,US,2024-03-22,organic,Pro,11,False,False,S-f703bd,2024-09-04,,539,6468,False,False,monthly,True,28.0,1.0,4.0,4.49531914893617
A-202b67,Company_305,HealthTech,US,2024-03-22,organic,Pro,11,False,False,S-bff8c5,2024-07-18,,209,2508,False,False,monthly,True,58.0,4.0,4.0,4.49531914893617
A-202b67,Company_305,HealthTech,US,2024-03-22,organic,Pro,11,False,False,S-540cee,2024-06-22,,4975,59700,True,False,annual,True,79.0,7.0,4.0,4.49531914893617
A-202b67,Company_305,HealthTech,US,2024-03-22,organic,Pro,11,False,False,S-36b46e,2024-03-27,,539,6468,False,False,monthly,True,43.0,1.0,4.0,4.49531914893617
A-202b67,Company_305,HealthTech,US,2024-03-22,organic,Pro,11,False,False,S-6cd38d,2024-08-28,,418,5016,False,False,annual,True,57.0,9.0,4.0,4.49531914893617
A-202b67,Company_305,HealthTech,US,2024-03-22,organic,Pro,11,False,False,S-b5162d,2024-10-09,,5771,69252,False,False,monthly,True,0.0,0.0,4.0,4.49531914893617
A-202b67,Company_305,HealthTech,US,2024-03-22,organic,Pro,11,False,False,S-93592e,2024-05-18,,2989,35868,False,False,monthly,True,32.0,5.0,4.0,4.49531914893617
A-202b67,Company_305,HealthTech,US,2024-03-22,organic,Pro,11,False,False,S-ede33a,2024-07-07,2024-12-23,2189,26268,False,False,annual,True,54.0,5.0,4.0,4.49531914893617
A-202b67,Company_305,HealthTech,US,2024-03-22,organic,Pro,11,False,False,S-008cab,2024-05-31,,539,6468,False,False,monthly,False,96.0,8.0,4.0,4.49531914893617
A-00bed1,Company_306,Cybersecurity,US,2023-11-14,ads,Basic,28,True,False,S-64fba3,2024-07-16,,5572,66864,False,False,annual,True,70.0,0.0,4.0,3.9859574468085106
A-00bed1,Company_306,Cybersecurity,US,2023-11-14,ads,Basic,28,True,False,S-f3dd83,2024-08-28,,0,0,False,False,monthly,True,40.0,2.0,4.0,3.9859574468085106
A-00bed1,Company_306,Cybersecurity,US,2023-11-14,ads,Basic,28,True,False,S-a86344,2024-08-18,,1764,21168,True,False,annual,True,50.0,3.0,4.0,3.9859574468085106
A-00bed1,Company_306,Cybersecurity,US,2023-11-14,ads,Basic,28,True,False,S-a7360b,2023-11-16,,1159,13908,True,False,annual,True,47.0,0.0,4.0,3.9859574468085106
A-00bed1,Company_306,Cybersecurity,US,2023-11-14,ads,Basic,28,True,False,S-76a214,2024-05-14,,9751,117012,False,False,annual,True,35.0,3.0,4.0,3.9859574468085106
A-00bed1,Company_306,Cybersecurity,US,2023-11-14,ads,Basic,28,True,False,S-289702,2024-09-01,,5572,66864,False,False,annual,False,16.0,3.0,4.0,3.9859574468085106
A-00bed1,Company_306,Cybersecurity,US,2023-11-14,ads,Basic,28,True,False,S-7f9ce5,2024-07-20,,1372,16464,False,False,monthly,True,66.0,3.0,4.0,3.9859574468085106
A-00bed1,Company_306,Cybersecurity,US,2023-11-14,ads,Basic,28,True,False,S-585d4c,2024-05-06,,5572,66864,True,False,monthly,True,89.0,5.0,4.0,3.9859574468085106
A-00bed1,Company_306,Cybersecurity,US,2023-11-14,ads,Basic,28,True,False,S-4a724b,2024-08-06,,1372,16464,False,False,annual,True,39.0,5.0,4.0,3.9859574468085106
A-00bed1,Company_306,Cybersecurity,US,2023-11-14,ads,Basic,28,True,False,S-3fbf9e,2024-04-06,,1372,16464,False,False,monthly,True,62.0,3.0,4.0,3.9859574468085106
A-ffc04f,Company_307,EdTech,US,2024-06-06,ads,Pro,13,False,False,S-e27a20,2024-12-28,,247,2964,False,False,monthly,True,59.0,9.0,7.0,4.277689969604864
A-ffc04f,Company_307,EdTech,US,2024-06-06,ads,Pro,13,False,False,S-053142,2024-11-06,,304,3648,False,False,monthly,True,60.0,6.0,7.0,4.277689969604864
A-ffc04f,Company_307,EdTech,US,2024-06-06,ads,Pro,13,False,False,S-f1fa8b,2024-07-31,,2695,32340,False,False,monthly,False,68.0,6.0,7.0,4.277689969604864
A-ffc04f,Company_307,EdTech,US,2024-06-06,ads,Pro,13,False,False,S-342708,2024-11-30,2024-12-21,2009,24108,False,False,annual,True,52.0,1.0,7.0,4.277689969604864
A-ffc04f,Company_307,EdTech,US,2024-06-06,ads,Pro,13,False,False,S-bd3e24,2024-12-21,2024-12-21,637,7644,False,False,annual,True,39.0,1.0,7.0,4.277689969604864
A-ffc04f,Company_307,EdTech,US,2024-06-06,ads,Pro,13,False,False,S-14a95a,2024-10-22,,980,11760,False,False,monthly,True,56.0,4.0,7.0,4.277689969604864
A-ffc04f,Company_307,EdTech,US,2024-06-06,ads,Pro,13,False,False,S-dcde3f,2024-08-05,,0,0,False,False,monthly,False,27.0,5.0,7.0,4.277689969604864
A-ffc04f,Company_307,EdTech,US,2024-06-06,ads,Pro,13,False,False,S-aaf847,2024-09-19,,2587,31044,False,False,monthly,False,54.0,1.0,7.0,4.277689969604864
A-ffc04f,Company_307,EdTech,US,2024-06-06,ads,Pro,13,False,False,S-35ff9e,2024-09-09,,3781,45372,False,False,monthly,False,41.0,3.0,7.0,4.277689969604864
A-ffc04f,Company_307,EdTech,US,2024-06-06,ads,Pro,13,False,False,S-6d507b,2024-06-08,,2587,31044,False,False,annual,True,92.0,4.0,7.0,4.277689969604864
A-ffc04f,Company_307,EdTech,US,2024-06-06,ads,Pro,13,False,False,S-c19e74,2024-09-19,,0,0,False,False,annual,True,59.0,5.0,7.0,4.277689969604864
A-ffc04f,Company_307,EdTech,US,2024-06-06,ads,Pro,13,False,False,S-5bbb5b,2024-12-01,,2985,35820,False,True,annual,True,9.0,0.0,7.0,4.277689969604864
A-ffc04f,Company_307,EdTech,US,2024-06-06,ads,Pro,13,False,False,S-94471b,2024-10-04,,247,2964,False,False,monthly,False,107.0,12.0,7.0,4.277689969604864
A-ffc04f,Company_307,EdTech,US,2024-06-06,ads,Pro,13,False,False,S-df819a,2024-09-08,,980,11760,False,False,monthly,False,73.0,6.0,7.0,4.277689969604864
A-ffc04f,Company_307,EdTech,US,2024-06-06,ads,Pro,13,False,False,S-eea4ae,2024-09-14,,0,0,False,False,monthly,False,61.0,1.0,7.0,4.277689969604864
A-65c341,Company_308,FinTech,US,2023-12-26,ads,Pro,11,True,False,S-fedcd9,2024-10-01,,2189,26268,False,False,annual,True,57.0,3.0,5.0,3.985021276595745
A-65c341,Company_308,FinTech,US,2023-12-26,ads,Pro,11,True,False,S-dd85c4,2024-02-26,2024-07-18,6169,74028,False,False,monthly,True,61.0,1.0,5.0,3.985021276595745
A-65c341,Company_308,FinTech,US,2023-12-26,ads,Pro,11,True,False,S-003fc0,2024-10-03,,0,0,False,False,annual,True,43.0,1.0,5.0,3.985021276595745
A-65c341,Company_308,FinTech,US,2023-12-26,ads,Pro,11,True,False,S-e4df5d,2024-02-15,,833,9996,False,False,annual,True,33.0,1.0,5.0,3.985021276595745
A-65c341,Company_308,FinTech,US,2023-12-26,ads,Pro,11,True,False,S-71827b,2024-11-15,2024-11-23,1911,22932,False,False,monthly,True,32.0,0.0,5.0,3.985021276595745
A-65c341,Company_308,FinTech,US,2023-12-26,ads,Pro,11,True,False,S-d6aefa,2024-03-14,,16716,200592,False,False,annual,True,88.0,2.0,5.0,3.985021276595745
A-65c341,Company_308,FinTech,US,2023-12-26,ads,Pro,11,True,False,S-f4dbc7,2024-09-21,,539,6468,False,False,monthly,True,34.0,4.0,5.0,3.985021276595745
A-65c341,Company_308,FinTech,US,2023-12-26,ads,Pro,11,True,False,S-0c0ddf,2024-10-05,,2189,26268,False,False,annual,True,62.0,6.0,5.0,3.985021276595745
A-dcc2f0,Company_309,FinTech,UK,2023-07-22,organic,Basic,15,False,False,S-2d62ad,2023-11-29,,2985,35820,False,False,monthly,True,50.0,2.0,2.0,3.981276595744681
A-dcc2f0,Company_309,FinTech,UK,2023-07-22,organic,Basic,15,False,False,S-b2409c,2024-01-16,,2985,35820,False,False,monthly,True,102.0,3.0,2.0,3.981276595744681
A-dcc2f0,Company_309,FinTech,UK,2023-07-22,organic,Basic,15,False,False,S-a30f36,2024-10-03,,735,8820,False,False,annual,True,26.0,0.0,2.0,3.981276595744681
A-dcc2f0,Company_309,FinTech,UK,2023-07-22,organic,Basic,15,False,False,S-27ab7f,2023-12-23,,475,5700,False,False,annual,True,51.0,0.0,2.0,3.981276595744681
A-dcc2f0,Company_309,FinTech,UK,2023-07-22,organic,Basic,15,False,False,S-c1d6cf,2024-01-15,,3184,38208,False,False,monthly,True,55.0,1.0,2.0,3.981276595744681
A-dcc2f0,Company_309,FinTech,UK,2023-07-22,organic,Basic,15,False,False,S-ff1b11,2024-11-30,,608,7296,False,False,annual,False,62.0,2.0,2.0,3.981276595744681
A-dcc2f0,Company_309,FinTech,UK,2023-07-22,organic,Basic,15,False,False,S-3d0e5c,2023-11-22,,0,0,False,False,monthly,True,104.0,1.0,2.0,3.981276595744681
A-dcc2f0,Company_309,FinTech,UK,2023-07-22,organic,Basic,15,False,False,S-3b5031,2024-03-13,,1078,12936,True,False,annual,True,48.0,3.0,2.0,3.981276595744681
A-dcc2f0,Company_309,FinTech,UK,2023-07-22,organic,Basic,15,False,False,S-ba3fc7,2024-10-25,,2985,35820,False,False,annual,True,19.0,0.0,2.0,3.981276595744681
A-dcc2f0,Company_309,FinTech,UK,2023-07-22,organic,Basic,15,False,False,S-9780e9,2024-09-02,,0,0,False,False,annual,True,54.0,1.0,2.0,3.981276595744681
A-dcc2f0,Company_309,FinTech,UK,2023-07-22,organic,Basic,15,False,False,S-af7a2c,2024-11-13,,418,5016,True,False,annual,True,12.0,0.0,2.0,3.981276595744681
A-dcc2f0,Company_309,FinTech,UK,2023-07-22,organic,Basic,15,False,False,S-983266,2024-09-16,2024-11-03,735,8820,False,False,annual,True,93.0,8.0,2.0,3.981276595744681
A-dcc2f0,Company_309,FinTech,UK,2023-07-22,organic,Basic,15,False,False,S-c87692,2023-10-02,,285,3420,False,False,annual,True,40.0,1.0,2.0,3.981276595744681
A-dcc2f0,Company_309,FinTech,UK,2023-07-22,organic,Basic,15,False,False,S-69a2d8,2023-12-03,,735,8820,False,False,monthly,True,27.0,0.0,2.0,3.981276595744681
A-dcc2f0,Company_309,FinTech,UK,2023-07-22,organic,Basic,15,False,False,S-67b7bf,2024-10-13,,285,3420,False,False,monthly,False,90.0,4.0,2.0,3.981276595744681
A-ced9aa,Company_310,DevTools,US,2024-10-05,other,Enterprise,3,False,False,S-c4a98e,2024-12-16,,995,11940,False,False,monthly,True,48.0,2.0,7.0,3.8410942249240123
A-ced9aa,Company_310,DevTools,US,2024-10-05,other,Enterprise,3,False,False,S-3c072b,2024-12-01,,57,684,False,False,monthly,True,85.0,8.0,7.0,3.8410942249240123
A-ced9aa,Company_310,DevTools,US,2024-10-05,other,Enterprise,3,False,False,S-86673a,2024-11-08,,418,5016,False,False,monthly,True,73.0,1.0,7.0,3.8410942249240123
A-ced9aa,Company_310,DevTools,US,2024-10-05,other,Enterprise,3,False,False,S-b0e621,2024-11-23,,147,1764,False,False,monthly,True,25.0,2.0,7.0,3.8410942249240123
A-ced9aa,Company_310,DevTools,US,2024-10-05,other,Enterprise,3,False,False,S-1b7677,2024-12-04,2024-12-20,1194,14328,False,False,annual,True,50.0,3.0,7.0,3.8410942249240123
A-ced9aa,Company_310,DevTools,US,2024-10-05,other,Enterprise,3,False,False,S-90c2a9,2024-11-07,,147,1764,False,False,annual,True,30.0,3.0,7.0,3.8410942249240123
A-ced9aa,Company_310,DevTools,US,2024-10-05,other,Enterprise,3,False,False,S-b2c291,2024-12-10,,597,7164,False,False,annual,True,23.0,5.0,7.0,3.8410942249240123
A-ced9aa,Company_310,DevTools,US,2024-10-05,other,Enterprise,3,False,False,S-b4b084,2024-12-21,,995,11940,False,False,monthly,True,58.0,4.0,7.0,3.8410942249240123
A-ced9aa,Company_310,DevTools,US,2024-10-05,other,Enterprise,3,False,False,S-81cd46,2024-10-11,,1194,14328,False,False,annual,True,44.0,5.0,7.0,3.8410942249240123
A-ced9aa,Company_310,DevTools,US,2024-10-05,other,Enterprise,3,False,False,S-a72188,2024-12-31,,147,1764,False,False,annual,True,34.0,5.0,7.0,3.8410942249240123
A-ced9aa,Company_310,DevTools,US,2024-10-05,other,Enterprise,3,False,False,S-c7621b,2024-11-23,2024-11-25,361,4332,False,False,annual,True,61.0,1.0,7.0,3.8410942249240123
A-3d957b,Company_311,HealthTech,UK,2024-04-04,other,Pro,14,False,False,S-74e211,2024-07-15,,686,8232,True,False,monthly,False,17.0,0.0,3.0,3.654184397163121
A-3d957b,Company_311,HealthTech,UK,2024-04-04,other,Pro,14,False,False,S-5a18e5,2024-08-05,,2786,33432,True,False,monthly,True,62.0,9.0,3.0,3.654184397163121
A-3d957b,Company_311,HealthTech,UK,2024-04-04,other,Pro,14,False,False,S-2cc962,2024-10-16,,2786,33432,False,False,annual,False,22.0,2.0,3.0,3.654184397163121
A-3d957b,Company_311,HealthTech,UK,2024-04-04,other,Pro,14,False,False,S-527b39,2024-08-18,2024-10-28,2786,33432,False,False,monthly,True,28.0,2.0,3.0,3.654184397163121
A-3d957b,Company_311,HealthTech,UK,2024-04-04,other,Pro,14,False,False,S-154119,2024-08-30,,1387,16644,False,False,monthly,True,14.0,0.0,3.0,3.654184397163121
A-3d957b,Company_311,HealthTech,UK,2024-04-04,other,Pro,14,False,False,S-7425f9,2024-07-30,,1421,17052,True,False,monthly,True,0.0,0.0,3.0,3.654184397163121
A-89ee83,Company_312,Cybersecurity,US,2024-10-04,organic,Pro,1,False,True,S-ceffe9,2024-11-23,,398,4776,False,False,monthly,True,78.0,0.0,5.0,3.9925106382978726
A-89ee83,Company_312,Cybersecurity,US,2024-10-04,organic,Pro,1,False,True,S-f5f5b3,2024-12-26,2024-12-29,190,2280,False,False,annual,True,40.0,7.0,5.0,3.9925106382978726
A-89ee83,Company_312,Cybersecurity,US,2024-10-04,organic,Pro,1,False,True,S-13c8b6,2024-10-29,,513,6156,False,False,monthly,True,63.0,2.0,5.0,3.9925106382978726
A-89ee83,Company_312,Cybersecurity,US,2024-10-04,organic,Pro,1,False,True,S-bf304b,2024-12-27,,3582,42984,False,False,monthly,True,27.0,1.0,5.0,3.9925106382978726
A-89ee83,Company_312,Cybersecurity,US,2024-10-04,organic,Pro,1,False,True,S-a82639,2024-10-25,,7960,95520,False,False,monthly,True,41.0,7.0,5.0,3.9925106382978726
A-89ee83,Company_312,Cybersecurity,US,2024-10-04,organic,Pro,1,False,True,S-d61475,2024-12-20,,57,684,True,False,monthly,True,48.0,1.0,5.0,3.9925106382978726
A-89ee83,Company_312,Cybersecurity,US,2024-10-04,organic,Pro,1,False,True,S-ae4bb3,2024-11-22,,3626,43512,True,False,annual,True,47.0,3.0,5.0,3.9925106382978726
A-89ee83,Company_312,Cybersecurity,US,2024-10-04,organic,Pro,1,False,True,S-9e450b,2024-12-21,2024-12-31,4577,54924,False,False,monthly,True,34.0,1.0,5.0,3.9925106382978726
A-89ee83,Company_312,Cybersecurity,US,2024-10-04,organic,Pro,1,False,True,S-28eeec,2024-11-29,,98,1176,True,False,annual,True,46.0,0.0,5.0,3.9925106382978726
A-89ee83,Company_312,Cybersecurity,US,2024-10-04,organic,Pro,1,False,True,S-d8165b,2024-10-18,,722,8664,False,False,annual,True,60.0,4.0,5.0,3.9925106382978726
A-89ee83,Company_312,Cybersecurity,US,2024-10-04,organic,Pro,1,False,True,S-7e7a73,2024-12-20,,3184,38208,False,False,monthly,True,81.0,0.0,5.0,3.9925106382978726
A-883b7d,Company_313,Cybersecurity,IN,2024-03-28,other,Basic,17,False,False,S-4e3e04,2024-08-16,,3383,40596,False,False,annual,False,46.0,1.0,7.0,3.708936170212766
A-883b7d,Company_313,Cybersecurity,IN,2024-03-28,other,Basic,17,False,False,S-472fda,2024-08-19,,1323,15876,False,False,annual,True,26.0,1.0,7.0,3.708936170212766
A-883b7d,Company_313,Cybersecurity,IN,2024-03-28,other,Basic,17,False,False,S-0206eb,2024-04-26,,589,7068,False,False,monthly,True,65.0,1.0,7.0,3.708936170212766
A-883b7d,Company_313,Cybersecurity,IN,2024-03-28,other,Basic,17,False,False,S-9c0df6,2024-04-24,2024-09-07,2009,24108,False,False,monthly,True,54.0,6.0,7.0,3.708936170212766
A-883b7d,Company_313,Cybersecurity,IN,2024-03-28,other,Basic,17,False,False,S-635570,2024-05-12,,0,0,False,False,annual,False,35.0,5.0,7.0,3.708936170212766
A-883b7d,Company_313,Cybersecurity,IN,2024-03-28,other,Basic,17,False,False,S-a70baa,2024-08-10,,3383,40596,False,False,annual,True,39.0,0.0,7.0,3.708936170212766
A-883b7d,Company_313,Cybersecurity,IN,2024-03-28,other,Basic,17,False,False,S-3e453b,2024-04-21,,833,9996,False,False,annual,False,45.0,5.0,7.0,3.708936170212766
A-883b7d,Company_313,Cybersecurity,IN,2024-03-28,other,Basic,17,False,False,S-8bb388,2024-08-22,,9950,119400,False,False,annual,True,65.0,4.0,7.0,3.708936170212766
A-883b7d,Company_313,Cybersecurity,IN,2024-03-28,other,Basic,17,False,False,S-05aaef,2024-08-03,,0,0,False,False,annual,True,89.0,5.0,7.0,3.708936170212766
A-883b7d,Company_313,Cybersecurity,IN,2024-03-28,other,Basic,17,False,False,S-9122a4,2024-05-29,,4975,59700,False,False,monthly,True,57.0,2.0,7.0,3.708936170212766
A-883b7d,Company_313,Cybersecurity,IN,2024-03-28,other,Basic,17,False,False,S-466093,2024-08-17,,1482,17784,False,False,annual,True,44.0,3.0,7.0,3.708936170212766
A-883b7d,Company_313,Cybersecurity,IN,2024-03-28,other,Basic,17,False,False,S-505db5,2024-05-01,,2597,31164,False,False,monthly,True,79.0,7.0,7.0,3.708936170212766
A-dcc3f1,Company_314,HealthTech,US,2023-12-27,event,Pro,21,False,False,S-4d9635,2024-08-05,,4378,52536,False,False,annual,True,39.0,10.0,9.0,3.880567375886525
A-dcc3f1,Company_314,HealthTech,US,2023-12-27,event,Pro,21,False,False,S-97a010,2024-03-22,,0,0,False,False,monthly,True,80.0,8.0,9.0,3.880567375886525
A-dcc3f1,Company_314,HealthTech,US,2023-12-27,event,Pro,21,False,False,S-3dc066,2024-11-20,,399,4788,False,False,annual,False,46.0,4.0,9.0,3.880567375886525
A-dcc3f1,Company_314,HealthTech,US,2023-12-27,event,Pro,21,False,False,S-c9e261,2024-10-29,,4179,50148,False,True,monthly,True,52.0,2.0,9.0,3.880567375886525
A-dcc3f1,Company_314,HealthTech,US,2023-12-27,event,Pro,21,False,False,S-b834a9,2024-05-29,,494,5928,False,False,annual,True,112.0,2.0,9.0,3.880567375886525
A-dcc3f1,Company_314,HealthTech,US,2023-12-27,event,Pro,21,False,False,S-4904cd,2024-10-13,,399,4788,False,False,annual,False,77.0,3.0,9.0,3.880567375886525
A-dcc3f1,Company_314,HealthTech,US,2023-12-27,event,Pro,21,False,False,S-a45a12,2023-12-27,,399,4788,False,False,monthly,True,41.0,1.0,9.0,3.880567375886525
A-dcc3f1,Company_314,HealthTech,US,2023-12-27,event,Pro,21,False,False,S-1b0848,2024-01-17,,2499,29988,False,False,monthly,True,53.0,2.0,9.0,3.880567375886525
A-c62e55,Company_315,EdTech,US,2023-02-08,partner,Basic,1,True,False,S-2daa17,2024-05-05,,2985,35820,False,False,monthly,True,31.0,0.0,4.0,3.9953191489361704
A-c62e55,Company_315,EdTech,US,2023-02-08,partner,Basic,1,True,False,S-81d63a,2024-02-07,,2744,32928,False,False,annual,True,30.0,2.0,4.0,3.9953191489361704
A-c62e55,Company_315,EdTech,US,2023-02-08,partner,Basic,1,True,False,S-2c3d7d,2024-12-31,,686,8232,False,False,annual,True,32.0,2.0,4.0,3.9953191489361704
A-c62e55,Company_315,EdTech,US,2023-02-08,partner,Basic,1,True,False,S-9e7060,2024-01-15,,190,2280,False,False,annual,False,31.0,3.0,4.0,3.9953191489361704
A-c62e55,Company_315,EdTech,US,2023-02-08,partner,Basic,1,True,False,S-9c67ab,2024-04-04,,152,1824,True,False,annual,True,84.0,0.0,4.0,3.9953191489361704
A-c62e55,Company_315,EdTech,US,2023-02-08,partner,Basic,1,True,False,S-9f9dfe,2024-11-28,,1470,17640,False,False,monthly,True,30.0,0.0,4.0,3.9953191489361704
A-c62e55,Company_315,EdTech,US,2023-02-08,partner,Basic,1,True,False,S-91ab2e,2023-11-15,,1666,19992,False,False,annual,False,10.0,0.0,4.0,3.9953191489361704
A-c62e55,Company_315,EdTech,US,2023-02-08,partner,Basic,1,True,False,S-894692,2024-02-22,,833,9996,False,False,monthly,True,56.0,2.0,4.0,3.9953191489361704
A-c62e55,Company_315,EdTech,US,2023-02-08,partner,Basic,1,True,False,S-4ebd94,2024-03-07,,1176,14112,False,False,annual,True,33.0,4.0,4.0,3.9953191489361704
A-e4144b,Company_316,EdTech,UK,2024-10-22,other,Pro,41,False,False,S-35c8a3,2024-12-22,,8159,97908,False,False,annual,True,33.0,1.0,3.0,3.993758865248227
A-e4144b,Company_316,EdTech,UK,2024-10-22,other,Pro,41,False,False,S-0de78a,2024-12-12,,779,9348,False,False,annual,True,51.0,0.0,3.0,3.993758865248227
A-e4144b,Company_316,EdTech,UK,2024-10-22,other,Pro,41,False,False,S-755e1b,2024-12-18,,2009,24108,False,False,annual,True,19.0,0.0,3.0,3.993758865248227
A-e4144b,Company_316,EdTech,UK,2024-10-22,other,Pro,41,False,False,S-d425c9,2024-11-11,,8159,97908,False,False,annual,True,94.0,7.0,3.0,3.993758865248227
A-e4144b,Company_316,EdTech,UK,2024-10-22,other,Pro,41,False,False,S-3d1043,2024-12-15,,8159,97908,False,False,annual,False,73.0,3.0,3.0,3.993758865248227
A-e4144b,Company_316,EdTech,UK,2024-10-22,other,Pro,41,False,False,S-9e2c78,2024-12-18,,0,0,False,False,annual,True,35.0,2.0,3.0,3.993758865248227
A-e4144b,Company_316,EdTech,UK,2024-10-22,other,Pro,41,False,False,S-bb47b9,2024-11-10,,8159,97908,False,False,monthly,True,46.0,4.0,3.0,3.993758865248227
A-e4144b,Company_316,EdTech,UK,2024-10-22,other,Pro,41,False,False,S-9fbdfb,2024-11-25,,0,0,True,False,annual,True,42.0,1.0,3.0,3.993758865248227
A-e4144b,Company_316,EdTech,UK,2024-10-22,other,Pro,41,False,False,S-d518e8,2024-12-06,,0,0,False,False,monthly,True,34.0,3.0,3.0,3.993758865248227
A-e4144b,Company_316,EdTech,UK,2024-10-22,other,Pro,41,False,False,S-0d6da2,2024-11-28,,0,0,False,False,monthly,False,12.0,0.0,3.0,3.993758865248227
A-e40f45,Company_317,HealthTech,US,2024-04-18,organic,Pro,21,False,False,S-ad39ef,2024-08-25,,0,0,True,False,annual,True,39.0,3.0,7.0,4.132158054711247
A-e40f45,Company_317,HealthTech,US,2024-04-18,organic,Pro,21,False,False,S-17f71d,2024-05-15,,2156,25872,True,False,monthly,True,94.0,4.0,7.0,4.132158054711247
A-e40f45,Company_317,HealthTech,US,2024-04-18,organic,Pro,21,False,False,S-e4ba87,2024-05-23,,513,6156,False,False,annual,True,35.0,4.0,7.0,4.132158054711247
A-e40f45,Company_317,HealthTech,US,2024-04-18,organic,Pro,21,False,False,S-e9e03c,2024-08-20,,4179,50148,True,False,monthly,True,53.0,1.0,7.0,4.132158054711247
A-e40f45,Company_317,HealthTech,US,2024-04-18,organic,Pro,21,False,False,S-09223a,2024-06-04,,399,4788,False,False,monthly,True,50.0,4.0,7.0,4.132158054711247
A-e40f45,Company_317,HealthTech,US,2024-04-18,organic,Pro,21,False,False,S-5313fa,2024-05-17,,4179,50148,False,False,monthly,True,45.0,4.0,7.0,4.132158054711247
A-e40f45,Company_317,HealthTech,US,2024-04-18,organic,Pro,21,False,False,S-326691,2024-11-24,2024-12-22,399,4788,False,False,monthly,False,85.0,6.0,7.0,4.132158054711247
A-96215d,Company_318,FinTech,US,2024-08-08,event,Enterprise,10,False,False,S-7564c5,2024-09-12,,833,9996,False,False,monthly,False,37.0,0.0,1.0,3.0
A-96215d,Company_318,FinTech,US,2024-08-08,event,Enterprise,10,False,False,S-a24db6,2024-09-13,,2786,33432,True,False,monthly,True,78.0,9.0,1.0,3.0
A-96215d,Company_318,FinTech,US,2024-08-08,event,Enterprise,10,False,False,S-cd8a6a,2024-11-04,,490,5880,False,False,annual,False,54.0,4.0,1.0,3.0
A-96215d,Company_318,FinTech,US,2024-08-08,event,Enterprise,10,False,False,S-ccd045,2024-08-17,,1990,23880,False,False,monthly,True,61.0,4.0,1.0,3.0
A-96215d,Company_318,FinTech,US,2024-08-08,event,Enterprise,10,False,False,S-f62f59,2024-10-13,,1029,12348,False,False,annual,True,40.0,0.0,1.0,3.0
A-96215d,Company_318,FinTech,US,2024-08-08,event,Enterprise,10,False,False,S-f1ffee,2024-09-30,,3184,38208,False,False,annual,False,77.0,4.0,1.0,3.0
A-2b9d3e,Company_319,EdTech,US,2023-06-04,partner,Enterprise,1,False,False,S-096065,2024-03-27,,0,0,False,False,annual,True,27.0,0.0,3.0,4.320851063829788
A-2b9d3e,Company_319,EdTech,US,2023-06-04,partner,Enterprise,1,False,False,S-21eeea,2024-11-08,,1421,17052,False,False,monthly,True,57.0,2.0,3.0,4.320851063829788
A-2b9d3e,Company_319,EdTech,US,2023-06-04,partner,Enterprise,1,False,False,S-4311fb,2024-11-12,,686,8232,False,False,monthly,True,79.0,7.0,3.0,4.320851063829788
A-2b9d3e,Company_319,EdTech,US,2023-06-04,partner,Enterprise,1,False,False,S-abd9be,2024-03-23,,882,10584,True,False,monthly,True,13.0,2.0,3.0,4.320851063829788
A-2b9d3e,Company_319,EdTech,US,2023-06-04,partner,Enterprise,1,False,False,S-1e3a06,2024-12-26,,398,4776,False,False,monthly,True,59.0,3.0,3.0,4.320851063829788
A-2b9d3e,Company_319,EdTech,US,2023-06-04,partner,Enterprise,1,False,False,S-140813,2023-11-21,,995,11940,False,False,annual,True,58.0,3.0,3.0,4.320851063829788
A-2b9d3e,Company_319,EdTech,US,2023-06-04,partner,Enterprise,1,False,False,S-8d4b81,2024-04-28,,19,228,False,False,annual,False,54.0,1.0,3.0,4.320851063829788
A-2b9d3e,Company_319,EdTech,US,2023-06-04,partner,Enterprise,1,False,False,S-6ac338,2024-08-29,,532,6384,False,False,annual,True,75.0,1.0,3.0,4.320851063829788
A-2b9d3e,Company_319,EdTech,US,2023-06-04,partner,Enterprise,1,False,False,S-0c9600,2023-09-06,,209,2508,False,False,annual,True,22.0,0.0,3.0,4.320851063829788
A-b7724f,Company_320,HealthTech,UK,2023-03-28,organic,Basic,1,False,False,S-b41494,2023-06-03,,627,7524,False,False,monthly,True,38.0,0.0,3.0,3.3270921985815605
A-b7724f,Company_320,HealthTech,UK,2023-03-28,organic,Basic,1,False,False,S-d9f26e,2024-12-27,,551,6612,False,False,monthly,True,75.0,1.0,3.0,3.3270921985815605
A-b7724f,Company_320,HealthTech,UK,2023-03-28,organic,Basic,1,False,False,S-804fb3,2024-12-26,,1349,16188,False,False,monthly,True,38.0,0.0,3.0,3.3270921985815605
A-b7724f,Company_320,HealthTech,UK,2023-03-28,organic,Basic,1,False,False,S-09c1df,2024-09-15,2024-10-02,49,588,False,False,annual,True,70.0,4.0,3.0,3.3270921985815605
A-b7724f,Company_320,HealthTech,UK,2023-03-28,organic,Basic,1,False,False,S-d3d720,2024-06-20,2024-12-30,209,2508,False,False,monthly,True,50.0,3.0,3.0,3.3270921985815605
A-b7724f,Company_320,HealthTech,UK,2023-03-28,organic,Basic,1,False,False,S-703faf,2024-09-20,2024-11-19,190,2280,False,False,monthly,False,42.0,3.0,3.0,3.3270921985815605
A-b7724f,Company_320,HealthTech,UK,2023-03-28,organic,Basic,1,False,False,S-920d64,2024-07-21,,228,2736,False,False,annual,True,20.0,0.0,3.0,3.3270921985815605
A-b7724f,Company_320,HealthTech,UK,2023-03-28,organic,Basic,1,False,False,S-bbc0f7,2024-09-15,,19,228,False,False,annual,True,47.0,5.0,3.0,3.3270921985815605
A-310452,Company_321,DevTools,FR,2024-12-25,other,Enterprise,9,False,False,S-fbd522,2024-12-28,,0,0,False,False,annual,False,49.0,2.0,5.0,3.6
A-310452,Company_321,DevTools,FR,2024-12-25,other,Enterprise,9,False,False,S-0f949d,2024-12-29,,441,5292,False,False,annual,True,51.0,7.0,5.0,3.6
A-310452,Company_321,DevTools,FR,2024-12-25,other,Enterprise,9,False,False,S-227856,2024-12-26,,441,5292,False,False,annual,True,43.0,4.0,5.0,3.6
A-310452,Company_321,DevTools,FR,2024-12-25,other,Enterprise,9,False,False,S-e371b7,2024-12-28,,9950,119400,False,False,monthly,True,54.0,3.0,5.0,3.6
A-310452,Company_321,DevTools,FR,2024-12-25,other,Enterprise,9,False,False,S-183460,2024-12-29,,171,2052,False,False,annual,True,71.0,0.0,5.0,3.6
A-eb1312,Company_322,FinTech,US,2024-09-16,partner,Pro,25,False,False,S-666181,2024-10-09,,1349,16188,False,False,annual,True,18.0,0.0,1.0,5.0
A-eb1312,Company_322,FinTech,US,2024-09-16,partner,Pro,25,False,False,S-712f3a,2024-11-20,2024-12-26,475,5700,False,False,monthly,True,31.0,1.0,1.0,5.0
A-eb1312,Company_322,FinTech,US,2024-09-16,partner,Pro,25,False,False,S-a0ba0c,2024-12-18,,798,9576,False,False,monthly,True,98.0,9.0,1.0,5.0
A-eb1312,Company_322,FinTech,US,2024-09-16,partner,Pro,25,False,False,S-5639de,2024-12-13,,1225,14700,False,False,annual,True,43.0,0.0,1.0,5.0
A-eb1312,Company_322,FinTech,US,2024-09-16,partner,Pro,25,False,False,S-65e38d,2024-11-11,,4975,59700,True,False,monthly,True,37.0,5.0,1.0,5.0
A-eb1312,Company_322,FinTech,US,2024-09-16,partner,Pro,25,False,False,S-f4dc54,2024-12-10,,475,5700,False,False,monthly,True,39.0,1.0,1.0,5.0
A-eb1312,Company_322,FinTech,US,2024-09-16,partner,Pro,25,False,False,S-4e4ab7,2024-10-08,,475,5700,False,False,monthly,False,101.0,5.0,1.0,5.0
A-eb1312,Company_322,FinTech,US,2024-09-16,partner,Pro,25,False,False,S-e6b450,2024-11-21,,1225,14700,False,False,monthly,True,60.0,3.0,1.0,5.0
A-eb1312,Company_322,FinTech,US,2024-09-16,partner,Pro,25,False,False,S-29ccb8,2024-12-28,,475,5700,False,False,annual,True,58.0,5.0,1.0,5.0
A-eb1312,Company_322,FinTech,US,2024-09-16,partner,Pro,25,False,False,S-549340,2024-09-18,,1225,14700,False,False,monthly,True,15.0,0.0,1.0,5.0
A-eb1312,Company_322,FinTech,US,2024-09-16,partner,Pro,25,False,False,S-8bbfcd,2024-12-02,,475,5700,False,False,annual,False,103.0,9.0,1.0,5.0
A-eb1312,Company_322,FinTech,US,2024-09-16,partner,Pro,25,False,False,S-fc65aa,2024-12-27,,4975,59700,False,False,annual,True,60.0,0.0,1.0,5.0
A-df1e44,Company_323,Cybersecurity,UK,2024-02-23,organic,Enterprise,12,False,False,S-70ae65,2024-05-23,,3087,37044,True,False,monthly,True,36.0,0.0,2.0,4.490638297872341
A-df1e44,Company_323,Cybersecurity,UK,2024-02-23,organic,Enterprise,12,False,False,S-ff109c,2024-04-09,,588,7056,False,False,annual,False,48.0,2.0,2.0,4.490638297872341
A-df1e44,Company_323,Cybersecurity,UK,2024-02-23,organic,Enterprise,12,False,False,S-938952,2024-12-18,,588,7056,False,False,monthly,True,33.0,1.0,2.0,4.490638297872341
A-df1e44,Company_323,Cybersecurity,UK,2024-02-23,organic,Enterprise,12,False,False,S-6a0399,2024-09-08,2024-12-15,2388,28656,False,True,monthly,True,66.0,1.0,2.0,4.490638297872341
A-df1e44,Company_323,Cybersecurity,UK,2024-02-23,organic,Enterprise,12,False,False,S-2756ac,2024-03-08,,0,0,False,False,monthly,True,26.0,0.0,2.0,4.490638297872341
A-df1e44,Company_323,Cybersecurity,UK,2024-02-23,organic,Enterprise,12,False,False,S-63671f,2024-06-12,,588,7056,False,False,annual,True,12.0,2.0,2.0,4.490638297872341
A-df1e44,Company_323,Cybersecurity,UK,2024-02-23,organic,Enterprise,12,False,False,S-2c9cea,2024-06-03,,0,0,False,False,annual,True,40.0,3.0,2.0,4.490638297872341
A-df1e44,Company_323,Cybersecurity,UK,2024-02-23,organic,Enterprise,12,False,False,S-ecb8d5,2024-12-17,,665,7980,False,False,annual,True,40.0,1.0,2.0,4.490638297872341
A-df1e44,Company_323,Cybersecurity,UK,2024-02-23,organic,Enterprise,12,False,False,S-4571b1,2024-06-28,,228,2736,False,False,annual,False,0.0,0.0,2.0,4.490638297872341
A-df1e44,Company_323,Cybersecurity,UK,2024-02-23,organic,Enterprise,12,False,False,S-012b26,2024-10-29,,2587,31044,False,False,annual,True,93.0,4.0,2.0,4.490638297872341
A-df1e44,Company_323,Cybersecurity,UK,2024-02-23,organic,Enterprise,12,False,False,S-4d5ab5,2024-08-08,,2388,28656,False,False,monthly,False,26.0,0.0,2.0,4.490638297872341
A-6a7c9d,Company_324,Cybersecurity,US,2024-10-24,organic,Enterprise,26,False,True,S-8013f6,2024-12-11,2024-12-20,893,10716,False,False,monthly,True,8.0,1.0,3.0,3.993758865248227
A-6a7c9d,Company_324,Cybersecurity,US,2024-10-24,organic,Enterprise,26,False,True,S-3abf3f,2024-12-09,,513,6156,False,False,annual,True,37.0,0.0,3.0,3.993758865248227
A-6a7c9d,Company_324,Cybersecurity,US,2024-10-24,organic,Enterprise,26,False,True,S-a0a5e3,2024-11-29,,5174,62088,False,False,monthly,True,77.0,1.0,3.0,3.993758865248227
A-6a7c9d,Company_324,Cybersecurity,US,2024-10-24,organic,Enterprise,26,False,True,S-c0820a,2024-12-26,,1274,15288,False,False,annual,True,22.0,2.0,3.0,3.993758865248227
A-6a7c9d,Company_324,Cybersecurity,US,2024-10-24,organic,Enterprise,26,False,True,S-b3cae6,2024-11-12,,5174,62088,False,False,monthly,True,45.0,2.0,3.0,3.993758865248227
A-cbd1a3,Company_325,DevTools,US,2024-11-25,other,Basic,6,False,True,S-e6e96f,2024-11-30,,0,0,False,False,annual,False,48.0,1.0,4.0,3.9906382978723407
A-cbd1a3,Company_325,DevTools,US,2024-11-25,other,Basic,6,False,True,S-ec7c12,2024-12-02,,1194,14328,False,False,monthly,True,24.0,0.0,4.0,3.9906382978723407
A-cbd1a3,Company_325,DevTools,US,2024-11-25,other,Basic,6,False,True,S-eafea7,2024-11-29,,5572,66864,False,False,monthly,True,63.0,6.0,4.0,3.9906382978723407
A-cbd1a3,Company_325,DevTools,US,2024-11-25,other,Basic,6,False,True,S-134439,2024-11-30,,294,3528,False,False,annual,False,33.0,4.0,4.0,3.9906382978723407
A-cbd1a3,Company_325,DevTools,US,2024-11-25,other,Basic,6,False,True,S-2176da,2024-11-26,,3582,42984,False,False,monthly,True,38.0,2.0,4.0,3.9906382978723407
A-cbd1a3,Company_325,DevTools,US,2024-11-25,other,Basic,6,False,True,S-ae9ce7,2024-12-09,,2388,28656,True,False,monthly,True,44.0,9.0,4.0,3.9906382978723407
A-cbd1a3,Company_325,DevTools,US,2024-11-25,other,Basic,6,False,True,S-8d3495,2024-12-26,,703,8436,True,False,monthly,True,71.0,0.0,4.0,3.9906382978723407
A-cbd1a3,Company_325,DevTools,US,2024-11-25,other,Basic,6,False,True,S-8def89,2024-11-27,,1592,19104,False,False,annual,True,43.0,1.0,4.0,3.9906382978723407
A-cbd1a3,Company_325,DevTools,US,2024-11-25,other,Basic,6,False,True,S-dc77b7,2024-12-29,,380,4560,False,False,annual,True,49.0,2.0,4.0,3.9906382978723407
A-cbd1a3,Company_325,DevTools,US,2024-11-25,other,Basic,6,False,True,S-b7482e,2024-12-16,,646,7752,False,False,annual,True,52.0,7.0,4.0,3.9906382978723407
A-a8d89d,Company_326,EdTech,US,2023-12-08,ads,Pro,13,False,False,S-e912e6,2023-12-12,,15522,186264,False,False,monthly,True,47.0,1.0,2.0,4.490638297872341
A-a8d89d,Company_326,EdTech,US,2023-12-08,ads,Pro,13,False,False,S-9ffb31,2024-08-24,,637,7644,False,False,annual,True,19.0,0.0,2.0,4.490638297872341
A-a8d89d,Company_326,EdTech,US,2023-12-08,ads,Pro,13,False,False,S-6cfb27,2024-09-29,,247,2964,False,False,monthly,True,81.0,8.0,2.0,4.490638297872341
A-a8d89d,Company_326,EdTech,US,2023-12-08,ads,Pro,13,False,False,S-dbcf87,2024-09-26,,2587,31044,False,False,monthly,True,33.0,0.0,2.0,4.490638297872341
A-a8d89d,Company_326,EdTech,US,2023-12-08,ads,Pro,13,False,False,S-37b367,2024-09-17,,247,2964,False,False,annual,True,81.0,2.0,2.0,4.490638297872341
A-a8d89d,Company_326,EdTech,US,2023-12-08,ads,Pro,13,False,False,S-3a5c75,2024-12-05,,323,3876,False,False,annual,True,13.0,0.0,2.0,4.490638297872341
A-a8d89d,Company_326,EdTech,US,2023-12-08,ads,Pro,13,False,False,S-965b1c,2024-06-16,,686,8232,False,False,monthly,True,20.0,3.0,2.0,4.490638297872341
A-a8d89d,Company_326,EdTech,US,2023-12-08,ads,Pro,13,False,False,S-d27f96,2024-11-23,,5572,66864,False,False,monthly,True,29.0,0.0,2.0,4.490638297872341
A-a8d89d,Company_326,EdTech,US,2023-12-08,ads,Pro,13,False,False,S-2cf162,2024-04-12,,247,2964,False,False,annual,True,31.0,2.0,2.0,4.490638297872341
A-a8d89d,Company_326,EdTech,US,2023-12-08,ads,Pro,13,False,False,S-6cf72f,2024-09-24,,0,0,True,False,monthly,True,26.0,0.0,2.0,4.490638297872341
A-a8d89d,Company_326,EdTech,US,2023-12-08,ads,Pro,13,False,False,S-74be40,2024-04-12,,2587,31044,True,False,monthly,False,106.0,6.0,2.0,4.490638297872341
A-a8d89d,Company_326,EdTech,US,2023-12-08,ads,Pro,13,False,False,S-770f21,2024-07-12,,665,7980,False,False,monthly,True,65.0,4.0,2.0,4.490638297872341
A-600734,Company_327,DevTools,US,2023-11-14,organic,Pro,29,True,True,S-4bef15,2024-08-14,2024-09-22,0,0,False,False,annual,True,10.0,0.0,7.0,3.8464437689969606
A-600734,Company_327,DevTools,US,2023-11-14,organic,Pro,29,True,True,S-8cf2ef,2024-08-29,,798,9576,False,False,annual,False,57.0,5.0,7.0,3.8464437689969606
A-600734,Company_327,DevTools,US,2023-11-14,organic,Pro,29,True,True,S-de9b4b,2024-11-06,,1764,21168,False,False,monthly,True,31.0,1.0,7.0,3.8464437689969606
A-600734,Company_327,DevTools,US,2023-11-14,organic,Pro,29,True,True,S-4d30ba,2024-02-25,,551,6612,False,False,annual,True,31.0,3.0,7.0,3.8464437689969606
A-600734,Company_327,DevTools,US,2023-11-14,organic,Pro,29,True,True,S-600e05,2024-04-17,,551,6612,False,False,monthly,False,30.0,0.0,7.0,3.8464437689969606
A-600734,Company_327,DevTools,US,2023-11-14,organic,Pro,29,True,True,S-27e42e,2024-03-02,,1421,17052,False,False,monthly,True,100.0,6.0,7.0,3.8464437689969606
A-600734,Company_327,DevTools,US,2023-11-14,organic,Pro,29,True,True,S-15582c,2024-09-05,,551,6612,False,False,monthly,True,51.0,1.0,7.0,3.8464437689969606
A-600734,Company_327,DevTools,US,2023-11-14,organic,Pro,29,True,True,S-3e8909,2024-06-08,,1911,22932,True,False,annual,False,36.0,4.0,7.0,3.8464437689969606
A-600734,Company_327,DevTools,US,2023-11-14,organic,Pro,29,True,True,S-6b200f,2024-02-17,2024-05-30,1421,17052,True,False,annual,True,62.0,1.0,7.0,3.8464437689969606
A-600734,Company_327,DevTools,US,2023-11-14,organic,Pro,29,True,True,S-e3255c,2024-10-08,,1421,17052,False,False,monthly,True,80.0,2.0,7.0,3.8464437689969606
A-600734,Company_327,DevTools,US,2023-11-14,organic,Pro,29,True,True,S-eef0cd,2024-01-13,,1421,17052,False,False,annual,True,73.0,0.0,7.0,3.8464437689969606
A-600734,Company_327,DevTools,US,2023-11-14,organic,Pro,29,True,True,S-5f1d80,2024-04-17,,551,6612,False,False,monthly,True,62.0,3.0,7.0,3.8464437689969606
A-600734,Company_327,DevTools,US,2023-11-14,organic,Pro,29,True,True,S-6630bc,2024-03-07,,5771,69252,False,False,monthly,True,37.0,4.0,7.0,3.8464437689969606
A-86fc1d,Company_328,DevTools,UK,2024-07-26,partner,Basic,26,False,False,S-1a3627,2024-12-31,,0,0,False,False,monthly,True,25.0,0.0,5.0,3.988765957446809
A-86fc1d,Company_328,DevTools,UK,2024-07-26,partner,Basic,26,False,False,S-afc4cb,2024-10-16,,494,5928,False,False,monthly,True,59.0,3.0,5.0,3.988765957446809
A-86fc1d,Company_328,DevTools,UK,2024-07-26,partner,Basic,26,False,False,S-0ec1d3,2024-08-08,,2744,32928,False,False,annual,True,32.0,3.0,5.0,3.988765957446809
A-86fc1d,Company_328,DevTools,UK,2024-07-26,partner,Basic,26,False,False,S-ac4799,2024-10-14,2024-10-20,0,0,True,False,monthly,True,49.0,7.0,5.0,3.988765957446809
A-86fc1d,Company_328,DevTools,UK,2024-07-26,partner,Basic,26,False,False,S-807f28,2024-11-05,,5174,62088,False,False,monthly,False,57.0,2.0,5.0,3.988765957446809
A-86fc1d,Company_328,DevTools,UK,2024-07-26,partner,Basic,26,False,False,S-4df118,2024-10-28,2024-11-02,494,5928,True,False,monthly,True,52.0,3.0,5.0,3.988765957446809
A-86fc1d,Company_328,DevTools,UK,2024-07-26,partner,Basic,26,False,False,S-188518,2024-11-08,,0,0,False,False,monthly,True,26.0,2.0,5.0,3.988765957446809
A-86fc1d,Company_328,DevTools,UK,2024-07-26,partner,Basic,26,False,False,S-aa751f,2024-10-16,,703,8436,False,False,monthly,True,24.0,2.0,5.0,3.988765957446809
A-86fc1d,Company_328,DevTools,UK,2024-07-26,partner,Basic,26,False,False,S-a4a6c9,2024-08-16,,5572,66864,True,False,monthly,True,39.0,4.0,5.0,3.988765957446809
A-78f02b,Company_329,HealthTech,US,2024-11-17,event,Enterprise,11,False,False,S-9c85b0,2024-11-19,,2189,26268,False,False,annual,True,47.0,1.0,4.0,3.9953191489361704
A-78f02b,Company_329,HealthTech,US,2024-11-17,event,Enterprise,11,False,False,S-b37b2a,2024-12-08,,539,6468,True,False,annual,True,45.0,9.0,4.0,3.9953191489361704
A-78f02b,Company_329,HealthTech,US,2024-11-17,event,Enterprise,11,False,False,S-acf8ce,2024-12-06,,8771,105252,False,False,monthly,False,63.0,5.0,4.0,3.9953191489361704
A-78f02b,Company_329,HealthTech,US,2024-11-17,event,Enterprise,11,False,False,S-e702a4,2024-11-26,,3582,42984,False,False,annual,True,56.0,1.0,4.0,3.9953191489361704
A-acb7f7,Company_330,EdTech,US,2024-01-06,ads,Basic,32,False,False,S-f0ad87,2024-10-13,,0,0,False,False,annual,False,51.0,2.0,3.0,3.660425531914894
A-acb7f7,Company_330,EdTech,US,2024-01-06,ads,Basic,32,False,False,S-f463d3,2024-03-24,,6368,76416,True,False,monthly,True,71.0,4.0,3.0,3.660425531914894
A-acb7f7,Company_330,EdTech,US,2024-01-06,ads,Basic,32,False,False,S-8b1c37,2024-03-28,,0,0,False,False,monthly,False,46.0,5.0,3.0,3.660425531914894
A-acb7f7,Company_330,EdTech,US,2024-01-06,ads,Basic,32,False,False,S-d5ce9f,2024-02-20,,741,8892,False,False,monthly,True,69.0,2.0,3.0,3.660425531914894
A-acb7f7,Company_330,EdTech,US,2024-01-06,ads,Basic,32,False,False,S-af4059,2024-01-07,,6368,76416,False,False,annual,True,79.0,8.0,3.0,3.660425531914894
A-acb7f7,Company_330,EdTech,US,2024-01-06,ads,Basic,32,False,False,S-4a3e6c,2024-06-19,,1568,18816,False,False,monthly,True,47.0,3.0,3.0,3.660425531914894
A-acb7f7,Company_330,EdTech,US,2024-01-06,ads,Basic,32,False,False,S-0334aa,2024-04-12,,2009,24108,True,False,annual,True,27.0,4.0,3.0,3.660425531914894
A-acb7f7,Company_330,EdTech,US,2024-01-06,ads,Basic,32,False,False,S-1bf697,2024-08-31,,1568,18816,False,False,monthly,True,22.0,1.0,3.0,3.660425531914894
A-acb7f7,Company_330,EdTech,US,2024-01-06,ads,Basic,32,False,False,S-53ff75,2024-11-26,,608,7296,False,True,monthly,True,44.0,3.0,3.0,3.660425531914894
A-acb7f7,Company_330,EdTech,US,2024-01-06,ads,Basic,32,False,False,S-eb4b0a,2024-12-28,,608,7296,False,False,annual,True,59.0,2.0,3.0,3.660425531914894
A-acb7f7,Company_330,EdTech,US,2024-01-06,ads,Basic,32,False,False,S-398291,2024-07-15,,6368,76416,False,False,monthly,True,41.0,0.0,3.0,3.660425531914894
A-acb7f7,Company_330,EdTech,US,2024-01-06,ads,Basic,32,False,False,S-84dd93,2024-02-16,,6368,76416,False,False,annual,True,56.0,2.0,3.0,3.660425531914894
A-712f1c,Company_331,DevTools,US,2023-12-16,ads,Basic,17,False,True,S-76e7d9,2024-02-09,,8756,105072,False,False,monthly,True,40.0,0.0,6.0,3.993758865248227
A-712f1c,Company_331,DevTools,US,2023-12-16,ads,Basic,17,False,True,S-f97609,2024-05-15,,1862,22344,True,False,annual,False,69.0,5.0,6.0,3.993758865248227
A-712f1c,Company_331,DevTools,US,2023-12-16,ads,Basic,17,False,True,S-a554da,2024-04-09,2024-07-23,3383,40596,False,False,annual,True,64.0,2.0,6.0,3.993758865248227
A-712f1c,Company_331,DevTools,US,2023-12-16,ads,Basic,17,False,True,S-54d2a3,2024-01-21,,3383,40596,False,False,monthly,True,70.0,8.0,6.0,3.993758865248227
A-712f1c,Company_331,DevTools,US,2023-12-16,ads,Basic,17,False,True,S-19029a,2024-12-11,,833,9996,False,False,annual,True,81.0,1.0,6.0,3.993758865248227
A-712f1c,Company_331,DevTools,US,2023-12-16,ads,Basic,17,False,True,S-43f9f8,2024-01-03,,456,5472,False,False,monthly,True,25.0,1.0,6.0,3.993758865248227
A-712f1c,Company_331,DevTools,US,2023-12-16,ads,Basic,17,False,True,S-1cfab2,2024-12-01,,7363,88356,False,False,monthly,True,27.0,5.0,6.0,3.993758865248227
A-712f1c,Company_331,DevTools,US,2023-12-16,ads,Basic,17,False,True,S-2ff0ab,2024-05-11,,323,3876,True,False,monthly,True,16.0,0.0,6.0,3.993758865248227
A-712f1c,Company_331,DevTools,US,2023-12-16,ads,Basic,17,False,True,S-4fc5ca,2024-03-11,,14925,179100,False,False,annual,True,34.0,3.0,6.0,3.993758865248227
A-712f1c,Company_331,DevTools,US,2023-12-16,ads,Basic,17,False,True,S-302add,2024-10-05,,833,9996,False,False,annual,True,67.0,2.0,6.0,3.993758865248227
A-712f1c,Company_331,DevTools,US,2023-12-16,ads,Basic,17,False,True,S-9ac7cb,2024-04-19,,882,10584,False,False,monthly,True,66.0,5.0,6.0,3.993758865248227
A-712f1c,Company_331,DevTools,US,2023-12-16,ads,Basic,17,False,True,S-5ddeef,2024-01-28,,0,0,False,False,annual,False,72.0,2.0,6.0,3.993758865248227
A-3793ee,Company_332,Cybersecurity,CA,2023-03-21,organic,Enterprise,49,True,False,S-ab152e,2024-07-22,,9751,117012,False,True,monthly,True,55.0,6.0,4.0,3.9859574468085106
A-3793ee,Company_332,Cybersecurity,CA,2023-03-21,organic,Enterprise,49,True,False,S-b1d153,2023-11-23,2024-10-08,2401,28812,False,False,monthly,True,42.0,1.0,4.0,3.9859574468085106
A-3793ee,Company_332,Cybersecurity,CA,2023-03-21,organic,Enterprise,49,True,False,S-75fe32,2024-03-13,,2401,28812,False,False,annual,True,75.0,1.0,4.0,3.9859574468085106
A-3793ee,Company_332,Cybersecurity,CA,2023-03-21,organic,Enterprise,49,True,False,S-f6f308,2023-11-20,,0,0,True,False,annual,True,45.0,1.0,4.0,3.9859574468085106
A-3793ee,Company_332,Cybersecurity,CA,2023-03-21,organic,Enterprise,49,True,False,S-bf39f7,2024-01-24,,2401,28812,False,False,monthly,True,60.0,0.0,4.0,3.9859574468085106
A-3793ee,Company_332,Cybersecurity,CA,2023-03-21,organic,Enterprise,49,True,False,S-efdeae,2024-10-23,,9751,117012,False,False,monthly,False,12.0,0.0,4.0,3.9859574468085106
A-3793ee,Company_332,Cybersecurity,CA,2023-03-21,organic,Enterprise,49,True,False,S-75985b,2023-11-25,,0,0,False,False,monthly,True,63.0,2.0,4.0,3.9859574468085106
A-9a532a,Company_333,HealthTech,US,2024-07-06,partner,Enterprise,11,False,False,S-2ccc04,2024-10-18,,2189,26268,False,False,monthly,True,111.0,5.0,2.0,3.981276595744681
A-9a532a,Company_333,HealthTech,US,2024-07-06,partner,Enterprise,11,False,False,S-ed1026,2024-09-21,,2189,26268,False,False,annual,True,27.0,0.0,2.0,3.981276595744681
A-9a532a,Company_333,HealthTech,US,2024-07-06,partner,Enterprise,11,False,False,S-f71904,2024-09-28,,0,0,False,False,monthly,True,27.0,3.0,2.0,3.981276595744681
A-9a532a,Company_333,HealthTech,US,2024-07-06,partner,Enterprise,11,False,False,S-255846,2024-08-28,,6567,78804,False,False,monthly,True,20.0,7.0,2.0,3.981276595744681
A-2ebb4b,Company_334,HealthTech,US,2023-05-15,ads,Basic,41,False,False,S-b9fc6c,2023-06-16,,779,9348,False,False,annual,True,44.0,6.0,2.0,3.0
A-2ebb4b,Company_334,HealthTech,US,2023-05-15,ads,Basic,41,False,False,S-a68f4f,2023-06-04,,0,0,False,False,monthly,True,32.0,0.0,2.0,3.0
A-2ebb4b,Company_334,HealthTech,US,2023-05-15,ads,Basic,41,False,False,S-f6cd70,2023-10-14,,2009,24108,False,False,annual,True,78.0,6.0,2.0,3.0
A-2ebb4b,Company_334,HealthTech,US,2023-05-15,ads,Basic,41,False,False,S-feaca1,2023-10-03,,12935,155220,False,False,monthly,True,30.0,0.0,2.0,3.0
A-2ebb4b,Company_334,HealthTech,US,2023-05-15,ads,Basic,41,False,False,S-eaa2c2,2024-05-06,,779,9348,False,False,monthly,True,51.0,3.0,2.0,3.0
A-2ebb4b,Company_334,HealthTech,US,2023-05-15,ads,Basic,41,False,False,S-a7a7c7,2023-11-02,,0,0,False,False,monthly,True,32.0,4.0,2.0,3.0
A-2ebb4b,Company_334,HealthTech,US,2023-05-15,ads,Basic,41,False,False,S-3c87b4,2024-12-10,,2009,24108,False,False,monthly,True,85.0,6.0,2.0,3.0
A-2ebb4b,Company_334,HealthTech,US,2023-05-15,ads,Basic,41,False,False,S-cb5020,2024-06-02,,8159,97908,False,False,monthly,True,32.0,2.0,2.0,3.0
A-2ebb4b,Company_334,HealthTech,US,2023-05-15,ads,Basic,41,False,False,S-ae1278,2024-07-02,2024-08-13,2009,24108,False,False,monthly,True,46.0,1.0,2.0,3.0
A-2ebb4b,Company_334,HealthTech,US,2023-05-15,ads,Basic,41,False,False,S-e56037,2024-05-25,,2009,24108,True,False,annual,True,58.0,5.0,2.0,3.0
A-6843f2,Company_335,HealthTech,CA,2024-12-10,ads,Enterprise,21,False,False,S-13ca37,2024-12-21,,0,0,False,True,monthly,True,84.0,4.0,2.0,3.0
A-6843f2,Company_335,HealthTech,CA,2024-12-10,ads,Enterprise,21,False,False,S-041624,2024-12-12,,4179,50148,False,False,monthly,True,59.0,2.0,2.0,3.0
A-6843f2,Company_335,HealthTech,CA,2024-12-10,ads,Enterprise,21,False,False,S-09761d,2024-12-31,,1127,13524,False,False,annual,True,20.0,1.0,2.0,3.0
A-6843f2,Company_335,HealthTech,CA,2024-12-10,ads,Enterprise,21,False,False,S-16fb78,2024-12-15,,4179,50148,False,False,monthly,True,20.0,1.0,2.0,3.0
A-6843f2,Company_335,HealthTech,CA,2024-12-10,ads,Enterprise,21,False,False,S-1bb4f4,2024-12-19,,399,4788,False,False,annual,True,54.0,2.0,2.0,3.0
A-6843f2,Company_335,HealthTech,CA,2024-12-10,ads,Enterprise,21,False,False,S-38a5fb,2024-12-14,,4179,50148,False,False,monthly,True,102.0,1.0,2.0,3.0
A-6843f2,Company_335,HealthTech,CA,2024-12-10,ads,Enterprise,21,False,False,S-f9b4d8,2024-12-31,,1029,12348,False,False,annual,True,9.0,0.0,2.0,3.0
A-6843f2,Company_335,HealthTech,CA,2024-12-10,ads,Enterprise,21,False,False,S-ad32a8,2024-12-11,,1029,12348,False,False,monthly,True,76.0,6.0,2.0,3.0
A-6843f2,Company_335,HealthTech,CA,2024-12-10,ads,Enterprise,21,False,False,S-6b1de8,2024-12-27,,399,4788,False,False,monthly,True,57.0,0.0,2.0,3.0
A-c9bb3e,Company_336,EdTech,US,2024-03-24,ads,Pro,5,False,False,S-25a969,2024-06-02,,285,3420,False,False,annual,True,71.0,2.0,7.0,4.137507598784195
A-c9bb3e,Company_336,EdTech,US,2024-03-24,ads,Pro,5,False,False,S-4df6ec,2024-11-02,,190,2280,False,False,monthly,True,9.0,1.0,7.0,4.137507598784195
A-c9bb3e,Company_336,EdTech,US,2024-03-24,ads,Pro,5,False,False,S-b2d7c6,2024-08-20,,0,0,True,False,monthly,True,29.0,2.0,7.0,4.137507598784195
A-c9bb3e,Company_336,EdTech,US,2024-03-24,ads,Pro,5,False,False,S-6608d9,2024-10-26,,3582,42984,False,False,annual,True,43.0,2.0,7.0,4.137507598784195
A-c9bb3e,Company_336,EdTech,US,2024-03-24,ads,Pro,5,False,False,S-fc2742,2024-08-13,,2189,26268,False,False,annual,True,59.0,0.0,7.0,4.137507598784195
A-c9bb3e,Company_336,EdTech,US,2024-03-24,ads,Pro,5,False,False,S-8c9649,2024-09-30,,490,5880,False,False,monthly,False,61.0,2.0,7.0,4.137507598784195
A-c9bb3e,Company_336,EdTech,US,2024-03-24,ads,Pro,5,False,False,S-2ae5d8,2024-06-08,,245,2940,False,False,monthly,True,62.0,3.0,7.0,4.137507598784195
A-c9bb3e,Company_336,EdTech,US,2024-03-24,ads,Pro,5,False,False,S-cfaa97,2024-09-13,,494,5928,False,False,monthly,True,50.0,4.0,7.0,4.137507598784195
A-c9bb3e,Company_336,EdTech,US,2024-03-24,ads,Pro,5,False,False,S-ff4611,2024-04-25,,6027,72324,False,False,annual,True,30.0,1.0,7.0,4.137507598784195
A-c9bb3e,Company_336,EdTech,US,2024-03-24,ads,Pro,5,False,False,S-765a5f,2024-04-01,2024-04-02,1715,20580,False,False,annual,True,60.0,3.0,7.0,4.137507598784195
A-4814a3,Company_337,Cybersecurity,IN,2024-09-17,event,Basic,87,False,True,S-0e8ae2,2024-11-24,,0,0,False,False,monthly,True,112.0,9.0,4.0,3.9859574468085106
A-4814a3,Company_337,Cybersecurity,IN,2024-09-17,event,Basic,87,False,True,S-430691,2024-11-13,,4263,51156,False,False,monthly,True,87.0,7.0,4.0,3.9859574468085106
A-4814a3,Company_337,Cybersecurity,IN,2024-09-17,event,Basic,87,False,True,S-bef342,2024-11-26,,17313,207756,False,False,annual,True,45.0,0.0,4.0,3.9859574468085106
A-4814a3,Company_337,Cybersecurity,IN,2024-09-17,event,Basic,87,False,True,S-951053,2024-11-24,,4263,51156,True,False,monthly,False,55.0,2.0,4.0,3.9859574468085106
A-4814a3,Company_337,Cybersecurity,IN,2024-09-17,event,Basic,87,False,True,S-2c5e1c,2024-12-08,,17313,207756,False,True,monthly,True,40.0,6.0,4.0,3.9859574468085106
A-4814a3,Company_337,Cybersecurity,IN,2024-09-17,event,Basic,87,False,True,S-8cba1c,2024-10-19,,0,0,False,False,monthly,False,19.0,4.0,4.0,3.9859574468085106
A-4814a3,Company_337,Cybersecurity,IN,2024-09-17,event,Basic,87,False,True,S-db7c1d,2024-10-05,,1653,19836,False,False,monthly,True,87.0,7.0,4.0,3.9859574468085106
A-4814a3,Company_337,Cybersecurity,IN,2024-09-17,event,Basic,87,False,True,S-cd6d68,2024-12-30,,4263,51156,False,False,monthly,True,46.0,0.0,4.0,3.9859574468085106
A-4814a3,Company_337,Cybersecurity,IN,2024-09-17,event,Basic,87,False,True,S-cf12f4,2024-09-27,,4263,51156,True,False,monthly,True,36.0,7.0,4.0,3.9859574468085106
A-4814a3,Company_337,Cybersecurity,IN,2024-09-17,event,Basic,87,False,True,S-2e0575,2024-11-06,2024-12-31,17313,207756,False,False,annual,True,13.0,0.0,4.0,3.9859574468085106
A-4814a3,Company_337,Cybersecurity,IN,2024-09-17,event,Basic,87,False,True,S-9842bb,2024-10-27,,17313,207756,False,False,monthly,False,47.0,3.0,4.0,3.9859574468085106
A-b7b7b7,Company_338,FinTech,US,2024-06-30,event,Basic,24,False,True,S-c29f3a,2024-09-10,,1176,14112,True,False,monthly,False,50.0,2.0,3.0,4.6604255319148935
A-b7b7b7,Company_338,FinTech,US,2024-06-30,event,Basic,24,False,True,S-c1012c,2024-09-19,,4776,57312,False,False,monthly,True,69.0,6.0,3.0,4.6604255319148935
A-b7b7b7,Company_338,FinTech,US,2024-06-30,event,Basic,24,False,True,S-2e7756,2024-08-27,,3283,39396,False,False,annual,True,30.0,1.0,3.0,4.6604255319148935
A-b7b7b7,Company_338,FinTech,US,2024-06-30,event,Basic,24,False,True,S-f0972b,2024-09-02,,5373,64476,False,False,monthly,True,65.0,0.0,3.0,4.6604255319148935
A-b7b7b7,Company_338,FinTech,US,2024-06-30,event,Basic,24,False,True,S-f5bd45,2024-10-20,,7761,93132,False,False,monthly,True,39.0,2.0,3.0,4.6604255319148935
A-b7b7b7,Company_338,FinTech,US,2024-06-30,event,Basic,24,False,True,S-5521a1,2024-11-04,,2205,26460,False,False,annual,True,64.0,0.0,3.0,4.6604255319148935
A-b7b7b7,Company_338,FinTech,US,2024-06-30,event,Basic,24,False,True,S-5b699e,2024-09-16,,456,5472,False,False,annual,True,19.0,3.0,3.0,4.6604255319148935
A-b7b7b7,Company_338,FinTech,US,2024-06-30,event,Basic,24,False,True,S-80ed6b,2024-07-29,,1176,14112,False,False,annual,True,41.0,0.0,3.0,4.6604255319148935
A-b7b7b7,Company_338,FinTech,US,2024-06-30,event,Basic,24,False,True,S-cef05a,2024-10-20,,0,0,False,False,monthly,True,59.0,2.0,3.0,4.6604255319148935
A-b7b7b7,Company_338,FinTech,US,2024-06-30,event,Basic,24,False,True,S-1c2a4a,2024-12-29,,1176,14112,False,False,annual,True,43.0,4.0,3.0,4.6604255319148935
A-b7b7b7,Company_338,FinTech,US,2024-06-30,event,Basic,24,False,True,S-2d21b9,2024-07-12,,1176,14112,False,False,annual,True,47.0,1.0,3.0,4.6604255319148935
A-b7b7b7,Company_338,FinTech,US,2024-06-30,event,Basic,24,False,True,S-b70eef,2024-11-12,,0,0,False,False,monthly,True,45.0,5.0,3.0,4.6604255319148935
A-ccc747,Company_339,HealthTech,FR,2024-01-12,event,Pro,16,False,True,S-aa3a36,2024-05-13,,0,0,True,False,monthly,False,41.0,1.0,4.0,4.235957446808511
A-ccc747,Company_339,HealthTech,FR,2024-01-12,event,Pro,16,False,True,S-a102aa,2024-06-24,,1813,21756,True,False,monthly,False,18.0,1.0,4.0,4.235957446808511
A-ccc747,Company_339,HealthTech,FR,2024-01-12,event,Pro,16,False,True,S-934bd4,2024-11-04,,304,3648,False,False,annual,True,77.0,6.0,4.0,4.235957446808511
A-ccc747,Company_339,HealthTech,FR,2024-01-12,event,Pro,16,False,True,S-94d88f,2024-09-11,,784,9408,False,False,annual,False,23.0,1.0,4.0,4.235957446808511
A-ccc747,Company_339,HealthTech,FR,2024-01-12,event,Pro,16,False,True,S-de7a48,2024-10-15,2024-12-30,1127,13524,False,False,annual,True,57.0,1.0,4.0,4.235957446808511
A-ccc747,Company_339,HealthTech,FR,2024-01-12,event,Pro,16,False,True,S-f49f24,2024-07-14,,784,9408,False,False,annual,False,68.0,3.0,4.0,4.235957446808511
A-bb3bd4,Company_340,HealthTech,US,2024-01-27,ads,Basic,23,False,False,S-342037,2024-04-05,,4577,54924,True,False,annual,True,34.0,0.0,11.0,4.0841005802707935
A-bb3bd4,Company_340,HealthTech,US,2024-01-27,ads,Basic,23,False,False,S-12c163,2024-12-16,,0,0,False,False,annual,True,38.0,3.0,11.0,4.0841005802707935
A-bb3bd4,Company_340,HealthTech,US,2024-01-27,ads,Basic,23,False,False,S-97aa94,2024-06-11,,437,5244,False,False,annual,True,0.0,0.0,11.0,4.0841005802707935
A-bb3bd4,Company_340,HealthTech,US,2024-01-27,ads,Basic,23,False,False,S-7d66fb,2024-08-18,,437,5244,False,False,monthly,True,74.0,4.0,11.0,4.0841005802707935
A-bb3bd4,Company_340,HealthTech,US,2024-01-27,ads,Basic,23,False,False,S-a1676a,2024-05-06,,1127,13524,False,False,annual,True,50.0,1.0,11.0,4.0841005802707935
A-bb3bd4,Company_340,HealthTech,US,2024-01-27,ads,Basic,23,False,False,S-9eb2c5,2024-09-16,,437,5244,True,False,monthly,True,66.0,3.0,11.0,4.0841005802707935
A-bb3bd4,Company_340,HealthTech,US,2024-01-27,ads,Basic,23,False,False,S-550202,2024-12-17,,437,5244,False,False,annual,True,53.0,0.0,11.0,4.0841005802707935
A-09316c,Company_341,FinTech,AU,2024-09-11,organic,Enterprise,70,False,False,S-1fd72a,2024-11-27,,3430,41160,False,False,annual,True,65.0,5.0,4.0,3.75
A-09316c,Company_341,FinTech,AU,2024-09-11,organic,Enterprise,70,False,False,S-7d4240,2024-11-11,,1330,15960,False,False,monthly,True,26.0,6.0,4.0,3.75
A-09316c,Company_341,FinTech,AU,2024-09-11,organic,Enterprise,70,False,False,S-a67bb7,2024-09-19,,13930,167160,False,False,monthly,True,71.0,1.0,4.0,3.75
A-09316c,Company_341,FinTech,AU,2024-09-11,organic,Enterprise,70,False,False,S-fdb8f1,2024-09-23,,13930,167160,False,False,annual,True,86.0,3.0,4.0,3.75
A-09316c,Company_341,FinTech,AU,2024-09-11,organic,Enterprise,70,False,False,S-e5d9a4,2024-12-07,,13930,167160,True,False,annual,True,90.0,5.0,4.0,3.75
A-09316c,Company_341,FinTech,AU,2024-09-11,organic,Enterprise,70,False,False,S-383ac2,2024-10-22,,0,0,False,False,monthly,False,48.0,0.0,4.0,3.75
A-09316c,Company_341,FinTech,AU,2024-09-11,organic,Enterprise,70,False,False,S-d98caa,2024-12-29,,13930,167160,False,False,annual,True,33.0,2.0,4.0,3.75
A-09316c,Company_341,FinTech,AU,2024-09-11,organic,Enterprise,70,False,False,S-83a9a4,2024-11-26,,3430,41160,True,False,annual,True,8.0,0.0,4.0,3.75
A-09316c,Company_341,FinTech,AU,2024-09-11,organic,Enterprise,70,False,False,S-5f4afc,2024-11-15,,3430,41160,False,False,monthly,True,63.0,8.0,4.0,3.75
A-09316c,Company_341,FinTech,AU,2024-09-11,organic,Enterprise,70,False,False,S-fb0905,2024-12-10,,1330,15960,False,False,annual,True,25.0,0.0,4.0,3.75
A-09316c,Company_341,FinTech,AU,2024-09-11,organic,Enterprise,70,False,False,S-39a5a7,2024-09-22,,1330,15960,False,False,monthly,True,51.0,1.0,4.0,3.75
A-96bbc6,Company_342,Cybersecurity,US,2024-05-07,organic,Enterprise,39,False,False,S-15d2d2,2024-06-07,,7761,93132,False,False,monthly,True,72.0,3.0,3.0,3.3333333333333335
A-96bbc6,Company_342,Cybersecurity,US,2024-05-07,organic,Enterprise,39,False,False,S-5a5bdb,2024-09-08,,3136,37632,False,False,annual,True,63.0,4.0,3.0,3.3333333333333335
A-96bbc6,Company_342,Cybersecurity,US,2024-05-07,organic,Enterprise,39,False,False,S-113e86,2024-05-23,,1911,22932,True,False,monthly,True,99.0,8.0,3.0,3.3333333333333335
A-96bbc6,Company_342,Cybersecurity,US,2024-05-07,organic,Enterprise,39,False,False,S-a6820d,2024-12-12,,1911,22932,False,False,annual,False,40.0,1.0,3.0,3.3333333333333335
A-96bbc6,Company_342,Cybersecurity,US,2024-05-07,organic,Enterprise,39,False,False,S-0bccd9,2024-12-25,,741,8892,False,True,monthly,True,75.0,2.0,3.0,3.3333333333333335
A-96bbc6,Company_342,Cybersecurity,US,2024-05-07,organic,Enterprise,39,False,False,S-ee956d,2024-09-01,,1911,22932,False,False,annual,True,28.0,0.0,3.0,3.3333333333333335
A-96bbc6,Company_342,Cybersecurity,US,2024-05-07,organic,Enterprise,39,False,False,S-9fae95,2024-12-08,,11144,133728,True,False,annual,True,53.0,2.0,3.0,3.3333333333333335
A-96bbc6,Company_342,Cybersecurity,US,2024-05-07,organic,Enterprise,39,False,False,S-31d8aa,2024-05-28,,1911,22932,True,False,annual,True,52.0,5.0,3.0,3.3333333333333335
A-bc4d48,Company_343,EdTech,US,2024-06-12,ads,Pro,35,True,False,S-a1cc61,2024-07-04,,665,7980,False,False,annual,True,36.0,1.0,6.0,4.16354609929078
A-bc4d48,Company_343,EdTech,US,2024-06-12,ads,Pro,35,True,False,S-c65c8b,2024-06-26,,665,7980,False,False,annual,False,21.0,1.0,6.0,4.16354609929078
A-bc4d48,Company_343,EdTech,US,2024-06-12,ads,Pro,35,True,False,S-d619ad,2024-06-29,,0,0,False,False,monthly,True,53.0,2.0,6.0,4.16354609929078
A-bc4d48,Company_343,EdTech,US,2024-06-12,ads,Pro,35,True,False,S-07c505,2024-07-12,,1715,20580,True,False,monthly,True,56.0,1.0,6.0,4.16354609929078
A-bc4d48,Company_343,EdTech,US,2024-06-12,ads,Pro,35,True,False,S-5b9bb9,2024-08-29,,1715,20580,False,False,annual,False,65.0,1.0,6.0,4.16354609929078
A-bc4d48,Company_343,EdTech,US,2024-06-12,ads,Pro,35,True,False,S-d920e7,2024-11-28,,6965,83580,False,False,annual,False,31.0,3.0,6.0,4.16354609929078
A-bc4d48,Company_343,EdTech,US,2024-06-12,ads,Pro,35,True,False,S-03bfa3,2024-12-27,,665,7980,False,False,annual,True,59.0,0.0,6.0,4.16354609929078
A-b30291,Company_344,HealthTech,US,2024-04-05,event,Basic,5,True,True,S-37e3ad,2024-04-25,,95,1140,False,False,monthly,True,19.0,0.0,1.0,3.981276595744681
A-b30291,Company_344,HealthTech,US,2024-04-05,event,Basic,5,True,True,S-a44d72,2024-06-12,,882,10584,False,False,monthly,True,60.0,4.0,1.0,3.981276595744681
A-b30291,Company_344,HealthTech,US,2024-04-05,event,Basic,5,True,True,S-1a9fb7,2024-06-04,,3184,38208,False,False,monthly,True,28.0,0.0,1.0,3.981276595744681
A-b30291,Company_344,HealthTech,US,2024-04-05,event,Basic,5,True,True,S-9dcef8,2024-09-27,,779,9348,False,False,monthly,True,28.0,1.0,1.0,3.981276595744681
A-b30291,Company_344,HealthTech,US,2024-04-05,event,Basic,5,True,True,S-d92159,2024-12-22,,245,2940,False,False,annual,True,102.0,1.0,1.0,3.981276595744681
A-b30291,Company_344,HealthTech,US,2024-04-05,event,Basic,5,True,True,S-a96f6c,2024-10-23,,0,0,False,False,monthly,True,59.0,6.0,1.0,3.981276595744681
A-b30291,Company_344,HealthTech,US,2024-04-05,event,Basic,5,True,True,S-b9ea73,2024-04-09,,95,1140,False,False,monthly,True,10.0,0.0,1.0,3.981276595744681
A-b30291,Company_344,HealthTech,US,2024-04-05,event,Basic,5,True,True,S-6100a4,2024-10-21,,0,0,False,False,annual,True,81.0,4.0,1.0,3.981276595744681
A-b30291,Company_344,HealthTech,US,2024-04-05,event,Basic,5,True,True,S-1f5841,2024-05-08,,95,1140,False,False,annual,True,70.0,12.0,1.0,3.981276595744681
A-b30291,Company_344,HealthTech,US,2024-04-05,event,Basic,5,True,True,S-2178f0,2024-09-26,2024-11-02,0,0,False,False,monthly,True,62.0,3.0,1.0,3.981276595744681
A-cdf020,Company_345,DevTools,AU,2023-08-16,organic,Pro,23,False,False,S-bdf8bf,2023-12-01,2024-09-23,1519,18228,False,False,monthly,True,63.0,2.0,4.0,3.9953191489361704
A-cdf020,Company_345,DevTools,AU,2023-08-16,organic,Pro,23,False,False,S-3ee7c3,2024-04-06,2024-11-10,4577,54924,False,False,monthly,False,44.0,1.0,4.0,3.9953191489361704
A-cdf020,Company_345,DevTools,AU,2023-08-16,organic,Pro,23,False,False,S-91cd9b,2024-01-31,2024-07-03,2205,26460,False,False,annual,True,77.0,1.0,4.0,3.9953191489361704
A-cdf020,Company_345,DevTools,AU,2023-08-16,organic,Pro,23,False,False,S-f28cde,2024-07-13,,1127,13524,True,False,annual,True,40.0,6.0,4.0,3.9953191489361704
A-cdf020,Company_345,DevTools,AU,2023-08-16,organic,Pro,23,False,False,S-991d05,2024-01-25,,1911,22932,False,False,annual,False,55.0,6.0,4.0,3.9953191489361704
A-cdf020,Company_345,DevTools,AU,2023-08-16,organic,Pro,23,False,False,S-d031a4,2024-10-09,,2156,25872,False,False,monthly,True,24.0,0.0,4.0,3.9953191489361704
A-cdf020,Company_345,DevTools,AU,2023-08-16,organic,Pro,23,False,False,S-f482de,2024-04-11,,0,0,False,False,monthly,True,38.0,0.0,4.0,3.9953191489361704
A-cdf020,Company_345,DevTools,AU,2023-08-16,organic,Pro,23,False,False,S-644316,2024-10-07,,4577,54924,True,False,annual,True,38.0,2.0,4.0,3.9953191489361704
A-e6afc1,Company_346,DevTools,US,2023-02-24,ads,Pro,1,False,False,S-9dfce0,2024-08-30,,98,1176,False,False,annual,True,58.0,0.0,0.0,3.981276595744681
A-e6afc1,Company_346,DevTools,US,2023-02-24,ads,Pro,1,False,False,S-aaed3e,2024-12-18,,0,0,False,False,monthly,False,111.0,8.0,0.0,3.981276595744681
A-e6afc1,Company_346,DevTools,US,2023-02-24,ads,Pro,1,False,False,S-8d122e,2024-07-12,,3184,38208,False,False,monthly,True,103.0,4.0,0.0,3.981276595744681
A-e6afc1,Company_346,DevTools,US,2023-02-24,ads,Pro,1,False,False,S-8f8c47,2023-08-27,,0,0,False,False,monthly,True,69.0,7.0,0.0,3.981276595744681
A-e6afc1,Company_346,DevTools,US,2023-02-24,ads,Pro,1,False,False,S-98dd7d,2023-05-24,,10149,121788,False,False,annual,True,30.0,0.0,0.0,3.981276595744681
A-e6afc1,Company_346,DevTools,US,2023-02-24,ads,Pro,1,False,False,S-de473d,2023-05-31,,294,3528,False,False,monthly,True,64.0,1.0,0.0,3.981276595744681
A-e6afc1,Company_346,DevTools,US,2023-02-24,ads,Pro,1,False,False,S-02b3a1,2023-08-05,,342,4104,False,False,monthly,True,45.0,2.0,0.0,3.981276595744681
A-e6afc1,Company_346,DevTools,US,2023-02-24,ads,Pro,1,False,False,S-d85c2f,2024-08-15,,4165,49980,False,False,annual,True,44.0,1.0,0.0,3.981276595744681
A-e6afc1,Company_346,DevTools,US,2023-02-24,ads,Pro,1,False,False,S-111683,2023-11-16,,3332,39984,False,False,monthly,True,33.0,3.0,0.0,3.981276595744681
A-e6afc1,Company_346,DevTools,US,2023-02-24,ads,Pro,1,False,False,S-e66964,2023-06-03,,969,11628,False,False,monthly,False,58.0,3.0,0.0,3.981276595744681
A-e6afc1,Company_346,DevTools,US,2023-02-24,ads,Pro,1,False,False,S-35752e,2024-05-08,,49,588,False,False,annual,True,64.0,1.0,0.0,3.981276595744681
A-e3bd71,Company_347,Cybersecurity,US,2023-03-25,partner,Basic,31,False,False,S-a9ec8b,2024-02-11,,6169,74028,False,False,monthly,True,86.0,3.0,4.0,3.9906382978723407
A-e3bd71,Company_347,Cybersecurity,US,2023-03-25,partner,Basic,31,False,False,S-58c146,2024-06-21,,779,9348,False,False,annual,False,65.0,1.0,4.0,3.9906382978723407
A-e3bd71,Company_347,Cybersecurity,US,2023-03-25,partner,Basic,31,False,False,S-eccbe0,2024-12-07,,1519,18228,False,False,annual,False,68.0,1.0,4.0,3.9906382978723407
A-e3bd71,Company_347,Cybersecurity,US,2023-03-25,partner,Basic,31,False,False,S-feba2a,2024-03-09,,0,0,False,False,monthly,True,35.0,4.0,4.0,3.9906382978723407
A-e3bd71,Company_347,Cybersecurity,US,2023-03-25,partner,Basic,31,False,False,S-1319ac,2024-06-02,,1729,20748,False,False,annual,True,53.0,5.0,4.0,3.9906382978723407
A-e3bd71,Company_347,Cybersecurity,US,2023-03-25,partner,Basic,31,False,False,S-a09141,2023-04-03,,6169,74028,False,False,annual,False,41.0,3.0,4.0,3.9906382978723407
A-e3bd71,Company_347,Cybersecurity,US,2023-03-25,partner,Basic,31,False,False,S-88c79e,2024-02-18,2024-04-29,6169,74028,False,False,monthly,True,18.0,2.0,4.0,3.9906382978723407
A-e3bd71,Company_347,Cybersecurity,US,2023-03-25,partner,Basic,31,False,False,S-50815c,2024-01-11,,589,7068,False,False,monthly,True,102.0,3.0,4.0,3.9906382978723407
A-e3bd71,Company_347,Cybersecurity,US,2023-03-25,partner,Basic,31,False,False,S-add36b,2024-03-20,,6169,74028,True,True,monthly,True,42.0,0.0,4.0,3.9906382978723407
A-e3bd71,Company_347,Cybersecurity,US,2023-03-25,partner,Basic,31,False,False,S-de6767,2024-10-19,,6169,74028,False,False,annual,True,61.0,3.0,4.0,3.9906382978723407
A-e3bd71,Company_347,Cybersecurity,US,2023-03-25,partner,Basic,31,False,False,S-752e61,2024-03-24,,6169,74028,False,False,monthly,True,67.0,2.0,4.0,3.9906382978723407
A-b179bf,Company_348,Cybersecurity,IN,2024-10-27,ads,Basic,43,False,False,S-3eb206,2024-12-24,,8557,102684,False,False,monthly,True,65.0,1.0,6.0,3.9843971631205672
A-b179bf,Company_348,Cybersecurity,IN,2024-10-27,ads,Basic,43,False,False,S-f5f01f,2024-12-24,,817,9804,False,False,annual,True,84.0,7.0,6.0,3.9843971631205672
A-b179bf,Company_348,Cybersecurity,IN,2024-10-27,ads,Basic,43,False,False,S-01ae7f,2024-12-25,,0,0,False,False,annual,True,100.0,4.0,6.0,3.9843971631205672
A-b179bf,Company_348,Cybersecurity,IN,2024-10-27,ads,Basic,43,False,False,S-6015db,2024-11-15,,8557,102684,False,False,annual,True,90.0,1.0,6.0,3.9843971631205672
A-b179bf,Company_348,Cybersecurity,IN,2024-10-27,ads,Basic,43,False,False,S-8c118d,2024-10-27,,0,0,False,False,monthly,True,59.0,5.0,6.0,3.9843971631205672
A-098560,Company_349,DevTools,UK,2023-10-21,ads,Enterprise,1,False,True,S-27c993,2024-11-17,,796,9552,False,False,monthly,True,30.0,4.0,2.0,3.0
A-098560,Company_349,DevTools,UK,2023-10-21,ads,Enterprise,1,False,True,S-8dd1f6,2024-03-24,,588,7056,False,False,monthly,False,22.0,6.0,2.0,3.0
A-098560,Company_349,DevTools,UK,2023-10-21,ads,Enterprise,1,False,True,S-091a8d,2024-02-24,,0,0,False,False,monthly,True,18.0,0.0,2.0,3.0
A-098560,Company_349,DevTools,UK,2023-10-21,ads,Enterprise,1,False,True,S-5521f5,2024-04-13,,1225,14700,False,False,monthly,False,59.0,1.0,2.0,3.0
A-098560,Company_349,DevTools,UK,2023-10-21,ads,Enterprise,1,False,True,S-1862f2,2024-07-29,2024-10-21,551,6612,False,False,annual,True,88.0,6.0,2.0,3.0
A-098560,Company_349,DevTools,UK,2023-10-21,ads,Enterprise,1,False,True,S-94aaef,2023-12-10,,1715,20580,True,False,annual,False,53.0,4.0,2.0,3.0
A-098560,Company_349,DevTools,UK,2023-10-21,ads,Enterprise,1,False,True,S-9a8646,2024-04-29,,190,2280,False,False,monthly,True,42.0,2.0,2.0,3.0
A-098560,Company_349,DevTools,UK,2023-10-21,ads,Enterprise,1,False,True,S-ab7a04,2024-09-05,,133,1596,False,False,annual,True,25.0,0.0,2.0,3.0
A-098560,Company_349,DevTools,UK,2023-10-21,ads,Enterprise,1,False,True,S-8f9410,2024-07-19,,597,7164,False,False,annual,True,78.0,7.0,2.0,3.0
A-098560,Company_349,DevTools,UK,2023-10-21,ads,Enterprise,1,False,True,S-daf6aa,2024-10-27,,760,9120,False,False,monthly,True,44.0,1.0,2.0,3.0
A-098560,Company_349,DevTools,UK,2023-10-21,ads,Enterprise,1,False,True,S-0337da,2024-09-02,,5771,69252,False,False,monthly,True,108.0,1.0,2.0,3.0
A-82861f,Company_350,DevTools,UK,2024-04-25,organic,Basic,41,False,False,S-09cdac,2024-07-31,2024-09-04,779,9348,False,False,annual,True,101.0,15.0,5.0,3.2
A-82861f,Company_350,DevTools,UK,2024-04-25,organic,Basic,41,False,False,S-53f831,2024-07-29,,779,9348,False,False,monthly,False,41.0,5.0,5.0,3.2
A-82861f,Company_350,DevTools,UK,2024-04-25,organic,Basic,41,False,False,S-c51ab8,2024-11-19,,8159,97908,False,False,annual,False,56.0,6.0,5.0,3.2
A-82861f,Company_350,DevTools,UK,2024-04-25,organic,Basic,41,False,False,S-8451e7,2024-10-04,,8159,97908,False,False,annual,True,35.0,2.0,5.0,3.2
A-82861f,Company_350,DevTools,UK,2024-04-25,organic,Basic,41,False,False,S-5d434f,2024-05-18,,2009,24108,False,False,monthly,True,30.0,3.0,5.0,3.2
A-82861f,Company_350,DevTools,UK,2024-04-25,organic,Basic,41,False,False,S-1c406a,2024-07-10,,10547,126564,False,False,monthly,True,40.0,5.0,5.0,3.2
A-82861f,Company_350,DevTools,UK,2024-04-25,organic,Basic,41,False,False,S-766d8b,2024-05-27,2024-11-15,8159,97908,False,False,monthly,True,40.0,4.0,5.0,3.2
A-82861f,Company_350,DevTools,UK,2024-04-25,organic,Basic,41,False,False,S-6696a0,2024-08-04,,779,9348,False,False,monthly,True,58.0,1.0,5.0,3.2
A-82861f,Company_350,DevTools,UK,2024-04-25,organic,Basic,41,False,False,S-f94b9b,2024-10-16,2024-11-08,2009,24108,False,False,annual,True,17.0,0.0,5.0,3.2
A-82861f,Company_350,DevTools,UK,2024-04-25,organic,Basic,41,False,False,S-97bc99,2024-05-25,,2254,27048,False,False,annual,True,44.0,2.0,5.0,3.2
A-94c3cd,Company_351,FinTech,CA,2023-09-20,other,Enterprise,32,False,False,S-3e6a40,2024-08-07,,0,0,False,False,monthly,True,38.0,6.0,4.0,3.7406382978723407
A-94c3cd,Company_351,FinTech,CA,2023-09-20,other,Enterprise,32,False,False,S-7501c9,2024-11-23,,0,0,False,False,monthly,True,54.0,4.0,4.0,3.7406382978723407
A-94c3cd,Company_351,FinTech,CA,2023-09-20,other,Enterprise,32,False,False,S-91419b,2024-07-19,,1813,21756,False,False,annual,False,51.0,2.0,4.0,3.7406382978723407
A-94c3cd,Company_351,FinTech,CA,2023-09-20,other,Enterprise,32,False,False,S-5c2991,2024-01-06,,0,0,False,False,annual,True,79.0,4.0,4.0,3.7406382978723407
A-94c3cd,Company_351,FinTech,CA,2023-09-20,other,Enterprise,32,False,False,S-c43200,2024-12-15,,6368,76416,False,False,monthly,True,50.0,0.0,4.0,3.7406382978723407
A-94c3cd,Company_351,FinTech,CA,2023-09-20,other,Enterprise,32,False,False,S-a5a9b8,2024-09-29,,855,10260,False,False,annual,False,34.0,2.0,4.0,3.7406382978723407
A-a33200,Company_352,HealthTech,US,2024-09-15,partner,Basic,29,False,False,S-18f829,2024-11-16,,1764,21168,True,False,annual,True,32.0,3.0,3.0,4.3270921985815605
A-a33200,Company_352,HealthTech,US,2024-09-15,partner,Basic,29,False,False,S-a88726,2024-11-30,,551,6612,False,False,annual,True,40.0,6.0,3.0,4.3270921985815605
A-a33200,Company_352,HealthTech,US,2024-09-15,partner,Basic,29,False,False,S-8e602b,2024-10-26,,1421,17052,False,False,monthly,False,49.0,0.0,3.0,4.3270921985815605
A-a33200,Company_352,HealthTech,US,2024-09-15,partner,Basic,29,False,False,S-6d96c9,2024-10-14,,1421,17052,False,False,monthly,True,39.0,2.0,3.0,4.3270921985815605
A-a33200,Company_352,HealthTech,US,2024-09-15,partner,Basic,29,False,False,S-1d7003,2024-09-27,,5771,69252,False,False,monthly,True,26.0,3.0,3.0,4.3270921985815605
A-a33200,Company_352,HealthTech,US,2024-09-15,partner,Basic,29,False,False,S-decbf7,2024-11-26,,5771,69252,False,False,annual,False,14.0,0.0,3.0,4.3270921985815605
A-a33200,Company_352,HealthTech,US,2024-09-15,partner,Basic,29,False,False,S-6c7227,2024-12-14,,2499,29988,False,False,monthly,True,45.0,0.0,3.0,4.3270921985815605
A-a33200,Company_352,HealthTech,US,2024-09-15,partner,Basic,29,False,False,S-7e44b0,2024-10-14,,1421,17052,False,False,annual,False,30.0,1.0,3.0,4.3270921985815605
A-a33200,Company_352,HealthTech,US,2024-09-15,partner,Basic,29,False,False,S-ba228b,2024-12-20,,551,6612,False,False,monthly,True,51.0,0.0,3.0,4.3270921985815605
A-a33200,Company_352,HealthTech,US,2024-09-15,partner,Basic,29,False,False,S-da9d5f,2024-10-21,,551,6612,False,False,annual,True,78.0,9.0,3.0,4.3270921985815605
A-a33200,Company_352,HealthTech,US,2024-09-15,partner,Basic,29,False,False,S-4e63e7,2024-10-25,2024-11-24,5771,69252,False,False,annual,True,76.0,1.0,3.0,4.3270921985815605
A-a33200,Company_352,HealthTech,US,2024-09-15,partner,Basic,29,False,False,S-c65456,2024-09-26,,1421,17052,False,False,annual,True,37.0,1.0,3.0,4.3270921985815605
A-034368,Company_353,EdTech,US,2023-11-05,event,Enterprise,19,False,False,S-c77f0c,2024-11-29,,551,6612,False,False,monthly,False,35.0,5.0,5.0,3.988765957446809
A-034368,Company_353,EdTech,US,2023-11-05,event,Enterprise,19,False,False,S-cc80ee,2024-12-12,,4577,54924,False,False,monthly,True,71.0,8.0,5.0,3.988765957446809
A-034368,Company_353,EdTech,US,2023-11-05,event,Enterprise,19,False,False,S-8f2b13,2024-10-14,,5572,66864,False,False,annual,True,73.0,5.0,5.0,3.988765957446809
A-034368,Company_353,EdTech,US,2023-11-05,event,Enterprise,19,False,False,S-2a312e,2024-06-21,,494,5928,False,False,monthly,True,35.0,5.0,5.0,3.988765957446809
A-034368,Company_353,EdTech,US,2023-11-05,event,Enterprise,19,False,False,S-639754,2023-12-14,,0,0,False,False,monthly,True,51.0,2.0,5.0,3.988765957446809
A-b54c01,Company_354,DevTools,US,2024-09-29,event,Enterprise,29,False,False,S-47a04b,2024-10-07,,0,0,False,False,annual,True,53.0,0.0,5.0,3.588765957446809
A-b54c01,Company_354,DevTools,US,2024-09-29,event,Enterprise,29,False,False,S-175429,2024-12-23,,551,6612,False,False,annual,False,69.0,6.0,5.0,3.588765957446809
A-b54c01,Company_354,DevTools,US,2024-09-29,event,Enterprise,29,False,False,S-b69d76,2024-10-28,,1421,17052,False,False,monthly,True,47.0,5.0,5.0,3.588765957446809
A-b54c01,Company_354,DevTools,US,2024-09-29,event,Enterprise,29,False,False,S-81510a,2024-10-29,,1421,17052,False,False,annual,True,57.0,6.0,5.0,3.588765957446809
A-d82ef9,Company_355,EdTech,UK,2024-07-02,other,Basic,26,False,True,S-02af5d,2024-08-07,,0,0,False,False,annual,True,29.0,0.0,5.0,4.1962553191489365
A-d82ef9,Company_355,EdTech,UK,2024-07-02,other,Basic,26,False,True,S-3edc14,2024-10-04,,0,0,False,False,annual,True,79.0,1.0,5.0,4.1962553191489365
A-d82ef9,Company_355,EdTech,UK,2024-07-02,other,Basic,26,False,True,S-006908,2024-09-28,,1274,15288,False,True,monthly,True,13.0,1.0,5.0,4.1962553191489365
A-d82ef9,Company_355,EdTech,UK,2024-07-02,other,Basic,26,False,True,S-631547,2024-11-28,,0,0,False,False,annual,False,84.0,4.0,5.0,4.1962553191489365
A-d82ef9,Company_355,EdTech,UK,2024-07-02,other,Basic,26,False,True,S-4ed997,2024-10-23,,1274,15288,False,False,annual,True,83.0,7.0,5.0,4.1962553191489365
A-d82ef9,Company_355,EdTech,UK,2024-07-02,other,Basic,26,False,True,S-25b756,2024-07-30,,2842,34104,True,False,annual,True,49.0,0.0,5.0,4.1962553191489365
A-d82ef9,Company_355,EdTech,UK,2024-07-02,other,Basic,26,False,True,S-20952f,2024-09-10,,1274,15288,False,False,annual,True,92.0,10.0,5.0,4.1962553191489365
A-d82ef9,Company_355,EdTech,UK,2024-07-02,other,Basic,26,False,True,S-5aff5f,2024-11-30,,494,5928,False,False,monthly,True,24.0,9.0,5.0,4.1962553191489365
A-d82ef9,Company_355,EdTech,UK,2024-07-02,other,Basic,26,False,True,S-e53224,2024-08-25,,0,0,False,True,annual,True,28.0,0.0,5.0,4.1962553191489365
A-d82ef9,Company_355,EdTech,UK,2024-07-02,other,Basic,26,False,True,S-84e146,2024-07-21,2024-11-24,1007,12084,False,False,monthly,True,41.0,0.0,5.0,4.1962553191489365
A-d82ef9,Company_355,EdTech,UK,2024-07-02,other,Basic,26,False,True,S-04d260,2024-07-14,,0,0,False,False,annual,False,43.0,1.0,5.0,4.1962553191489365
A-d82ef9,Company_355,EdTech,UK,2024-07-02,other,Basic,26,False,True,S-c3ecd8,2024-10-30,,494,5928,False,False,monthly,False,43.0,7.0,5.0,4.1962553191489365
A-d82ef9,Company_355,EdTech,UK,2024-07-02,other,Basic,26,False,True,S-2f998d,2024-11-14,,494,5928,False,False,annual,False,21.0,3.0,5.0,4.1962553191489365
A-d82ef9,Company_355,EdTech,UK,2024-07-02,other,Basic,26,False,True,S-1d3a93,2024-08-10,,5174,62088,False,False,monthly,False,50.0,3.0,5.0,4.1962553191489365
A-bb2f49,Company_356,Cybersecurity,US,2023-05-28,other,Pro,8,False,False,S-aff55c,2024-01-14,2024-12-29,0,0,False,False,monthly,True,64.0,2.0,3.0,3.993758865248227
A-bb2f49,Company_356,Cybersecurity,US,2023-05-28,other,Pro,8,False,False,S-979365,2023-06-29,,3332,39984,False,True,monthly,True,90.0,9.0,3.0,3.993758865248227
A-bb2f49,Company_356,Cybersecurity,US,2023-05-28,other,Pro,8,False,False,S-b84175,2023-10-26,,441,5292,False,False,monthly,True,38.0,0.0,3.0,3.993758865248227
A-bb2f49,Company_356,Cybersecurity,US,2023-05-28,other,Pro,8,False,False,S-294fb2,2023-07-26,,9751,117012,False,False,annual,True,79.0,2.0,3.0,3.993758865248227
A-bb2f49,Company_356,Cybersecurity,US,2023-05-28,other,Pro,8,False,False,S-85c06f,2023-12-13,,1592,19104,True,False,annual,True,40.0,5.0,3.0,3.993758865248227
A-bb2f49,Company_356,Cybersecurity,US,2023-05-28,other,Pro,8,False,False,S-4911f9,2024-12-07,,152,1824,False,False,annual,True,59.0,3.0,3.0,3.993758865248227
A-bb2f49,Company_356,Cybersecurity,US,2023-05-28,other,Pro,8,False,False,S-c341e1,2024-09-04,,686,8232,False,False,monthly,True,23.0,4.0,3.0,3.993758865248227
A-bb2f49,Company_356,Cybersecurity,US,2023-05-28,other,Pro,8,False,False,S-e505f2,2024-06-15,,1715,20580,False,False,annual,True,74.0,5.0,3.0,3.993758865248227
A-bb2f49,Company_356,Cybersecurity,US,2023-05-28,other,Pro,8,False,False,S-e44831,2024-12-26,,1372,16464,False,False,monthly,False,74.0,5.0,3.0,3.993758865248227
A-bb2f49,Company_356,Cybersecurity,US,2023-05-28,other,Pro,8,False,False,S-20f1bd,2024-02-16,,784,9408,False,False,monthly,True,32.0,4.0,3.0,3.993758865248227
A-bb2f49,Company_356,Cybersecurity,US,2023-05-28,other,Pro,8,False,False,S-e93577,2024-11-14,,4165,49980,True,False,monthly,True,45.0,3.0,3.0,3.993758865248227
A-1f559b,Company_357,HealthTech,US,2023-09-04,organic,Enterprise,5,True,True,S-1a5fa7,2024-02-27,,5174,62088,False,False,annual,False,59.0,0.0,5.0,4.2
A-1f559b,Company_357,HealthTech,US,2023-09-04,organic,Enterprise,5,True,True,S-ddf5ff,2024-06-21,2024-09-29,1102,13224,False,False,monthly,False,51.0,1.0,5.0,4.2
A-1f559b,Company_357,HealthTech,US,2023-09-04,organic,Enterprise,5,True,True,S-e3b379,2024-02-08,,247,2964,False,True,monthly,True,27.0,3.0,5.0,4.2
A-1f559b,Company_357,HealthTech,US,2023-09-04,organic,Enterprise,5,True,True,S-6754a4,2024-10-17,,190,2280,False,False,annual,False,57.0,6.0,5.0,4.2
A-1f559b,Company_357,HealthTech,US,2023-09-04,organic,Enterprise,5,True,True,S-a2f231,2024-04-21,,2891,34692,False,False,monthly,False,43.0,2.0,5.0,4.2
A-1f559b,Company_357,HealthTech,US,2023-09-04,organic,Enterprise,5,True,True,S-76bf6c,2023-12-21,,245,2940,False,False,annual,True,31.0,3.0,5.0,4.2
A-1f559b,Company_357,HealthTech,US,2023-09-04,organic,Enterprise,5,True,True,S-dacbda,2024-07-25,,882,10584,False,False,monthly,True,49.0,2.0,5.0,4.2
A-1f559b,Company_357,HealthTech,US,2023-09-04,organic,Enterprise,5,True,True,S-d26ee3,2023-12-12,2024-05-24,304,3648,False,False,monthly,True,33.0,5.0,5.0,4.2
A-1f559b,Company_357,HealthTech,US,2023-09-04,organic,Enterprise,5,True,True,S-f690e0,2024-07-25,,133,1596,False,False,monthly,True,21.0,0.0,5.0,4.2
A-1f559b,Company_357,HealthTech,US,2023-09-04,organic,Enterprise,5,True,True,S-ed4475,2024-06-27,,588,7056,False,False,annual,True,29.0,5.0,5.0,4.2
A-5a215a,Company_358,EdTech,FR,2024-01-05,other,Enterprise,87,False,False,S-8324d4,2024-07-13,2024-08-03,0,0,False,False,monthly,True,55.0,2.0,4.0,3.9953191489361704
A-5a215a,Company_358,EdTech,FR,2024-01-05,other,Enterprise,87,False,False,S-838330,2024-06-20,,0,0,False,False,annual,False,97.0,8.0,4.0,3.9953191489361704
A-5a215a,Company_358,EdTech,FR,2024-01-05,other,Enterprise,87,False,False,S-93f835,2024-02-11,,4263,51156,True,False,monthly,True,68.0,0.0,4.0,3.9953191489361704
A-5a215a,Company_358,EdTech,FR,2024-01-05,other,Enterprise,87,False,False,S-878fe0,2024-12-10,,4263,51156,False,False,annual,True,34.0,4.0,4.0,3.9953191489361704
A-5a215a,Company_358,EdTech,FR,2024-01-05,other,Enterprise,87,False,False,S-5da6e7,2024-07-29,2024-09-19,4263,51156,False,False,annual,True,57.0,11.0,4.0,3.9953191489361704
A-5a215a,Company_358,EdTech,FR,2024-01-05,other,Enterprise,87,False,False,S-5bb58e,2024-01-31,,1653,19836,False,False,annual,False,19.0,4.0,4.0,3.9953191489361704
A-5a215a,Company_358,EdTech,FR,2024-01-05,other,Enterprise,87,False,False,S-2223bf,2024-10-23,2024-11-26,4263,51156,False,False,monthly,True,42.0,4.0,4.0,3.9953191489361704
A-5a215a,Company_358,EdTech,FR,2024-01-05,other,Enterprise,87,False,False,S-3781d0,2024-05-10,2024-12-06,17313,207756,False,False,annual,True,32.0,4.0,4.0,3.9953191489361704
A-5a215a,Company_358,EdTech,FR,2024-01-05,other,Enterprise,87,False,False,S-75cba6,2024-09-18,,17313,207756,False,False,monthly,True,30.0,10.0,4.0,3.9953191489361704
A-5a215a,Company_358,EdTech,FR,2024-01-05,other,Enterprise,87,False,False,S-704cf3,2024-11-24,,1653,19836,False,False,monthly,True,49.0,2.0,4.0,3.9953191489361704
A-5a215a,Company_358,EdTech,FR,2024-01-05,other,Enterprise,87,False,False,S-d8fa45,2024-10-18,,1653,19836,False,False,monthly,True,41.0,2.0,4.0,3.9953191489361704
A-5a215a,Company_358,EdTech,FR,2024-01-05,other,Enterprise,87,False,False,S-ca1cb9,2024-09-16,2024-11-13,17313,207756,False,False,annual,False,17.0,0.0,4.0,3.9953191489361704
A-5a215a,Company_358,EdTech,FR,2024-01-05,other,Enterprise,87,False,False,S-0144ac,2024-03-13,,17313,207756,False,False,monthly,True,30.0,0.0,4.0,3.9953191489361704
A-5a215a,Company_358,EdTech,FR,2024-01-05,other,Enterprise,87,False,False,S-a46dd4,2024-09-18,,17313,207756,False,False,annual,True,51.0,3.0,4.0,3.9953191489361704
A-5a215a,Company_358,EdTech,FR,2024-01-05,other,Enterprise,87,False,False,S-e04d93,2024-05-27,2024-12-30,17313,207756,False,False,monthly,True,62.0,6.0,4.0,3.9953191489361704
A-5a215a,Company_358,EdTech,FR,2024-01-05,other,Enterprise,87,False,False,S-22c99d,2024-03-08,,0,0,False,False,monthly,True,0.0,0.0,4.0,3.9953191489361704
A-5a215a,Company_358,EdTech,FR,2024-01-05,other,Enterprise,87,False,False,S-81fc45,2024-02-05,,0,0,False,False,annual,True,77.0,6.0,4.0,3.9953191489361704
A-5a215a,Company_358,EdTech,FR,2024-01-05,other,Enterprise,87,False,False,S-88f1be,2024-07-10,,4263,51156,True,False,annual,True,46.0,5.0,4.0,3.9953191489361704
A-3f9cc0,Company_359,HealthTech,US,2024-06-03,event,Basic,22,False,False,S-6bea24,2024-07-06,,0,0,False,False,monthly,True,51.0,5.0,5.0,4.188765957446809
A-3f9cc0,Company_359,HealthTech,US,2024-06-03,event,Basic,22,False,False,S-7536e5,2024-06-25,,418,5016,False,False,annual,True,37.0,3.0,5.0,4.188765957446809
A-3f9cc0,Company_359,HealthTech,US,2024-06-03,event,Basic,22,False,False,S-86ed20,2024-07-25,,4378,52536,False,False,monthly,False,53.0,1.0,5.0,4.188765957446809
A-3f9cc0,Company_359,HealthTech,US,2024-06-03,event,Basic,22,False,False,S-27514e,2024-07-21,,418,5016,False,True,monthly,True,6.0,2.0,5.0,4.188765957446809
A-3f9cc0,Company_359,HealthTech,US,2024-06-03,event,Basic,22,False,False,S-0bf451,2024-06-24,,4378,52536,True,False,annual,True,85.0,3.0,5.0,4.188765957446809
A-3f9cc0,Company_359,HealthTech,US,2024-06-03,event,Basic,22,False,False,S-e57a7d,2024-06-23,,4378,52536,False,True,annual,False,68.0,6.0,5.0,4.188765957446809
A-3f9cc0,Company_359,HealthTech,US,2024-06-03,event,Basic,22,False,False,S-d1fb2e,2024-08-04,,5970,71640,False,False,monthly,True,107.0,4.0,5.0,4.188765957446809
A-f9cc74,Company_360,DevTools,FR,2024-10-12,partner,Enterprise,30,True,False,S-017e33,2024-11-08,2024-11-25,1007,12084,False,False,monthly,True,61.0,7.0,6.0,3.9968794326241137
A-f9cc74,Company_360,DevTools,FR,2024-10-12,partner,Enterprise,30,True,False,S-e33883,2024-12-22,,0,0,False,False,monthly,True,55.0,1.0,6.0,3.9968794326241137
A-f9cc74,Company_360,DevTools,FR,2024-10-12,partner,Enterprise,30,True,False,S-0d391c,2024-12-09,,0,0,False,False,monthly,True,33.0,3.0,6.0,3.9968794326241137
A-f9cc74,Company_360,DevTools,FR,2024-10-12,partner,Enterprise,30,True,False,S-7d43e0,2024-10-12,,5970,71640,False,False,monthly,True,24.0,1.0,6.0,3.9968794326241137
A-f9cc74,Company_360,DevTools,FR,2024-10-12,partner,Enterprise,30,True,False,S-6c9763,2024-11-29,,570,6840,False,False,annual,True,78.0,0.0,6.0,3.9968794326241137
A-f9cc74,Company_360,DevTools,FR,2024-10-12,partner,Enterprise,30,True,False,S-c76699,2024-11-26,,570,6840,False,False,monthly,False,62.0,0.0,6.0,3.9968794326241137
A-f9cc74,Company_360,DevTools,FR,2024-10-12,partner,Enterprise,30,True,False,S-19950d,2024-10-28,,1470,17640,False,False,annual,False,87.0,6.0,6.0,3.9968794326241137
A-f9cc74,Company_360,DevTools,FR,2024-10-12,partner,Enterprise,30,True,False,S-78172b,2024-10-30,,5970,71640,False,False,monthly,True,15.0,0.0,6.0,3.9968794326241137
A-f9cc74,Company_360,DevTools,FR,2024-10-12,partner,Enterprise,30,True,False,S-d90352,2024-12-05,,0,0,True,False,annual,True,24.0,2.0,6.0,3.9968794326241137
A-f9cc74,Company_360,DevTools,FR,2024-10-12,partner,Enterprise,30,True,False,S-67acc8,2024-11-09,,0,0,False,False,monthly,True,45.0,2.0,6.0,3.9968794326241137
A-ed510f,Company_361,Cybersecurity,IN,2023-01-17,partner,Basic,42,False,False,S-1ad0ca,2024-04-09,,8358,100296,False,False,annual,True,50.0,8.0,9.0,3.989598108747045
A-ed510f,Company_361,Cybersecurity,IN,2023-01-17,partner,Basic,42,False,False,S-90525e,2024-04-21,,8358,100296,False,False,annual,True,30.0,2.0,9.0,3.989598108747045
A-ed510f,Company_361,Cybersecurity,IN,2023-01-17,partner,Basic,42,False,False,S-709b46,2023-03-09,,2058,24696,False,False,annual,False,45.0,4.0,9.0,3.989598108747045
A-ed510f,Company_361,Cybersecurity,IN,2023-01-17,partner,Basic,42,False,False,S-4f81c2,2024-09-18,,2058,24696,False,False,monthly,False,33.0,0.0,9.0,3.989598108747045
A-ed510f,Company_361,Cybersecurity,IN,2023-01-17,partner,Basic,42,False,False,S-3d4f7a,2024-12-21,,2058,24696,False,False,monthly,True,27.0,0.0,9.0,3.989598108747045
A-ed510f,Company_361,Cybersecurity,IN,2023-01-17,partner,Basic,42,False,False,S-2b2fa8,2024-05-16,,2058,24696,True,False,annual,True,89.0,4.0,9.0,3.989598108747045
A-ed510f,Company_361,Cybersecurity,IN,2023-01-17,partner,Basic,42,False,False,S-fd12a3,2023-07-17,2023-10-09,798,9576,False,False,annual,False,20.0,0.0,9.0,3.989598108747045
A-ed510f,Company_361,Cybersecurity,IN,2023-01-17,partner,Basic,42,False,False,S-38bf32,2024-01-24,,2058,24696,False,False,annual,True,78.0,5.0,9.0,3.989598108747045
A-ed510f,Company_361,Cybersecurity,IN,2023-01-17,partner,Basic,42,False,False,S-046595,2023-12-28,,8358,100296,True,False,annual,True,69.0,4.0,9.0,3.989598108747045
A-ed510f,Company_361,Cybersecurity,IN,2023-01-17,partner,Basic,42,False,False,S-f8ee6e,2023-04-19,,0,0,False,False,monthly,True,52.0,1.0,9.0,3.989598108747045
A-5c9849,Company_362,EdTech,IN,2024-11-03,partner,Basic,19,False,False,S-d3faae,2024-11-12,,361,4332,False,False,monthly,True,0.0,0.0,4.0,3.981276595744681
A-5c9849,Company_362,EdTech,IN,2024-11-03,partner,Basic,19,False,False,S-fe6311,2024-11-11,,0,0,False,False,monthly,True,38.0,0.0,4.0,3.981276595744681
A-5c9849,Company_362,EdTech,IN,2024-11-03,partner,Basic,19,False,False,S-e740b4,2024-11-10,,1235,14820,False,False,monthly,True,118.0,5.0,4.0,3.981276595744681
A-5c9849,Company_362,EdTech,IN,2024-11-03,partner,Basic,19,False,False,S-771f7b,2024-11-30,,12338,148056,False,False,annual,True,19.0,0.0,4.0,3.981276595744681
A-5c9849,Company_362,EdTech,IN,2024-11-03,partner,Basic,19,False,False,S-6bd30a,2024-12-01,2024-12-16,18109,217308,False,False,monthly,True,72.0,0.0,4.0,3.981276595744681
A-5c9849,Company_362,EdTech,IN,2024-11-03,partner,Basic,19,False,False,S-c0127d,2024-12-03,,0,0,False,False,monthly,True,51.0,0.0,4.0,3.981276595744681
A-5c9849,Company_362,EdTech,IN,2024-11-03,partner,Basic,19,False,False,S-a3dc1e,2024-12-04,,0,0,True,False,monthly,True,42.0,3.0,4.0,3.981276595744681
A-5c9849,Company_362,EdTech,IN,2024-11-03,partner,Basic,19,False,False,S-a1901c,2024-12-10,,3781,45372,False,False,monthly,False,57.0,4.0,4.0,3.981276595744681
A-5c9849,Company_362,EdTech,IN,2024-11-03,partner,Basic,19,False,False,S-240a09,2024-12-30,,931,11172,True,False,monthly,False,76.0,11.0,4.0,3.981276595744681
A-a7bd4b,Company_363,Cybersecurity,US,2023-02-15,ads,Enterprise,5,False,False,S-9c4bcd,2024-05-14,,245,2940,True,False,monthly,True,86.0,2.0,6.0,3.493758865248227
A-a7bd4b,Company_363,Cybersecurity,US,2023-02-15,ads,Enterprise,5,False,False,S-592c0d,2023-06-13,,0,0,False,False,annual,True,46.0,0.0,6.0,3.493758865248227
A-a7bd4b,Company_363,Cybersecurity,US,2023-02-15,ads,Enterprise,5,False,False,S-704b48,2023-11-15,2024-10-10,0,0,False,False,annual,False,34.0,2.0,6.0,3.493758865248227
A-a7bd4b,Company_363,Cybersecurity,US,2023-02-15,ads,Enterprise,5,False,False,S-9a8f71,2023-03-19,,392,4704,False,False,annual,True,66.0,9.0,6.0,3.493758865248227
A-a7bd4b,Company_363,Cybersecurity,US,2023-02-15,ads,Enterprise,5,False,False,S-1d2d00,2024-09-18,2024-10-13,171,2052,False,False,monthly,True,76.0,5.0,6.0,3.493758865248227
A-a7bd4b,Company_363,Cybersecurity,US,2023-02-15,ads,Enterprise,5,False,False,S-e14e00,2023-10-05,,294,3528,False,False,monthly,True,69.0,5.0,6.0,3.493758865248227
A-a7bd4b,Company_363,Cybersecurity,US,2023-02-15,ads,Enterprise,5,False,False,S-a7d34e,2024-05-31,,2499,29988,False,False,annual,True,36.0,7.0,6.0,3.493758865248227
A-a7bd4b,Company_363,Cybersecurity,US,2023-02-15,ads,Enterprise,5,False,False,S-0aedf8,2024-01-13,,912,10944,False,False,monthly,True,37.0,3.0,6.0,3.493758865248227
A-a7bd4b,Company_363,Cybersecurity,US,2023-02-15,ads,Enterprise,5,False,False,S-9fc31d,2024-06-02,2024-10-31,995,11940,False,False,annual,True,24.0,0.0,6.0,3.493758865248227
A-a7bd4b,Company_363,Cybersecurity,US,2023-02-15,ads,Enterprise,5,False,False,S-fae195,2023-10-31,,418,5016,True,False,annual,False,66.0,2.0,6.0,3.493758865248227
A-a7bd4b,Company_363,Cybersecurity,US,2023-02-15,ads,Enterprise,5,False,False,S-711528,2024-09-25,,342,4104,False,False,monthly,True,36.0,2.0,6.0,3.493758865248227
A-d4ac0e,Company_364,DevTools,UK,2024-04-20,ads,Basic,18,False,False,S-37ed34,2024-07-07,,3980,47760,False,False,annual,True,30.0,4.0,4.0,3.7406382978723407
A-d4ac0e,Company_364,DevTools,UK,2024-04-20,ads,Basic,18,False,False,S-259804,2024-10-01,,532,6384,False,False,annual,True,8.0,2.0,4.0,3.7406382978723407
A-d4ac0e,Company_364,DevTools,UK,2024-04-20,ads,Basic,18,False,False,S-4fd9ba,2024-09-10,,456,5472,True,False,monthly,True,34.0,0.0,4.0,3.7406382978723407
A-d4ac0e,Company_364,DevTools,UK,2024-04-20,ads,Basic,18,False,False,S-9626f8,2024-08-25,,882,10584,False,False,annual,True,7.0,0.0,4.0,3.7406382978723407
A-d4ac0e,Company_364,DevTools,UK,2024-04-20,ads,Basic,18,False,False,S-c693b6,2024-08-09,,513,6156,True,False,monthly,False,38.0,0.0,4.0,3.7406382978723407
A-d4ac0e,Company_364,DevTools,UK,2024-04-20,ads,Basic,18,False,False,S-44d025,2024-11-29,,882,10584,False,False,annual,True,25.0,4.0,4.0,3.7406382978723407
A-d4ac0e,Company_364,DevTools,UK,2024-04-20,ads,Basic,18,False,False,S-f225d0,2024-05-19,,342,4104,False,False,annual,True,23.0,3.0,4.0,3.7406382978723407
A-d4ac0e,Company_364,DevTools,UK,2024-04-20,ads,Basic,18,False,False,S-f80617,2024-10-28,2024-12-16,342,4104,False,False,annual,True,22.0,3.0,4.0,3.7406382978723407
A-d4ac0e,Company_364,DevTools,UK,2024-04-20,ads,Basic,18,False,False,S-c9199e,2024-11-01,,1617,19404,True,False,annual,True,95.0,7.0,4.0,3.7406382978723407
A-d4ac0e,Company_364,DevTools,UK,2024-04-20,ads,Basic,18,False,False,S-fb95f2,2024-10-28,,4975,59700,False,False,annual,True,42.0,2.0,4.0,3.7406382978723407
A-d4ac0e,Company_364,DevTools,UK,2024-04-20,ads,Basic,18,False,False,S-da0c62,2024-07-02,,0,0,False,False,monthly,True,76.0,4.0,4.0,3.7406382978723407
A-d4ac0e,Company_364,DevTools,UK,2024-04-20,ads,Basic,18,False,False,S-375190,2024-06-01,,1225,14700,False,False,monthly,True,17.0,3.0,4.0,3.7406382978723407
A-d4ac0e,Company_364,DevTools,UK,2024-04-20,ads,Basic,18,False,False,S-f27134,2024-09-17,,551,6612,False,False,annual,True,81.0,3.0,4.0,3.7406382978723407
A-d4ac0e,Company_364,DevTools,UK,2024-04-20,ads,Basic,18,False,False,S-a113a2,2024-10-20,,3582,42984,False,False,monthly,True,75.0,4.0,4.0,3.7406382978723407
A-d4ac0e,Company_364,DevTools,UK,2024-04-20,ads,Basic,18,False,False,S-3909f9,2024-06-01,,882,10584,False,False,annual,False,57.0,7.0,4.0,3.7406382978723407
A-d4ac0e,Company_364,DevTools,UK,2024-04-20,ads,Basic,18,False,False,S-b76ba6,2024-12-14,,882,10584,False,False,monthly,True,43.0,5.0,4.0,3.7406382978723407
A-d4ac0e,Company_364,DevTools,UK,2024-04-20,ads,Basic,18,False,False,S-9211e5,2024-10-12,,5572,66864,False,False,annual,True,41.0,0.0,4.0,3.7406382978723407
A-d4ac0e,Company_364,DevTools,UK,2024-04-20,ads,Basic,18,False,False,S-93622a,2024-05-10,,0,0,False,False,monthly,True,59.0,1.0,4.0,3.7406382978723407
A-d4ac0e,Company_364,DevTools,UK,2024-04-20,ads,Basic,18,False,False,S-180859,2024-08-06,,342,4104,False,False,monthly,True,20.0,1.0,4.0,3.7406382978723407
A-ffdfd5,Company_365,EdTech,US,2024-04-13,organic,Basic,3,False,True,S-425607,2024-06-11,,399,4788,False,False,annual,True,60.0,4.0,0.0,3.981276595744681
A-ffdfd5,Company_365,EdTech,US,2024-04-13,organic,Basic,3,False,True,S-9b5be4,2024-10-23,,796,9552,False,False,monthly,False,59.0,2.0,0.0,3.981276595744681
A-ffdfd5,Company_365,EdTech,US,2024-04-13,organic,Basic,3,False,True,S-bc5755,2024-10-20,,1393,16716,False,False,monthly,True,45.0,2.0,0.0,3.981276595744681
A-ffdfd5,Company_365,EdTech,US,2024-04-13,organic,Basic,3,False,True,S-0a5cd7,2024-11-16,,5970,71640,False,False,annual,True,23.0,0.0,0.0,3.981276595744681
A-ffdfd5,Company_365,EdTech,US,2024-04-13,organic,Basic,3,False,True,S-2beaee,2024-09-14,,4508,54096,False,False,annual,False,70.0,6.0,0.0,3.981276595744681
A-ffdfd5,Company_365,EdTech,US,2024-04-13,organic,Basic,3,False,True,S-b192d9,2024-09-09,,0,0,True,False,monthly,True,55.0,6.0,0.0,3.981276595744681
A-ffdfd5,Company_365,EdTech,US,2024-04-13,organic,Basic,3,False,True,S-b859e7,2024-11-24,,0,0,False,False,annual,True,23.0,0.0,0.0,3.981276595744681
A-ffdfd5,Company_365,EdTech,US,2024-04-13,organic,Basic,3,False,True,S-ef7534,2024-12-20,2024-12-31,147,1764,False,False,monthly,True,69.0,6.0,0.0,3.981276595744681
A-ffdfd5,Company_365,EdTech,US,2024-04-13,organic,Basic,3,False,True,S-f7a5b9,2024-04-24,,539,6468,False,False,annual,True,78.0,1.0,0.0,3.981276595744681
A-ffdfd5,Company_365,EdTech,US,2024-04-13,organic,Basic,3,False,True,S-7b896c,2024-08-18,,570,6840,False,False,monthly,True,47.0,1.0,0.0,3.981276595744681
A-0dbdc6,Company_366,Cybersecurity,DE,2023-02-12,other,Pro,30,False,True,S-de3416,2024-12-15,,2303,27636,False,False,annual,True,123.0,5.0,4.0,4.235957446808511
A-0dbdc6,Company_366,Cybersecurity,DE,2023-02-12,other,Pro,30,False,True,S-8ae804,2024-05-05,,9950,119400,False,False,monthly,True,57.0,7.0,4.0,4.235957446808511
A-0dbdc6,Company_366,Cybersecurity,DE,2023-02-12,other,Pro,30,False,True,S-4fd561,2023-11-04,,570,6840,False,False,monthly,True,97.0,1.0,4.0,4.235957446808511
A-0dbdc6,Company_366,Cybersecurity,DE,2023-02-12,other,Pro,30,False,True,S-61d573,2024-04-24,,1470,17640,False,False,annual,True,55.0,3.0,4.0,4.235957446808511
A-0dbdc6,Company_366,Cybersecurity,DE,2023-02-12,other,Pro,30,False,True,S-d07886,2024-07-02,,1470,17640,False,False,annual,True,31.0,2.0,4.0,4.235957446808511
A-0dbdc6,Company_366,Cybersecurity,DE,2023-02-12,other,Pro,30,False,True,S-c0a7d8,2024-10-26,,5970,71640,False,False,monthly,True,21.0,5.0,4.0,4.235957446808511
A-0dbdc6,Company_366,Cybersecurity,DE,2023-02-12,other,Pro,30,False,True,S-8e169f,2023-06-14,,0,0,False,False,annual,True,41.0,2.0,4.0,4.235957446808511
A-0dbdc6,Company_366,Cybersecurity,DE,2023-02-12,other,Pro,30,False,True,S-73fc8f,2024-10-25,,5970,71640,False,False,monthly,False,50.0,6.0,4.0,4.235957446808511
A-0dbdc6,Company_366,Cybersecurity,DE,2023-02-12,other,Pro,30,False,True,S-e92512,2024-03-13,,570,6840,False,False,monthly,True,37.0,0.0,4.0,4.235957446808511
A-7cfe77,Company_367,DevTools,US,2024-07-10,ads,Pro,69,False,False,S-3311b1,2024-08-24,,3381,40572,True,False,monthly,True,36.0,0.0,7.0,3.706261398176292
A-7cfe77,Company_367,DevTools,US,2024-07-10,ads,Pro,69,False,False,S-bfc0f8,2024-08-10,,1311,15732,False,False,monthly,True,78.0,9.0,7.0,3.706261398176292
A-7cfe77,Company_367,DevTools,US,2024-07-10,ads,Pro,69,False,False,S-bd5207,2024-12-05,,1311,15732,False,False,annual,True,45.0,2.0,7.0,3.706261398176292
A-7cfe77,Company_367,DevTools,US,2024-07-10,ads,Pro,69,False,False,S-b11225,2024-11-21,,3381,40572,False,False,annual,True,20.0,0.0,7.0,3.706261398176292
A-7cfe77,Company_367,DevTools,US,2024-07-10,ads,Pro,69,False,False,S-d48577,2024-07-30,,3381,40572,False,True,annual,True,26.0,0.0,7.0,3.706261398176292
A-1f0636,Company_368,EdTech,AU,2024-01-01,partner,Pro,105,False,False,S-2fe253,2024-02-28,2024-10-30,0,0,False,False,annual,True,60.0,2.0,2.0,3.5
A-1f0636,Company_368,EdTech,AU,2024-01-01,partner,Pro,105,False,False,S-ed75af,2024-06-09,,5145,61740,True,False,monthly,True,121.0,10.0,2.0,3.5
A-1f0636,Company_368,EdTech,AU,2024-01-01,partner,Pro,105,False,False,S-deb65c,2024-10-30,,1995,23940,False,False,annual,True,90.0,10.0,2.0,3.5
A-1f0636,Company_368,EdTech,AU,2024-01-01,partner,Pro,105,False,False,S-edc542,2024-04-09,,20895,250740,False,False,annual,True,36.0,0.0,2.0,3.5
A-1f0636,Company_368,EdTech,AU,2024-01-01,partner,Pro,105,False,False,S-e9a159,2024-06-27,,20895,250740,False,False,monthly,False,63.0,0.0,2.0,3.5
A-1f0636,Company_368,EdTech,AU,2024-01-01,partner,Pro,105,False,False,S-f3c329,2024-09-02,,1995,23940,False,False,annual,True,50.0,1.0,2.0,3.5
A-1f0636,Company_368,EdTech,AU,2024-01-01,partner,Pro,105,False,False,S-b5b39a,2024-03-17,,0,0,False,False,annual,True,31.0,1.0,2.0,3.5
A-1f0636,Company_368,EdTech,AU,2024-01-01,partner,Pro,105,False,False,S-c62428,2024-11-17,,20895,250740,False,False,annual,False,99.0,2.0,2.0,3.5
A-1f0636,Company_368,EdTech,AU,2024-01-01,partner,Pro,105,False,False,S-db89df,2024-05-29,,20895,250740,True,False,annual,True,0.0,0.0,2.0,3.5
A-1f0636,Company_368,EdTech,AU,2024-01-01,partner,Pro,105,False,False,S-efeb9b,2024-02-27,,0,0,True,False,annual,True,56.0,1.0,2.0,3.5
A-1f0636,Company_368,EdTech,AU,2024-01-01,partner,Pro,105,False,False,S-5b322c,2024-07-27,,1995,23940,False,False,annual,True,79.0,3.0,2.0,3.5
A-40de06,Company_369,Cybersecurity,US,2023-05-08,event,Enterprise,28,False,True,S-4afb53,2023-12-12,2024-12-29,5572,66864,False,False,monthly,True,45.0,0.0,3.0,3.9875177304964544
A-40de06,Company_369,Cybersecurity,US,2023-05-08,event,Enterprise,28,False,True,S-42af3d,2023-06-03,,5572,66864,False,False,annual,True,111.0,2.0,3.0,3.9875177304964544
A-40de06,Company_369,Cybersecurity,US,2023-05-08,event,Enterprise,28,False,True,S-4cd678,2024-03-24,,1372,16464,False,False,monthly,False,9.0,0.0,3.0,3.9875177304964544
A-40de06,Company_369,Cybersecurity,US,2023-05-08,event,Enterprise,28,False,True,S-94c6a5,2024-08-22,,1372,16464,True,False,monthly,True,20.0,3.0,3.0,3.9875177304964544
A-40de06,Company_369,Cybersecurity,US,2023-05-08,event,Enterprise,28,False,True,S-9781fe,2023-09-21,2024-12-23,1372,16464,False,False,annual,True,55.0,4.0,3.0,3.9875177304964544
A-40de06,Company_369,Cybersecurity,US,2023-05-08,event,Enterprise,28,False,True,S-abdeb7,2024-06-02,,0,0,False,False,annual,True,7.0,0.0,3.0,3.9875177304964544
A-40de06,Company_369,Cybersecurity,US,2023-05-08,event,Enterprise,28,False,True,S-cd4d67,2024-09-08,,532,6384,True,False,monthly,True,97.0,2.0,3.0,3.9875177304964544
A-40de06,Company_369,Cybersecurity,US,2023-05-08,event,Enterprise,28,False,True,S-00fcc5,2023-06-23,,1178,14136,False,False,annual,False,89.0,2.0,3.0,3.9875177304964544
A-40de06,Company_369,Cybersecurity,US,2023-05-08,event,Enterprise,28,False,True,S-69a807,2023-10-28,,1372,16464,False,False,annual,True,79.0,11.0,3.0,3.9875177304964544
A-40de06,Company_369,Cybersecurity,US,2023-05-08,event,Enterprise,28,False,True,S-2574a3,2024-10-09,,5572,66864,False,False,annual,True,77.0,2.0,3.0,3.9875177304964544
A-40de06,Company_369,Cybersecurity,US,2023-05-08,event,Enterprise,28,False,True,S-668cdc,2023-11-08,,1372,16464,False,False,monthly,True,32.0,3.0,3.0,3.9875177304964544
A-40de06,Company_369,Cybersecurity,US,2023-05-08,event,Enterprise,28,False,True,S-013f5c,2024-07-16,,0,0,False,False,annual,True,97.0,6.0,3.0,3.9875177304964544
A-40de06,Company_369,Cybersecurity,US,2023-05-08,event,Enterprise,28,False,True,S-f52c97,2024-11-17,,532,6384,False,True,annual,True,72.0,2.0,3.0,3.9875177304964544
A-40de06,Company_369,Cybersecurity,US,2023-05-08,event,Enterprise,28,False,True,S-0e068c,2024-09-13,,1140,13680,False,False,annual,True,26.0,0.0,3.0,3.9875177304964544
A-40de06,Company_369,Cybersecurity,US,2023-05-08,event,Enterprise,28,False,True,S-db3e30,2023-11-08,,532,6384,False,False,annual,True,56.0,5.0,3.0,3.9875177304964544
A-40de06,Company_369,Cybersecurity,US,2023-05-08,event,Enterprise,28,False,True,S-293a1f,2024-05-17,,1372,16464,False,False,monthly,False,30.0,1.0,3.0,3.9875177304964544
A-cb5333,Company_370,DevTools,US,2024-03-26,ads,Pro,33,False,False,S-2e79e8,2024-05-16,,0,0,False,False,monthly,True,70.0,2.0,4.0,3.7359574468085106
A-cb5333,Company_370,DevTools,US,2024-03-26,ads,Pro,33,False,False,S-7b9b62,2024-09-17,,1617,19404,False,False,monthly,False,57.0,3.0,4.0,3.7359574468085106
A-cb5333,Company_370,DevTools,US,2024-03-26,ads,Pro,33,False,False,S-0e3b42,2024-06-02,2024-06-12,1617,19404,False,True,annual,False,78.0,4.0,4.0,3.7359574468085106
A-cb5333,Company_370,DevTools,US,2024-03-26,ads,Pro,33,False,False,S-5bde76,2024-09-08,,1617,19404,False,False,monthly,True,60.0,4.0,4.0,3.7359574468085106
A-cb5333,Company_370,DevTools,US,2024-03-26,ads,Pro,33,False,False,S-ca136e,2024-04-09,,836,10032,False,False,monthly,True,36.0,2.0,4.0,3.7359574468085106
A-cb5333,Company_370,DevTools,US,2024-03-26,ads,Pro,33,False,False,S-cd4dcd,2024-07-11,,1617,19404,False,False,monthly,True,50.0,1.0,4.0,3.7359574468085106
A-cb5333,Company_370,DevTools,US,2024-03-26,ads,Pro,33,False,False,S-71cefe,2024-06-19,,627,7524,False,False,annual,True,79.0,0.0,4.0,3.7359574468085106
A-cb5333,Company_370,DevTools,US,2024-03-26,ads,Pro,33,False,False,S-0ff1eb,2024-09-30,,6567,78804,False,False,monthly,True,41.0,3.0,4.0,3.7359574468085106
A-cb5333,Company_370,DevTools,US,2024-03-26,ads,Pro,33,False,False,S-8a50a0,2024-12-11,,627,7524,False,False,monthly,True,71.0,5.0,4.0,3.7359574468085106
A-cb5333,Company_370,DevTools,US,2024-03-26,ads,Pro,33,False,False,S-806d7b,2024-07-29,,703,8436,False,False,annual,True,51.0,2.0,4.0,3.7359574468085106
A-cb5333,Company_370,DevTools,US,2024-03-26,ads,Pro,33,False,False,S-f713a1,2024-07-26,,627,7524,False,False,annual,True,29.0,0.0,4.0,3.7359574468085106
A-cb5333,Company_370,DevTools,US,2024-03-26,ads,Pro,33,False,False,S-007e2c,2024-09-06,,1617,19404,False,False,monthly,False,49.0,0.0,4.0,3.7359574468085106
A-cb5333,Company_370,DevTools,US,2024-03-26,ads,Pro,33,False,False,S-f30081,2024-04-01,,6567,78804,False,False,annual,True,14.0,2.0,4.0,3.7359574468085106
A-cb5333,Company_370,DevTools,US,2024-03-26,ads,Pro,33,False,False,S-6102fe,2024-06-25,,0,0,False,False,monthly,False,54.0,4.0,4.0,3.7359574468085106
A-cb5333,Company_370,DevTools,US,2024-03-26,ads,Pro,33,False,False,S-74704b,2024-12-15,,1617,19404,False,False,monthly,True,42.0,2.0,4.0,3.7359574468085106
A-cb5333,Company_370,DevTools,US,2024-03-26,ads,Pro,33,False,False,S-c8292c,2024-05-04,,0,0,False,False,annual,True,15.0,0.0,4.0,3.7359574468085106
A-309e54,Company_371,DevTools,US,2024-12-09,other,Pro,15,False,False,S-8b1fc1,2024-12-26,,0,0,False,False,monthly,True,46.0,0.0,5.0,3.785021276595745
A-309e54,Company_371,DevTools,US,2024-12-09,other,Pro,15,False,False,S-e98d6b,2024-12-31,,285,3420,False,False,annual,True,53.0,4.0,5.0,3.785021276595745
A-309e54,Company_371,DevTools,US,2024-12-09,other,Pro,15,False,False,S-5ca11a,2024-12-26,,9552,114624,False,False,annual,True,66.0,2.0,5.0,3.785021276595745
A-309e54,Company_371,DevTools,US,2024-12-09,other,Pro,15,False,False,S-f2710b,2024-12-13,,0,0,False,False,annual,True,46.0,5.0,5.0,3.785021276595745
A-309e54,Company_371,DevTools,US,2024-12-09,other,Pro,15,False,False,S-0ae114,2024-12-27,,1349,16188,False,False,monthly,True,51.0,5.0,5.0,3.785021276595745
A-309e54,Company_371,DevTools,US,2024-12-09,other,Pro,15,False,False,S-82a7dd,2024-12-20,,285,3420,False,False,monthly,True,26.0,0.0,5.0,3.785021276595745
A-309e54,Company_371,DevTools,US,2024-12-09,other,Pro,15,False,False,S-dc6a2a,2024-12-21,,0,0,False,False,monthly,True,37.0,2.0,5.0,3.785021276595745
A-309e54,Company_371,DevTools,US,2024-12-09,other,Pro,15,False,False,S-a18ab0,2024-12-21,,735,8820,False,False,monthly,True,80.0,0.0,5.0,3.785021276595745
A-309e54,Company_371,DevTools,US,2024-12-09,other,Pro,15,False,False,S-8b24a0,2024-12-29,2024-12-30,1617,19404,False,False,monthly,True,29.0,3.0,5.0,3.785021276595745
A-309e54,Company_371,DevTools,US,2024-12-09,other,Pro,15,False,False,S-ca9532,2024-12-14,,2985,35820,False,False,annual,True,55.0,2.0,5.0,3.785021276595745
A-309e54,Company_371,DevTools,US,2024-12-09,other,Pro,15,False,False,S-93fa71,2024-12-21,,11741,140892,False,True,annual,True,20.0,1.0,5.0,3.785021276595745
A-6e7827,Company_372,DevTools,US,2023-03-26,other,Basic,1,False,False,S-49e3e5,2023-06-11,,171,2052,True,False,monthly,True,15.0,0.0,2.0,3.5
A-6e7827,Company_372,DevTools,US,2023-03-26,other,Basic,1,False,False,S-741431,2024-08-30,,2189,26268,False,False,monthly,True,21.0,1.0,2.0,3.5
A-6e7827,Company_372,DevTools,US,2023-03-26,other,Basic,1,False,False,S-0da40c,2024-10-23,2024-10-30,2450,29400,False,False,annual,False,67.0,12.0,2.0,3.5
A-6e7827,Company_372,DevTools,US,2023-03-26,other,Basic,1,False,False,S-cd13b5,2024-04-30,,1715,20580,False,False,monthly,True,57.0,5.0,2.0,3.5
A-6e7827,Company_372,DevTools,US,2023-03-26,other,Basic,1,False,False,S-798707,2023-08-02,,392,4704,True,False,annual,True,25.0,0.0,2.0,3.5
A-6e7827,Company_372,DevTools,US,2023-03-26,other,Basic,1,False,False,S-890baf,2024-04-22,,147,1764,False,False,monthly,True,79.0,4.0,2.0,3.5
A-6e7827,Company_372,DevTools,US,2023-03-26,other,Basic,1,False,False,S-c52d77,2023-11-05,,49,588,True,False,monthly,False,45.0,3.0,2.0,3.5
A-6e7827,Company_372,DevTools,US,2023-03-26,other,Basic,1,False,False,S-bdf4de,2024-03-22,,398,4776,False,False,annual,True,31.0,3.0,2.0,3.5
A-6e7827,Company_372,DevTools,US,2023-03-26,other,Basic,1,False,False,S-22083e,2024-12-19,,833,9996,False,False,annual,True,79.0,3.0,2.0,3.5
A-50bb9f,Company_373,Cybersecurity,US,2024-07-12,organic,Pro,2,False,False,S-80199e,2024-10-26,,3582,42984,True,False,monthly,True,12.0,0.0,7.0,3.989300911854104
A-50bb9f,Company_373,Cybersecurity,US,2024-07-12,organic,Pro,2,False,False,S-573f93,2024-10-29,,398,4776,False,False,monthly,True,31.0,3.0,7.0,3.989300911854104
A-50bb9f,Company_373,Cybersecurity,US,2024-07-12,organic,Pro,2,False,False,S-c2701b,2024-12-24,2024-12-24,1764,21168,False,False,monthly,False,41.0,2.0,7.0,3.989300911854104
A-50bb9f,Company_373,Cybersecurity,US,2024-07-12,organic,Pro,2,False,False,S-b279c9,2024-12-27,,2646,31752,False,False,annual,True,0.0,0.0,7.0,3.989300911854104
A-50bb9f,Company_373,Cybersecurity,US,2024-07-12,organic,Pro,2,False,False,S-06fb6f,2024-11-05,,1470,17640,False,False,annual,True,25.0,0.0,7.0,3.989300911854104
A-50bb9f,Company_373,Cybersecurity,US,2024-07-12,organic,Pro,2,False,False,S-7fc49b,2024-08-11,,343,4116,True,False,monthly,True,43.0,2.0,7.0,3.989300911854104
A-50bb9f,Company_373,Cybersecurity,US,2024-07-12,organic,Pro,2,False,False,S-8921cb,2024-07-22,,6965,83580,False,False,monthly,True,56.0,8.0,7.0,3.989300911854104
A-50bb9f,Company_373,Cybersecurity,US,2024-07-12,organic,Pro,2,False,False,S-14b7f3,2024-08-09,,95,1140,False,False,monthly,True,68.0,0.0,7.0,3.989300911854104
A-5fe118,Company_374,Cybersecurity,US,2024-11-07,other,Enterprise,39,False,False,S-1feff8,2024-12-06,,7761,93132,False,False,annual,True,16.0,1.0,1.0,4.0
A-5fe118,Company_374,Cybersecurity,US,2024-11-07,other,Enterprise,39,False,False,S-6c6e62,2024-12-29,,0,0,False,False,monthly,True,61.0,2.0,1.0,4.0
A-5fe118,Company_374,Cybersecurity,US,2024-11-07,other,Enterprise,39,False,False,S-0fc93f,2024-12-04,,741,8892,False,False,annual,False,73.0,4.0,1.0,4.0
A-5fe118,Company_374,Cybersecurity,US,2024-11-07,other,Enterprise,39,False,False,S-e1081c,2024-12-05,,7761,93132,False,False,monthly,True,37.0,5.0,1.0,4.0
A-5fe118,Company_374,Cybersecurity,US,2024-11-07,other,Enterprise,39,False,False,S-648397,2024-12-02,,6027,72324,False,False,monthly,True,46.0,0.0,1.0,4.0
A-5247b3,Company_375,FinTech,UK,2024-03-12,partner,Pro,16,True,False,S-2410c6,2024-05-11,,627,7524,False,False,annual,False,80.0,8.0,5.0,3.9925106382978726
A-5247b3,Company_375,FinTech,UK,2024-03-12,partner,Pro,16,True,False,S-26a630,2024-03-23,,3184,38208,False,False,monthly,True,25.0,0.0,5.0,3.9925106382978726
A-5247b3,Company_375,FinTech,UK,2024-03-12,partner,Pro,16,True,False,S-d6d433,2024-06-14,2024-11-19,0,0,False,False,annual,True,37.0,5.0,5.0,3.9925106382978726
A-5247b3,Company_375,FinTech,UK,2024-03-12,partner,Pro,16,True,False,S-5e06b2,2024-04-17,,0,0,False,False,monthly,True,32.0,1.0,5.0,3.9925106382978726
A-5247b3,Company_375,FinTech,UK,2024-03-12,partner,Pro,16,True,False,S-4f7b91,2024-06-19,,3184,38208,True,False,annual,True,131.0,4.0,5.0,3.9925106382978726
A-5247b3,Company_375,FinTech,UK,2024-03-12,partner,Pro,16,True,False,S-d0429b,2024-11-25,,1406,16872,True,False,annual,True,36.0,1.0,5.0,3.9925106382978726
A-5247b3,Company_375,FinTech,UK,2024-03-12,partner,Pro,16,True,False,S-991f61,2024-10-18,,342,4104,False,False,monthly,True,59.0,1.0,5.0,3.9925106382978726
A-5247b3,Company_375,FinTech,UK,2024-03-12,partner,Pro,16,True,False,S-7252b5,2024-09-25,,784,9408,False,False,monthly,True,58.0,2.0,5.0,3.9925106382978726
A-5247b3,Company_375,FinTech,UK,2024-03-12,partner,Pro,16,True,False,S-f973d4,2024-07-27,,1176,14112,True,False,monthly,True,74.0,1.0,5.0,3.9925106382978726
A-5247b3,Company_375,FinTech,UK,2024-03-12,partner,Pro,16,True,False,S-6bd42d,2024-06-19,,304,3648,False,False,monthly,True,59.0,6.0,5.0,3.9925106382978726
A-5247b3,Company_375,FinTech,UK,2024-03-12,partner,Pro,16,True,False,S-a10469,2024-10-14,,784,9408,False,False,annual,True,19.0,0.0,5.0,3.9925106382978726
A-f44180,Company_376,Cybersecurity,UK,2023-02-13,event,Pro,9,False,False,S-029c20,2024-12-13,,0,0,False,False,annual,False,68.0,4.0,2.0,5.0
A-f44180,Company_376,Cybersecurity,UK,2023-02-13,event,Pro,9,False,False,S-f72b84,2024-06-22,,441,5292,False,False,monthly,True,61.0,0.0,2.0,5.0
A-f44180,Company_376,Cybersecurity,UK,2023-02-13,event,Pro,9,False,False,S-7da02b,2023-05-20,2023-12-19,17711,212532,False,False,annual,True,46.0,2.0,2.0,5.0
A-f44180,Company_376,Cybersecurity,UK,2023-02-13,event,Pro,9,False,False,S-f5c7b2,2023-03-25,,1791,21492,False,False,annual,True,7.0,0.0,2.0,5.0
A-f44180,Company_376,Cybersecurity,UK,2023-02-13,event,Pro,9,False,False,S-f42cc4,2023-04-10,,2786,33432,False,False,annual,True,74.0,7.0,2.0,5.0
A-f44180,Company_376,Cybersecurity,UK,2023-02-13,event,Pro,9,False,False,S-0d6ea4,2023-12-27,2024-10-30,1791,21492,False,False,monthly,False,66.0,4.0,2.0,5.0
A-f44180,Company_376,Cybersecurity,UK,2023-02-13,event,Pro,9,False,False,S-de705a,2024-12-10,,0,0,False,False,annual,False,47.0,0.0,2.0,5.0
A-f44180,Company_376,Cybersecurity,UK,2023-02-13,event,Pro,9,False,False,S-beff12,2023-10-17,,1791,21492,False,False,monthly,True,30.0,1.0,2.0,5.0
A-f44180,Company_376,Cybersecurity,UK,2023-02-13,event,Pro,9,False,False,S-83dc0a,2023-08-31,,1791,21492,False,False,annual,True,35.0,1.0,2.0,5.0
A-f44180,Company_376,Cybersecurity,UK,2023-02-13,event,Pro,9,False,False,S-49d73e,2024-06-30,,0,0,False,False,annual,True,10.0,2.0,2.0,5.0
A-f44180,Company_376,Cybersecurity,UK,2023-02-13,event,Pro,9,False,False,S-e22519,2024-06-17,,686,8232,False,False,monthly,True,76.0,1.0,2.0,5.0
A-c16cf7,Company_377,EdTech,US,2024-10-16,event,Pro,13,True,False,S-329a60,2024-10-24,,1596,19152,False,False,annual,True,47.0,1.0,3.0,3.660425531914894
A-c16cf7,Company_377,EdTech,US,2024-10-16,event,Pro,13,True,False,S-4691f1,2024-12-07,,247,2964,False,False,annual,True,34.0,2.0,3.0,3.660425531914894
A-c16cf7,Company_377,EdTech,US,2024-10-16,event,Pro,13,True,False,S-f7fa56,2024-10-18,,637,7644,False,False,monthly,True,54.0,2.0,3.0,3.660425531914894
A-c16cf7,Company_377,EdTech,US,2024-10-16,event,Pro,13,True,False,S-567afa,2024-12-07,,882,10584,False,False,annual,True,79.0,6.0,3.0,3.660425531914894
A-c16cf7,Company_377,EdTech,US,2024-10-16,event,Pro,13,True,False,S-30bb47,2024-11-13,,2587,31044,False,False,annual,False,70.0,1.0,3.0,3.660425531914894
A-c16cf7,Company_377,EdTech,US,2024-10-16,event,Pro,13,True,False,S-35a9b6,2024-10-27,,637,7644,False,False,annual,False,39.0,0.0,3.0,3.660425531914894
A-c16cf7,Company_377,EdTech,US,2024-10-16,event,Pro,13,True,False,S-499ea3,2024-10-21,2024-11-12,4776,57312,False,False,monthly,True,68.0,2.0,3.0,3.660425531914894
A-c16cf7,Company_377,EdTech,US,2024-10-16,event,Pro,13,True,False,S-6b9696,2024-12-23,,665,7980,False,False,annual,True,48.0,4.0,3.0,3.660425531914894
A-c16cf7,Company_377,EdTech,US,2024-10-16,event,Pro,13,True,False,S-cf59a0,2024-11-02,,0,0,False,False,monthly,True,28.0,1.0,3.0,3.660425531914894
A-c16cf7,Company_377,EdTech,US,2024-10-16,event,Pro,13,True,False,S-64ddbc,2024-12-18,,247,2964,False,False,monthly,True,110.0,7.0,3.0,3.660425531914894
A-d42431,Company_378,FinTech,FR,2024-06-09,ads,Enterprise,22,True,False,S-61e53d,2024-11-15,2024-12-14,418,5016,False,False,annual,False,61.0,3.0,4.0,3.9906382978723407
A-d42431,Company_378,FinTech,FR,2024-06-09,ads,Enterprise,22,True,False,S-7b7be8,2024-07-08,,1729,20748,False,False,monthly,True,43.0,0.0,4.0,3.9906382978723407
A-d42431,Company_378,FinTech,FR,2024-06-09,ads,Enterprise,22,True,False,S-05ef15,2024-10-24,,665,7980,False,False,monthly,True,25.0,7.0,4.0,3.9906382978723407
A-d42431,Company_378,FinTech,FR,2024-06-09,ads,Enterprise,22,True,False,S-48ce17,2024-12-08,,4378,52536,False,False,annual,True,54.0,1.0,4.0,3.9906382978723407
A-d42431,Company_378,FinTech,FR,2024-06-09,ads,Enterprise,22,True,False,S-5cce27,2024-09-01,,418,5016,False,False,annual,True,52.0,1.0,4.0,3.9906382978723407
A-d42431,Company_378,FinTech,FR,2024-06-09,ads,Enterprise,22,True,False,S-5f5b36,2024-08-26,,4378,52536,False,False,monthly,True,42.0,8.0,4.0,3.9906382978723407
A-d42431,Company_378,FinTech,FR,2024-06-09,ads,Enterprise,22,True,False,S-19cb09,2024-10-17,,4378,52536,False,False,monthly,True,75.0,7.0,4.0,3.9906382978723407
A-d42431,Company_378,FinTech,FR,2024-06-09,ads,Enterprise,22,True,False,S-620b62,2024-08-06,,4378,52536,True,False,annual,False,65.0,6.0,4.0,3.9906382978723407
A-d42431,Company_378,FinTech,FR,2024-06-09,ads,Enterprise,22,True,False,S-0a6b6b,2024-06-11,,418,5016,False,True,monthly,True,40.0,1.0,4.0,3.9906382978723407
A-6965e1,Company_379,DevTools,US,2024-11-25,organic,Basic,13,False,False,S-6129d4,2024-12-26,,2587,31044,False,False,annual,True,9.0,1.0,3.0,3.654184397163121
A-6965e1,Company_379,DevTools,US,2024-11-25,organic,Basic,13,False,False,S-85ba19,2024-12-11,,2587,31044,True,False,monthly,True,61.0,5.0,3.0,3.654184397163121
A-6965e1,Company_379,DevTools,US,2024-11-25,organic,Basic,13,False,False,S-bf893c,2024-12-07,,7562,90744,False,False,monthly,False,54.0,4.0,3.0,3.654184397163121
A-6965e1,Company_379,DevTools,US,2024-11-25,organic,Basic,13,False,False,S-f9cb2b,2024-12-18,,6766,81192,False,False,annual,False,43.0,1.0,3.0,3.654184397163121
A-6965e1,Company_379,DevTools,US,2024-11-25,organic,Basic,13,False,False,S-25ec8c,2024-12-05,,0,0,False,False,monthly,False,41.0,1.0,3.0,3.654184397163121
A-6965e1,Company_379,DevTools,US,2024-11-25,organic,Basic,13,False,False,S-dacc80,2024-12-30,,247,2964,False,False,monthly,True,97.0,0.0,3.0,3.654184397163121
A-6965e1,Company_379,DevTools,US,2024-11-25,organic,Basic,13,False,False,S-2c4527,2024-12-22,,637,7644,False,False,annual,True,81.0,0.0,3.0,3.654184397163121
A-6965e1,Company_379,DevTools,US,2024-11-25,organic,Basic,13,False,False,S-15c444,2024-12-07,,637,7644,False,True,monthly,True,88.0,6.0,3.0,3.654184397163121
A-6965e1,Company_379,DevTools,US,2024-11-25,organic,Basic,13,False,False,S-215e9c,2024-12-06,,882,10584,False,False,monthly,True,27.0,1.0,3.0,3.654184397163121
A-6965e1,Company_379,DevTools,US,2024-11-25,organic,Basic,13,False,False,S-62a6d7,2024-12-20,,686,8232,False,False,monthly,True,53.0,5.0,3.0,3.654184397163121
A-6965e1,Company_379,DevTools,US,2024-11-25,organic,Basic,13,False,False,S-1ff580,2024-12-26,,2587,31044,False,False,monthly,False,45.0,2.0,3.0,3.654184397163121
A-6965e1,Company_379,DevTools,US,2024-11-25,organic,Basic,13,False,False,S-5aaf6f,2024-12-12,,2587,31044,False,False,annual,True,28.0,3.0,3.0,3.654184397163121
A-0354fe,Company_380,Cybersecurity,US,2024-10-22,other,Basic,34,False,False,S-70af60,2024-12-10,,0,0,False,False,annual,True,96.0,6.0,4.0,3.9906382978723407
A-0354fe,Company_380,Cybersecurity,US,2024-10-22,other,Basic,34,False,False,S-ab63e3,2024-11-23,,646,7752,False,False,annual,True,76.0,1.0,4.0,3.9906382978723407
A-0354fe,Company_380,Cybersecurity,US,2024-10-22,other,Basic,34,False,False,S-c8fd93,2024-11-16,2024-11-20,646,7752,True,False,monthly,True,35.0,1.0,4.0,3.9906382978723407
A-0354fe,Company_380,Cybersecurity,US,2024-10-22,other,Basic,34,False,False,S-519f1c,2024-11-03,,646,7752,False,False,monthly,False,55.0,7.0,4.0,3.9906382978723407
A-0354fe,Company_380,Cybersecurity,US,2024-10-22,other,Basic,34,False,False,S-9ea111,2024-12-10,,6766,81192,False,False,monthly,False,49.0,1.0,4.0,3.9906382978723407
A-0354fe,Company_380,Cybersecurity,US,2024-10-22,other,Basic,34,False,False,S-bc5908,2024-11-15,,6766,81192,False,False,monthly,True,89.0,9.0,4.0,3.9906382978723407
A-0354fe,Company_380,Cybersecurity,US,2024-10-22,other,Basic,34,False,False,S-487d18,2024-11-03,,0,0,False,False,annual,True,63.0,5.0,4.0,3.9906382978723407
A-0a62f5,Company_381,FinTech,UK,2024-09-11,partner,Pro,16,False,False,S-561850,2024-10-23,,784,9408,False,False,annual,True,97.0,2.0,2.0,3.981276595744681
A-0a62f5,Company_381,FinTech,UK,2024-09-11,partner,Pro,16,False,False,S-d8c527,2024-12-21,,475,5700,False,False,monthly,True,53.0,2.0,2.0,3.981276595744681
A-0a62f5,Company_381,FinTech,UK,2024-09-11,partner,Pro,16,False,False,S-e7a190,2024-12-06,,418,5016,False,False,annual,True,34.0,3.0,2.0,3.981276595744681
A-0a62f5,Company_381,FinTech,UK,2024-09-11,partner,Pro,16,False,False,S-c62bb7,2024-09-16,,3184,38208,False,False,monthly,True,60.0,0.0,2.0,3.981276595744681
A-f5641b,Company_382,EdTech,US,2024-03-30,other,Pro,31,False,False,S-82989b,2024-11-30,,589,7068,False,False,monthly,True,35.0,1.0,4.0,3.4906382978723407
A-f5641b,Company_382,EdTech,US,2024-03-30,other,Pro,31,False,False,S-c97464,2024-10-16,,1862,22344,False,False,monthly,False,99.0,7.0,4.0,3.4906382978723407
A-f5641b,Company_382,EdTech,US,2024-03-30,other,Pro,31,False,False,S-5ee117,2024-07-25,,1519,18228,False,False,monthly,True,22.0,0.0,4.0,3.4906382978723407
A-f5641b,Company_382,EdTech,US,2024-03-30,other,Pro,31,False,False,S-55a3e4,2024-12-21,,1519,18228,False,False,annual,False,38.0,1.0,4.0,3.4906382978723407
A-f5641b,Company_382,EdTech,US,2024-03-30,other,Pro,31,False,False,S-fc44ed,2024-05-23,,6169,74028,False,False,annual,True,69.0,4.0,4.0,3.4906382978723407
A-f5641b,Company_382,EdTech,US,2024-03-30,other,Pro,31,False,False,S-812c7c,2024-06-08,,0,0,False,False,monthly,False,34.0,2.0,4.0,3.4906382978723407
A-f5641b,Company_382,EdTech,US,2024-03-30,other,Pro,31,False,False,S-9a115f,2024-12-29,,8955,107460,False,False,monthly,True,35.0,2.0,4.0,3.4906382978723407
A-f5641b,Company_382,EdTech,US,2024-03-30,other,Pro,31,False,False,S-7dd478,2024-10-13,,6169,74028,False,False,monthly,False,48.0,0.0,4.0,3.4906382978723407
A-f5641b,Company_382,EdTech,US,2024-03-30,other,Pro,31,False,False,S-33200e,2024-08-06,,6169,74028,False,False,monthly,True,18.0,0.0,4.0,3.4906382978723407
A-f5641b,Company_382,EdTech,US,2024-03-30,other,Pro,31,False,False,S-966a44,2024-04-21,2024-07-22,6169,74028,True,True,monthly,True,40.0,1.0,4.0,3.4906382978723407
A-b44e3e,Company_383,Cybersecurity,UK,2024-02-12,ads,Basic,40,False,False,S-ef398a,2024-05-29,,7960,95520,False,False,annual,True,80.0,0.0,3.0,4.333333333333333
A-b44e3e,Company_383,Cybersecurity,UK,2024-02-12,ads,Basic,40,False,False,S-f22b7f,2024-12-27,2024-12-27,7960,95520,False,False,annual,True,27.0,2.0,3.0,4.333333333333333
A-b44e3e,Company_383,Cybersecurity,UK,2024-02-12,ads,Basic,40,False,False,S-1b4be3,2024-04-15,,1960,23520,True,False,annual,True,38.0,0.0,3.0,4.333333333333333
A-b44e3e,Company_383,Cybersecurity,UK,2024-02-12,ads,Basic,40,False,False,S-f429e0,2024-02-28,,15721,188652,True,False,annual,True,75.0,1.0,3.0,4.333333333333333
A-b44e3e,Company_383,Cybersecurity,UK,2024-02-12,ads,Basic,40,False,False,S-bbcf43,2024-07-23,,0,0,False,False,monthly,True,31.0,2.0,3.0,4.333333333333333
A-b44e3e,Company_383,Cybersecurity,UK,2024-02-12,ads,Basic,40,False,False,S-e5909f,2024-04-17,,1960,23520,True,False,annual,True,73.0,6.0,3.0,4.333333333333333
A-b44e3e,Company_383,Cybersecurity,UK,2024-02-12,ads,Basic,40,False,False,S-679640,2024-06-25,,7960,95520,False,False,monthly,False,63.0,2.0,3.0,4.333333333333333
A-3b37d9,Company_384,FinTech,US,2023-01-27,event,Enterprise,23,False,False,S-39e88c,2023-07-10,,1127,13524,False,False,annual,True,103.0,5.0,5.0,4.188765957446809
A-3b37d9,Company_384,FinTech,US,2023-01-27,event,Enterprise,23,False,False,S-115510,2024-05-28,,0,0,False,False,monthly,True,37.0,1.0,5.0,4.188765957446809
A-3b37d9,Company_384,FinTech,US,2023-01-27,event,Enterprise,23,False,False,S-3af70e,2024-11-17,,4577,54924,False,False,annual,True,98.0,4.0,5.0,4.188765957446809
A-3b37d9,Company_384,FinTech,US,2023-01-27,event,Enterprise,23,False,False,S-2fc028,2023-11-13,2024-11-27,4577,54924,True,False,annual,True,19.0,0.0,5.0,4.188765957446809
A-3b37d9,Company_384,FinTech,US,2023-01-27,event,Enterprise,23,False,False,S-07aba0,2023-04-11,,4577,54924,True,False,annual,True,36.0,1.0,5.0,4.188765957446809
A-3b37d9,Company_384,FinTech,US,2023-01-27,event,Enterprise,23,False,False,S-02b754,2023-10-11,,4577,54924,False,False,annual,False,138.0,10.0,5.0,4.188765957446809
A-3b37d9,Company_384,FinTech,US,2023-01-27,event,Enterprise,23,False,False,S-d1dbf7,2023-12-02,,0,0,False,False,monthly,True,20.0,0.0,5.0,4.188765957446809
A-54d94a,Company_385,Cybersecurity,IN,2023-05-01,event,Basic,27,False,False,S-dbde43,2023-12-17,,1323,15876,False,False,annual,True,48.0,3.0,4.0,3.7406382978723407
A-54d94a,Company_385,Cybersecurity,IN,2023-05-01,event,Basic,27,False,False,S-5717da,2024-10-24,,1323,15876,False,False,monthly,True,49.0,4.0,4.0,3.7406382978723407
A-54d94a,Company_385,Cybersecurity,IN,2023-05-01,event,Basic,27,False,False,S-6d6ab6,2024-12-21,,513,6156,False,False,annual,True,71.0,3.0,4.0,3.7406382978723407
A-54d94a,Company_385,Cybersecurity,IN,2023-05-01,event,Basic,27,False,False,S-76b06c,2024-08-06,,1323,15876,False,False,monthly,True,55.0,3.0,4.0,3.7406382978723407
A-54d94a,Company_385,Cybersecurity,IN,2023-05-01,event,Basic,27,False,False,S-7553fb,2023-11-29,2024-01-28,0,0,False,False,monthly,False,69.0,2.0,4.0,3.7406382978723407
A-54d94a,Company_385,Cybersecurity,IN,2023-05-01,event,Basic,27,False,False,S-cfb886,2024-12-19,,1323,15876,False,False,annual,True,12.0,0.0,4.0,3.7406382978723407
A-54d94a,Company_385,Cybersecurity,IN,2023-05-01,event,Basic,27,False,False,S-aabbf4,2024-01-06,,2548,30576,True,False,annual,True,67.0,2.0,4.0,3.7406382978723407
A-54d94a,Company_385,Cybersecurity,IN,2023-05-01,event,Basic,27,False,False,S-cfedb3,2024-07-16,,513,6156,False,False,annual,True,58.0,2.0,4.0,3.7406382978723407
A-54d94a,Company_385,Cybersecurity,IN,2023-05-01,event,Basic,27,False,False,S-0a7396,2024-02-24,,1323,15876,False,True,monthly,True,32.0,1.0,4.0,3.7406382978723407
A-54d94a,Company_385,Cybersecurity,IN,2023-05-01,event,Basic,27,False,False,S-54bb4e,2023-12-16,,1045,12540,False,False,monthly,True,21.0,2.0,4.0,3.7406382978723407
A-54d94a,Company_385,Cybersecurity,IN,2023-05-01,event,Basic,27,False,False,S-1ccdd4,2024-10-21,,1323,15876,False,False,monthly,True,100.0,6.0,4.0,3.7406382978723407
A-7f29a7,Company_386,Cybersecurity,UK,2024-09-18,event,Basic,41,True,False,S-9cb6a7,2024-12-21,,779,9348,False,False,monthly,True,14.0,0.0,1.0,4.0
A-7f29a7,Company_386,Cybersecurity,UK,2024-09-18,event,Basic,41,True,False,S-bdc6b7,2024-12-02,2024-12-25,8159,97908,False,False,monthly,False,19.0,1.0,1.0,4.0
A-7f29a7,Company_386,Cybersecurity,UK,2024-09-18,event,Basic,41,True,False,S-7679b6,2024-10-14,,2009,24108,False,False,annual,False,83.0,8.0,1.0,4.0
A-7f29a7,Company_386,Cybersecurity,UK,2024-09-18,event,Basic,41,True,False,S-68adfa,2024-10-06,,0,0,False,False,monthly,True,43.0,1.0,1.0,4.0
A-7f29a7,Company_386,Cybersecurity,UK,2024-09-18,event,Basic,41,True,False,S-7b65f4,2024-11-07,2024-12-02,779,9348,False,False,monthly,False,96.0,4.0,1.0,4.0
A-7f29a7,Company_386,Cybersecurity,UK,2024-09-18,event,Basic,41,True,False,S-be655e,2024-11-24,,779,9348,False,False,annual,True,69.0,7.0,1.0,4.0
A-7f29a7,Company_386,Cybersecurity,UK,2024-09-18,event,Basic,41,True,False,S-9e8ce0,2024-11-28,,2009,24108,False,False,annual,True,26.0,0.0,1.0,4.0
A-7f29a7,Company_386,Cybersecurity,UK,2024-09-18,event,Basic,41,True,False,S-d76bd0,2024-10-08,2024-10-15,779,9348,False,False,monthly,False,41.0,4.0,1.0,4.0
A-7f29a7,Company_386,Cybersecurity,UK,2024-09-18,event,Basic,41,True,False,S-c3d6a2,2024-12-03,,779,9348,False,False,annual,True,79.0,1.0,1.0,4.0
A-7f29a7,Company_386,Cybersecurity,UK,2024-09-18,event,Basic,41,True,False,S-80af39,2024-09-26,,779,9348,False,False,monthly,True,61.0,9.0,1.0,4.0
A-7f29a7,Company_386,Cybersecurity,UK,2024-09-18,event,Basic,41,True,False,S-fcbd92,2024-12-21,,2009,24108,False,False,monthly,True,88.0,3.0,1.0,4.0
A-089363,Company_387,FinTech,AU,2023-05-06,event,Basic,2,False,False,S-46eb1c,2024-10-13,,209,2508,False,False,annual,False,63.0,8.0,3.0,3.6666666666666665
A-089363,Company_387,FinTech,AU,2023-05-06,event,Basic,2,False,False,S-fcfb31,2023-10-03,,0,0,False,False,monthly,False,17.0,1.0,3.0,3.6666666666666665
A-089363,Company_387,FinTech,AU,2023-05-06,event,Basic,2,False,False,S-50a388,2024-06-18,,0,0,True,False,annual,True,19.0,3.0,3.0,3.6666666666666665
A-089363,Company_387,FinTech,AU,2023-05-06,event,Basic,2,False,False,S-292c06,2024-07-11,,1274,15288,False,False,monthly,True,35.0,0.0,3.0,3.6666666666666665
A-089363,Company_387,FinTech,AU,2023-05-06,event,Basic,2,False,False,S-d62a15,2024-08-08,,1990,23880,False,False,annual,True,39.0,0.0,3.0,3.6666666666666665
A-089363,Company_387,FinTech,AU,2023-05-06,event,Basic,2,False,False,S-5bb13f,2024-01-10,,2985,35820,False,False,monthly,False,65.0,4.0,3.0,3.6666666666666665
A-089363,Company_387,FinTech,AU,2023-05-06,event,Basic,2,False,False,S-883efd,2024-06-09,,0,0,False,False,monthly,True,81.0,4.0,3.0,3.6666666666666665
A-089363,Company_387,FinTech,AU,2023-05-06,event,Basic,2,False,False,S-85caaf,2023-06-03,,98,1176,True,False,annual,True,58.0,1.0,3.0,3.6666666666666665
A-089363,Company_387,FinTech,AU,2023-05-06,event,Basic,2,False,False,S-a83bf1,2023-11-04,,760,9120,False,False,monthly,False,30.0,1.0,3.0,3.6666666666666665
A-089363,Company_387,FinTech,AU,2023-05-06,event,Basic,2,False,False,S-00837c,2024-11-15,2024-11-27,8557,102684,False,False,annual,False,45.0,7.0,3.0,3.6666666666666665
A-089363,Company_387,FinTech,AU,2023-05-06,event,Basic,2,False,False,S-a53e06,2024-06-14,,57,684,False,False,annual,False,54.0,1.0,3.0,3.6666666666666665
A-089363,Company_387,FinTech,AU,2023-05-06,event,Basic,2,False,False,S-1e1853,2024-11-25,2024-12-31,5174,62088,False,False,monthly,True,44.0,2.0,3.0,3.6666666666666665
A-089363,Company_387,FinTech,AU,2023-05-06,event,Basic,2,False,False,S-2843fe,2024-06-26,,0,0,False,False,monthly,True,74.0,1.0,3.0,3.6666666666666665
A-089363,Company_387,FinTech,AU,2023-05-06,event,Basic,2,False,False,S-00b0bc,2024-12-12,,0,0,False,False,annual,True,4.0,0.0,3.0,3.6666666666666665
A-524364,Company_388,DevTools,FR,2024-12-31,partner,Enterprise,3,False,False,S-9eda4d,2024-12-31,,0,0,False,False,monthly,True,49.0,4.0,3.0,4.333333333333333
A-524364,Company_388,DevTools,FR,2024-12-31,partner,Enterprise,3,False,False,S-5685bf,2024-12-31,,0,0,False,False,annual,True,43.0,10.0,3.0,4.333333333333333
A-524364,Company_388,DevTools,FR,2024-12-31,partner,Enterprise,3,False,False,S-dee62f,2024-12-31,,228,2736,False,False,monthly,True,44.0,2.0,3.0,4.333333333333333
A-524364,Company_388,DevTools,FR,2024-12-31,partner,Enterprise,3,False,False,S-a33656,2024-12-31,,228,2736,False,False,monthly,True,18.0,0.0,3.0,4.333333333333333
A-524364,Company_388,DevTools,FR,2024-12-31,partner,Enterprise,3,False,False,S-7480e6,2024-12-31,,8557,102684,False,False,annual,True,44.0,4.0,3.0,4.333333333333333
A-524364,Company_388,DevTools,FR,2024-12-31,partner,Enterprise,3,False,False,S-47b86b,2024-12-31,,539,6468,False,False,monthly,True,39.0,4.0,3.0,4.333333333333333
A-855a48,Company_389,EdTech,US,2023-12-22,partner,Pro,14,True,False,S-6c969d,2024-05-08,,266,3192,False,False,monthly,False,50.0,1.0,5.0,3.7925106382978724
A-855a48,Company_389,EdTech,US,2023-12-22,partner,Pro,14,True,False,S-a8f236,2024-03-17,,2786,33432,False,False,monthly,False,70.0,3.0,5.0,3.7925106382978724
A-855a48,Company_389,EdTech,US,2023-12-22,partner,Pro,14,True,False,S-72cf21,2024-01-30,,7960,95520,False,True,annual,False,32.0,3.0,5.0,3.7925106382978724
A-855a48,Company_389,EdTech,US,2023-12-22,partner,Pro,14,True,False,S-918151,2024-05-29,,5373,64476,False,False,annual,False,83.0,5.0,5.0,3.7925106382978724
A-855a48,Company_389,EdTech,US,2023-12-22,partner,Pro,14,True,False,S-104ed3,2024-03-02,,266,3192,False,False,annual,True,61.0,1.0,5.0,3.7925106382978724
A-855a48,Company_389,EdTech,US,2023-12-22,partner,Pro,14,True,False,S-c1316c,2024-07-30,,11940,143280,False,False,annual,True,46.0,0.0,5.0,3.7925106382978724
A-855a48,Company_389,EdTech,US,2023-12-22,partner,Pro,14,True,False,S-3f2b4c,2024-02-27,,1519,18228,False,False,annual,True,68.0,2.0,5.0,3.7925106382978724
A-855a48,Company_389,EdTech,US,2023-12-22,partner,Pro,14,True,False,S-11b2c6,2024-06-06,,266,3192,False,False,monthly,False,38.0,1.0,5.0,3.7925106382978724
A-756192,Company_390,FinTech,IN,2023-06-11,other,Basic,19,False,False,S-f5d8ce,2023-10-27,,931,11172,False,False,monthly,False,54.0,0.0,3.0,3.993758865248227
A-756192,Company_390,FinTech,IN,2023-06-11,other,Basic,19,False,False,S-43b137,2024-06-14,,7761,93132,False,False,annual,True,19.0,0.0,3.0,3.993758865248227
A-756192,Company_390,FinTech,IN,2023-06-11,other,Basic,19,False,False,S-0ecec7,2024-07-17,,3781,45372,False,False,monthly,True,74.0,8.0,3.0,3.993758865248227
A-756192,Company_390,FinTech,IN,2023-06-11,other,Basic,19,False,False,S-e89b90,2024-12-12,,1862,22344,False,False,annual,True,85.0,7.0,3.0,3.993758865248227
A-756192,Company_390,FinTech,IN,2023-06-11,other,Basic,19,False,False,S-2ecaea,2024-06-28,,4975,59700,False,False,monthly,True,80.0,10.0,3.0,3.993758865248227
A-756192,Company_390,FinTech,IN,2023-06-11,other,Basic,19,False,False,S-9a0b2f,2023-09-17,,0,0,True,False,monthly,True,48.0,7.0,3.0,3.993758865248227
A-756192,Company_390,FinTech,IN,2023-06-11,other,Basic,19,False,False,S-373490,2024-09-28,,0,0,False,False,monthly,True,39.0,2.0,3.0,3.993758865248227
A-756192,Company_390,FinTech,IN,2023-06-11,other,Basic,19,False,False,S-a54f87,2024-08-11,,1292,15504,False,False,annual,True,94.0,2.0,3.0,3.993758865248227
A-756192,Company_390,FinTech,IN,2023-06-11,other,Basic,19,False,False,S-827bc4,2024-11-29,,437,5244,False,False,monthly,False,51.0,2.0,3.0,3.993758865248227
A-756192,Company_390,FinTech,IN,2023-06-11,other,Basic,19,False,False,S-f24690,2024-11-18,,361,4332,False,False,monthly,True,73.0,5.0,3.0,3.993758865248227
A-49b828,Company_391,FinTech,IN,2023-05-05,ads,Pro,6,False,False,S-da0a69,2023-05-11,,294,3528,False,False,monthly,True,93.0,6.0,3.0,3.660425531914894
A-49b828,Company_391,FinTech,IN,2023-05-05,ads,Pro,6,False,False,S-41023c,2023-12-15,,6169,74028,False,False,annual,True,57.0,3.0,3.0,3.660425531914894
A-49b828,Company_391,FinTech,IN,2023-05-05,ads,Pro,6,False,False,S-285534,2024-11-09,,247,2964,False,False,annual,True,49.0,3.0,3.0,3.660425531914894
A-49b828,Company_391,FinTech,IN,2023-05-05,ads,Pro,6,False,False,S-9fbee8,2024-10-09,,490,5880,False,False,annual,True,21.0,1.0,3.0,3.660425531914894
A-49b828,Company_391,FinTech,IN,2023-05-05,ads,Pro,6,False,False,S-82eb3e,2024-07-18,,1194,14328,False,False,annual,False,51.0,3.0,3.0,3.660425531914894
A-49b828,Company_391,FinTech,IN,2023-05-05,ads,Pro,6,False,False,S-108282,2024-03-26,,1470,17640,False,False,annual,True,78.0,11.0,3.0,3.660425531914894
A-49b828,Company_391,FinTech,IN,2023-05-05,ads,Pro,6,False,False,S-e77144,2023-08-09,,4975,59700,True,False,monthly,True,33.0,2.0,3.0,3.660425531914894
A-49b828,Company_391,FinTech,IN,2023-05-05,ads,Pro,6,False,False,S-ee994a,2024-04-18,,1225,14700,False,False,monthly,True,27.0,0.0,3.0,3.660425531914894
A-49b828,Company_391,FinTech,IN,2023-05-05,ads,Pro,6,False,False,S-b2b1b9,2023-10-06,,9751,117012,True,False,annual,True,48.0,0.0,3.0,3.660425531914894
A-49b828,Company_391,FinTech,IN,2023-05-05,ads,Pro,6,False,False,S-be509c,2023-08-10,,0,0,False,False,annual,True,50.0,4.0,3.0,3.660425531914894
A-49b828,Company_391,FinTech,IN,2023-05-05,ads,Pro,6,False,False,S-f3d5d7,2024-11-22,,3980,47760,False,False,annual,True,37.0,3.0,3.0,3.660425531914894
A-49b828,Company_391,FinTech,IN,2023-05-05,ads,Pro,6,False,False,S-db4e11,2024-08-09,,686,8232,False,False,monthly,True,63.0,6.0,3.0,3.660425531914894
A-49b828,Company_391,FinTech,IN,2023-05-05,ads,Pro,6,False,False,S-dbee03,2023-05-16,,171,2052,False,False,monthly,True,49.0,3.0,3.0,3.660425531914894
A-49b828,Company_391,FinTech,IN,2023-05-05,ads,Pro,6,False,False,S-22c66b,2024-02-17,,456,5472,False,False,monthly,True,31.0,0.0,3.0,3.660425531914894
A-c7ffc2,Company_392,Cybersecurity,US,2023-01-27,partner,Pro,30,True,False,S-0a2238,2024-09-16,,570,6840,False,False,monthly,True,107.0,7.0,2.0,3.4906382978723407
A-c7ffc2,Company_392,Cybersecurity,US,2023-01-27,partner,Pro,30,True,False,S-c25263,2023-09-22,,570,6840,True,False,annual,True,80.0,1.0,2.0,3.4906382978723407
A-c7ffc2,Company_392,Cybersecurity,US,2023-01-27,partner,Pro,30,True,False,S-1082f7,2023-08-21,,1083,12996,False,False,annual,True,19.0,0.0,2.0,3.4906382978723407
A-c7ffc2,Company_392,Cybersecurity,US,2023-01-27,partner,Pro,30,True,False,S-8a7e47,2024-12-27,,931,11172,False,False,monthly,False,43.0,2.0,2.0,3.4906382978723407
A-c7ffc2,Company_392,Cybersecurity,US,2023-01-27,partner,Pro,30,True,False,S-772ef0,2024-02-25,,1470,17640,False,False,annual,True,99.0,6.0,2.0,3.4906382978723407
A-c7ffc2,Company_392,Cybersecurity,US,2023-01-27,partner,Pro,30,True,False,S-8eb6df,2024-02-17,,5970,71640,False,False,monthly,True,27.0,0.0,2.0,3.4906382978723407
A-c7ffc2,Company_392,Cybersecurity,US,2023-01-27,partner,Pro,30,True,False,S-aa7247,2024-08-15,,570,6840,False,False,monthly,True,46.0,4.0,2.0,3.4906382978723407
A-c7ffc2,Company_392,Cybersecurity,US,2023-01-27,partner,Pro,30,True,False,S-cdde2b,2023-07-19,,570,6840,True,False,monthly,False,39.0,0.0,2.0,3.4906382978723407
A-c7ffc2,Company_392,Cybersecurity,US,2023-01-27,partner,Pro,30,True,False,S-2359a2,2024-03-12,,5970,71640,False,False,annual,False,21.0,0.0,2.0,3.4906382978723407
A-c7ffc2,Company_392,Cybersecurity,US,2023-01-27,partner,Pro,30,True,False,S-2b550a,2023-11-01,,5970,71640,True,False,monthly,True,37.0,2.0,2.0,3.4906382978723407
A-c7ffc2,Company_392,Cybersecurity,US,2023-01-27,partner,Pro,30,True,False,S-f6ca9e,2024-10-27,,5970,71640,False,False,annual,True,61.0,0.0,2.0,3.4906382978723407
A-c7ffc2,Company_392,Cybersecurity,US,2023-01-27,partner,Pro,30,True,False,S-432401,2023-05-25,,6468,77616,False,False,monthly,True,61.0,6.0,2.0,3.4906382978723407
A-751c58,Company_393,FinTech,UK,2024-07-18,organic,Basic,15,False,False,S-16ef7a,2024-12-16,,0,0,False,False,monthly,True,59.0,4.0,5.0,4.192510638297873
A-751c58,Company_393,FinTech,UK,2024-07-18,organic,Basic,15,False,False,S-9a8d01,2024-08-30,,1617,19404,True,False,monthly,False,39.0,0.0,5.0,4.192510638297873
A-751c58,Company_393,FinTech,UK,2024-07-18,organic,Basic,15,False,False,S-dbc4d5,2024-08-24,,735,8820,False,False,annual,True,77.0,5.0,5.0,4.192510638297873
A-751c58,Company_393,FinTech,UK,2024-07-18,organic,Basic,15,False,False,S-4d2011,2024-07-29,,2985,35820,False,False,annual,False,32.0,1.0,5.0,4.192510638297873
A-751c58,Company_393,FinTech,UK,2024-07-18,organic,Basic,15,False,False,S-3a3d0f,2024-09-20,,342,4104,False,False,annual,True,72.0,0.0,5.0,4.192510638297873
A-751c58,Company_393,FinTech,UK,2024-07-18,organic,Basic,15,False,False,S-767957,2024-08-28,,0,0,True,False,annual,True,45.0,2.0,5.0,4.192510638297873
A-751c58,Company_393,FinTech,UK,2024-07-18,organic,Basic,15,False,False,S-128f55,2024-09-16,,2205,26460,False,False,annual,True,75.0,0.0,5.0,4.192510638297873
A-751c58,Company_393,FinTech,UK,2024-07-18,organic,Basic,15,False,False,S-aede24,2024-09-09,,2985,35820,True,False,annual,True,57.0,0.0,5.0,4.192510638297873
A-751c58,Company_393,FinTech,UK,2024-07-18,organic,Basic,15,False,False,S-f497df,2024-12-21,,1349,16188,False,False,annual,True,27.0,0.0,5.0,4.192510638297873
A-751c58,Company_393,FinTech,UK,2024-07-18,organic,Basic,15,False,False,S-2aaca3,2024-12-18,,5174,62088,False,False,monthly,True,62.0,0.0,5.0,4.192510638297873
A-751c58,Company_393,FinTech,UK,2024-07-18,organic,Basic,15,False,False,S-59d050,2024-10-11,,2205,26460,True,False,monthly,True,29.0,0.0,5.0,4.192510638297873
A-72799b,Company_394,DevTools,FR,2023-11-13,event,Enterprise,20,False,True,S-d2d423,2024-08-12,,3980,47760,False,False,monthly,True,91.0,2.0,2.0,4.5
A-72799b,Company_394,DevTools,FR,2023-11-13,event,Enterprise,20,False,True,S-8ae507,2024-03-16,,980,11760,True,False,annual,False,85.0,6.0,2.0,4.5
A-72799b,Company_394,DevTools,FR,2023-11-13,event,Enterprise,20,False,True,S-d7ae8c,2023-12-28,,380,4560,True,False,monthly,True,59.0,3.0,2.0,4.5
A-72799b,Company_394,DevTools,FR,2023-11-13,event,Enterprise,20,False,True,S-8c61f4,2024-04-17,,646,7752,False,False,annual,False,94.0,4.0,2.0,4.5
A-72799b,Company_394,DevTools,FR,2023-11-13,event,Enterprise,20,False,True,S-dd1d46,2023-11-18,,0,0,False,False,monthly,True,52.0,7.0,2.0,4.5
A-72799b,Company_394,DevTools,FR,2023-11-13,event,Enterprise,20,False,True,S-f61f42,2024-05-17,,3980,47760,False,False,monthly,True,45.0,4.0,2.0,4.5
A-72799b,Company_394,DevTools,FR,2023-11-13,event,Enterprise,20,False,True,S-8bab7f,2024-04-21,2024-09-30,380,4560,False,True,monthly,True,49.0,0.0,2.0,4.5
A-72799b,Company_394,DevTools,FR,2023-11-13,event,Enterprise,20,False,True,S-89a8a2,2024-10-21,,2989,35868,False,False,annual,True,32.0,4.0,2.0,4.5
A-72799b,Company_394,DevTools,FR,2023-11-13,event,Enterprise,20,False,True,S-dc86fa,2024-09-02,,0,0,False,False,monthly,True,25.0,3.0,2.0,4.5
A-72799b,Company_394,DevTools,FR,2023-11-13,event,Enterprise,20,False,True,S-3ef584,2023-11-17,,3980,47760,False,False,annual,True,18.0,1.0,2.0,4.5
A-812c5b,Company_395,DevTools,CA,2024-02-25,organic,Basic,55,False,True,S-b5b9a5,2024-07-25,,1045,12540,False,False,monthly,True,49.0,3.0,4.0,3.9906382978723407
A-812c5b,Company_395,DevTools,CA,2024-02-25,organic,Basic,55,False,True,S-feccd8,2024-12-22,,10945,131340,False,False,monthly,True,15.0,1.0,4.0,3.9906382978723407
A-812c5b,Company_395,DevTools,CA,2024-02-25,organic,Basic,55,False,True,S-a37653,2024-10-12,,2695,32340,False,False,monthly,False,39.0,6.0,4.0,3.9906382978723407
A-812c5b,Company_395,DevTools,CA,2024-02-25,organic,Basic,55,False,True,S-bf89e6,2024-05-19,,6370,76440,False,False,monthly,True,55.0,3.0,4.0,3.9906382978723407
A-812c5b,Company_395,DevTools,CA,2024-02-25,organic,Basic,55,False,True,S-c5835c,2024-06-25,,0,0,False,False,monthly,True,38.0,2.0,4.0,3.9906382978723407
A-812c5b,Company_395,DevTools,CA,2024-02-25,organic,Basic,55,False,True,S-1bbf0a,2024-12-02,,0,0,False,False,monthly,True,110.0,5.0,4.0,3.9906382978723407
A-812c5b,Company_395,DevTools,CA,2024-02-25,organic,Basic,55,False,True,S-542c37,2024-12-27,,2695,32340,False,False,monthly,True,51.0,3.0,4.0,3.9906382978723407
A-812c5b,Company_395,DevTools,CA,2024-02-25,organic,Basic,55,False,True,S-ce90ba,2024-04-03,,0,0,False,False,monthly,True,42.0,3.0,4.0,3.9906382978723407
A-812c5b,Company_395,DevTools,CA,2024-02-25,organic,Basic,55,False,True,S-942caf,2024-11-07,,1349,16188,False,False,monthly,True,116.0,9.0,4.0,3.9906382978723407
A-812c5b,Company_395,DevTools,CA,2024-02-25,organic,Basic,55,False,True,S-b3f2cb,2024-06-19,,0,0,False,False,monthly,True,87.0,2.0,4.0,3.9906382978723407
A-812c5b,Company_395,DevTools,CA,2024-02-25,organic,Basic,55,False,True,S-099dbc,2024-07-21,,2695,32340,False,False,monthly,True,55.0,2.0,4.0,3.9906382978723407
A-812c5b,Company_395,DevTools,CA,2024-02-25,organic,Basic,55,False,True,S-d9e0d1,2024-11-15,,1045,12540,False,False,annual,True,88.0,0.0,4.0,3.9906382978723407
A-812c5b,Company_395,DevTools,CA,2024-02-25,organic,Basic,55,False,True,S-66bae1,2024-10-22,,1045,12540,False,False,monthly,True,121.0,7.0,4.0,3.9906382978723407
A-69b156,Company_396,EdTech,US,2023-11-21,other,Pro,7,False,True,S-c2f293,2024-12-10,2024-12-30,152,1824,False,False,monthly,False,21.0,0.0,7.0,3.9919756838905776
A-69b156,Company_396,EdTech,US,2023-11-21,other,Pro,7,False,True,S-807d87,2024-01-16,,5572,66864,False,False,annual,True,59.0,2.0,7.0,3.9919756838905776
A-69b156,Company_396,EdTech,US,2023-11-21,other,Pro,7,False,True,S-bc1457,2024-10-06,,1393,16716,False,True,annual,True,18.0,0.0,7.0,3.9919756838905776
A-69b156,Company_396,EdTech,US,2023-11-21,other,Pro,7,False,True,S-7d0dea,2024-11-16,,0,0,False,True,monthly,True,9.0,0.0,7.0,3.9919756838905776
A-69b156,Company_396,EdTech,US,2023-11-21,other,Pro,7,False,True,S-a332ba,2024-04-15,2024-07-09,343,4116,False,False,annual,False,48.0,2.0,7.0,3.9919756838905776
A-69b156,Company_396,EdTech,US,2023-11-21,other,Pro,7,False,True,S-cb3c72,2024-06-16,,2587,31044,False,False,monthly,True,58.0,4.0,7.0,3.9919756838905776
A-69b156,Company_396,EdTech,US,2023-11-21,other,Pro,7,False,True,S-624857,2023-12-27,,1393,16716,False,False,monthly,True,23.0,2.0,7.0,3.9919756838905776
A-69b156,Company_396,EdTech,US,2023-11-21,other,Pro,7,False,True,S-1053c9,2024-10-12,,266,3192,False,False,annual,True,82.0,7.0,7.0,3.9919756838905776
A-69b156,Company_396,EdTech,US,2023-11-21,other,Pro,7,False,True,S-f0e08e,2024-09-16,,2587,31044,False,False,monthly,True,42.0,3.0,7.0,3.9919756838905776
A-075038,Company_397,HealthTech,UK,2023-05-12,ads,Basic,17,False,False,S-434140,2024-02-25,,833,9996,False,False,annual,True,77.0,5.0,2.0,3.0
A-075038,Company_397,HealthTech,UK,2023-05-12,ads,Basic,17,False,False,S-d1c9e3,2024-01-09,,323,3876,False,False,annual,True,40.0,2.0,2.0,3.0
A-075038,Company_397,HealthTech,UK,2023-05-12,ads,Basic,17,False,False,S-1c3522,2023-11-26,,0,0,False,False,annual,True,32.0,0.0,2.0,3.0
A-075038,Company_397,HealthTech,UK,2023-05-12,ads,Basic,17,False,False,S-d93967,2024-01-11,,2450,29400,False,False,monthly,False,32.0,1.0,2.0,3.0
A-075038,Company_397,HealthTech,UK,2023-05-12,ads,Basic,17,False,False,S-9c6bd0,2024-04-11,,323,3876,False,False,monthly,True,68.0,4.0,2.0,3.0
A-075038,Company_397,HealthTech,UK,2023-05-12,ads,Basic,17,False,False,S-0ae33f,2023-07-14,,5047,60564,False,False,annual,True,44.0,1.0,2.0,3.0
A-075038,Company_397,HealthTech,UK,2023-05-12,ads,Basic,17,False,False,S-3ba19e,2024-08-10,,0,0,False,False,annual,True,121.0,6.0,2.0,3.0
A-075038,Company_397,HealthTech,UK,2023-05-12,ads,Basic,17,False,False,S-067edc,2023-11-30,,0,0,True,False,monthly,True,21.0,0.0,2.0,3.0
A-075038,Company_397,HealthTech,UK,2023-05-12,ads,Basic,17,False,False,S-f4335b,2024-08-19,,3383,40596,False,False,annual,False,78.0,7.0,2.0,3.0
A-075038,Company_397,HealthTech,UK,2023-05-12,ads,Basic,17,False,False,S-ce7c30,2024-07-02,,3383,40596,False,False,monthly,True,32.0,0.0,2.0,3.0
A-075038,Company_397,HealthTech,UK,2023-05-12,ads,Basic,17,False,False,S-e05562,2023-11-08,,833,9996,False,False,monthly,True,49.0,1.0,2.0,3.0
A-075038,Company_397,HealthTech,UK,2023-05-12,ads,Basic,17,False,False,S-c6287d,2024-07-25,,833,9996,False,False,monthly,True,61.0,0.0,2.0,3.0
A-075038,Company_397,HealthTech,UK,2023-05-12,ads,Basic,17,False,False,S-b7feb8,2024-05-08,,703,8436,False,False,annual,False,40.0,1.0,2.0,3.0
A-075038,Company_397,HealthTech,UK,2023-05-12,ads,Basic,17,False,False,S-da7360,2024-10-26,,798,9576,False,False,monthly,True,48.0,3.0,2.0,3.0
A-940b8b,Company_398,HealthTech,DE,2024-03-19,organic,Basic,1,False,False,S-85de7a,2024-04-01,,6368,76416,False,True,annual,True,13.0,0.0,3.0,3.993758865248227
A-940b8b,Company_398,HealthTech,DE,2024-03-19,organic,Basic,1,False,False,S-3e8283,2024-04-29,,1176,14112,True,False,annual,False,46.0,3.0,3.0,3.993758865248227
A-940b8b,Company_398,HealthTech,DE,2024-03-19,organic,Basic,1,False,False,S-e002a1,2024-06-07,,0,0,False,False,annual,True,62.0,4.0,3.0,3.993758865248227
A-940b8b,Company_398,HealthTech,DE,2024-03-19,organic,Basic,1,False,False,S-b7cbc2,2024-11-11,,0,0,False,False,annual,True,71.0,7.0,3.0,3.993758865248227
A-940b8b,Company_398,HealthTech,DE,2024-03-19,organic,Basic,1,False,False,S-36069b,2024-06-26,,199,2388,False,False,annual,True,37.0,1.0,3.0,3.993758865248227
A-940b8b,Company_398,HealthTech,DE,2024-03-19,organic,Basic,1,False,False,S-307a21,2024-05-02,,1064,12768,False,False,monthly,False,20.0,4.0,3.0,3.993758865248227
A-940b8b,Company_398,HealthTech,DE,2024-03-19,organic,Basic,1,False,False,S-19abcf,2024-09-10,,833,9996,False,False,annual,True,65.0,11.0,3.0,3.993758865248227
A-940b8b,Company_398,HealthTech,DE,2024-03-19,organic,Basic,1,False,False,S-df147d,2024-09-13,,0,0,False,False,monthly,True,48.0,2.0,3.0,3.993758865248227
A-2d1036,Company_399,FinTech,US,2024-06-14,ads,Pro,69,False,True,S-37b59a,2024-09-24,2024-12-18,3381,40572,False,False,annual,True,40.0,0.0,5.0,4.6
A-2d1036,Company_399,FinTech,US,2024-06-14,ads,Pro,69,False,True,S-343743,2024-08-25,,3381,40572,False,False,annual,True,89.0,7.0,5.0,4.6
A-2d1036,Company_399,FinTech,US,2024-06-14,ads,Pro,69,False,True,S-5aa4ba,2024-09-25,,3381,40572,False,False,monthly,True,55.0,9.0,5.0,4.6
A-2d1036,Company_399,FinTech,US,2024-06-14,ads,Pro,69,False,True,S-83b708,2024-09-02,,1311,15732,False,False,monthly,True,66.0,1.0,5.0,4.6
A-2d1036,Company_399,FinTech,US,2024-06-14,ads,Pro,69,False,True,S-875645,2024-09-24,,1311,15732,False,False,monthly,True,80.0,6.0,5.0,4.6
A-2d1036,Company_399,FinTech,US,2024-06-14,ads,Pro,69,False,True,S-b23d8d,2024-11-21,,1311,15732,False,False,annual,True,61.0,2.0,5.0,4.6
A-2d1036,Company_399,FinTech,US,2024-06-14,ads,Pro,69,False,True,S-b51d34,2024-10-13,2024-11-24,13731,164772,False,False,annual,True,55.0,4.0,5.0,4.6
A-2d1036,Company_399,FinTech,US,2024-06-14,ads,Pro,69,False,True,S-b95aac,2024-12-16,,3381,40572,False,False,monthly,False,28.0,4.0,5.0,4.6
A-2d1036,Company_399,FinTech,US,2024-06-14,ads,Pro,69,False,True,S-5631a9,2024-07-16,,13731,164772,False,False,annual,True,65.0,2.0,5.0,4.6
A-2d1036,Company_399,FinTech,US,2024-06-14,ads,Pro,69,False,True,S-62a617,2024-09-23,2024-10-17,1311,15732,False,False,annual,False,22.0,0.0,5.0,4.6
A-2d1036,Company_399,FinTech,US,2024-06-14,ads,Pro,69,False,True,S-7ccc38,2024-07-13,,1311,15732,False,False,annual,False,29.0,3.0,5.0,4.6
A-2d1036,Company_399,FinTech,US,2024-06-14,ads,Pro,69,False,True,S-44c2c1,2024-08-02,,3381,40572,False,True,annual,True,72.0,1.0,5.0,4.6
A-2d1036,Company_399,FinTech,US,2024-06-14,ads,Pro,69,False,True,S-b9fe85,2024-07-03,,13731,164772,False,False,monthly,True,30.0,1.0,5.0,4.6
A-0f6450,Company_400,FinTech,US,2024-12-27,other,Pro,28,True,True,S-f16bb2,2024-12-27,,0,0,False,False,monthly,True,43.0,3.0,8.0,3.8703191489361704
A-0f6450,Company_400,FinTech,US,2024-12-27,other,Pro,28,True,True,S-f09b6c,2024-12-27,,532,6384,False,False,monthly,True,58.0,4.0,8.0,3.8703191489361704
A-0f6450,Company_400,FinTech,US,2024-12-27,other,Pro,28,True,True,S-e11cde,2024-12-31,,5572,66864,False,False,monthly,False,70.0,8.0,8.0,3.8703191489361704
A-0f6450,Company_400,FinTech,US,2024-12-27,other,Pro,28,True,True,S-fe2139,2024-12-28,,1372,16464,False,False,monthly,True,30.0,0.0,8.0,3.8703191489361704
A-0f6450,Company_400,FinTech,US,2024-12-27,other,Pro,28,True,True,S-0386c2,2024-12-28,,5572,66864,False,False,annual,True,52.0,7.0,8.0,3.8703191489361704
A-0f6450,Company_400,FinTech,US,2024-12-27,other,Pro,28,True,True,S-2ae21d,2024-12-28,,532,6384,False,False,annual,True,0.0,0.0,8.0,3.8703191489361704
A-0f6450,Company_400,FinTech,US,2024-12-27,other,Pro,28,True,True,S-71c67c,2024-12-30,,1372,16464,False,False,monthly,True,71.0,4.0,8.0,3.8703191489361704
A-0f6450,Company_400,FinTech,US,2024-12-27,other,Pro,28,True,True,S-0c43c2,2024-12-30,,1372,16464,False,False,monthly,False,36.0,0.0,8.0,3.8703191489361704
A-0f6450,Company_400,FinTech,US,2024-12-27,other,Pro,28,True,True,S-d5aded,2024-12-29,,1372,16464,False,False,monthly,True,92.0,3.0,8.0,3.8703191489361704
A-0f6450,Company_400,FinTech,US,2024-12-27,other,Pro,28,True,True,S-1c54b6,2024-12-31,,5572,66864,False,False,monthly,False,43.0,7.0,8.0,3.8703191489361704
A-0f6450,Company_400,FinTech,US,2024-12-27,other,Pro,28,True,True,S-9c9700,2024-12-31,,532,6384,False,False,annual,True,44.0,3.0,8.0,3.8703191489361704
A-9affe6,Company_401,Cybersecurity,US,2023-03-22,other,Pro,7,False,False,S-025bea,2024-06-25,,833,9996,True,False,monthly,True,55.0,0.0,3.0,3.654184397163121
A-9affe6,Company_401,Cybersecurity,US,2023-03-22,other,Pro,7,False,False,S-c2a6cb,2023-10-19,,1393,16716,True,False,annual,False,27.0,3.0,3.0,3.654184397163121
A-9affe6,Company_401,Cybersecurity,US,2023-03-22,other,Pro,7,False,False,S-6732ff,2023-11-22,,1176,14112,False,False,annual,True,65.0,1.0,3.0,3.654184397163121
A-9affe6,Company_401,Cybersecurity,US,2023-03-22,other,Pro,7,False,False,S-9c5590,2024-06-09,,1393,16716,False,False,annual,True,24.0,1.0,3.0,3.654184397163121
A-9affe6,Company_401,Cybersecurity,US,2023-03-22,other,Pro,7,False,False,S-01daf5,2024-11-14,,1127,13524,False,False,monthly,True,68.0,1.0,3.0,3.654184397163121
A-9affe6,Company_401,Cybersecurity,US,2023-03-22,other,Pro,7,False,False,S-869430,2024-02-16,,1421,17052,False,False,monthly,True,21.0,0.0,3.0,3.654184397163121
A-9affe6,Company_401,Cybersecurity,US,2023-03-22,other,Pro,7,False,False,S-14f39f,2024-06-22,2024-12-10,361,4332,False,False,monthly,True,58.0,1.0,3.0,3.654184397163121
A-9affe6,Company_401,Cybersecurity,US,2023-03-22,other,Pro,7,False,False,S-021ca9,2024-10-01,,342,4104,False,False,monthly,True,40.0,0.0,3.0,3.654184397163121
A-9affe6,Company_401,Cybersecurity,US,2023-03-22,other,Pro,7,False,False,S-0fc73c,2023-09-14,,1064,12768,False,False,annual,True,47.0,4.0,3.0,3.654184397163121
A-9affe6,Company_401,Cybersecurity,US,2023-03-22,other,Pro,7,False,False,S-e0a991,2023-04-06,,1393,16716,False,False,monthly,True,31.0,0.0,3.0,3.654184397163121
A-9affe6,Company_401,Cybersecurity,US,2023-03-22,other,Pro,7,False,False,S-e7f571,2023-06-06,2024-12-11,133,1596,False,False,monthly,True,37.0,5.0,3.0,3.654184397163121
A-80eeb6,Company_402,Cybersecurity,UK,2023-05-09,organic,Enterprise,22,False,False,S-d0c344,2024-10-27,,1078,12936,False,False,annual,False,67.0,8.0,4.0,3.7453191489361704
A-80eeb6,Company_402,Cybersecurity,UK,2023-05-09,organic,Enterprise,22,False,False,S-2a6eb3,2023-08-27,,13532,162384,False,False,monthly,True,15.0,0.0,4.0,3.7453191489361704
A-80eeb6,Company_402,Cybersecurity,UK,2023-05-09,organic,Enterprise,22,False,False,S-d6c9dc,2024-10-07,,513,6156,False,False,annual,True,75.0,0.0,4.0,3.7453191489361704
A-80eeb6,Company_402,Cybersecurity,UK,2023-05-09,organic,Enterprise,22,False,False,S-7b29d1,2024-04-19,,12935,155220,False,False,monthly,True,47.0,4.0,4.0,3.7453191489361704
A-80eeb6,Company_402,Cybersecurity,UK,2023-05-09,organic,Enterprise,22,False,False,S-dc3bbc,2024-09-18,,1225,14700,False,False,annual,True,24.0,1.0,4.0,3.7453191489361704
A-80eeb6,Company_402,Cybersecurity,UK,2023-05-09,organic,Enterprise,22,False,False,S-3a28cc,2024-02-16,,627,7524,False,False,monthly,True,45.0,5.0,4.0,3.7453191489361704
A-80eeb6,Company_402,Cybersecurity,UK,2023-05-09,organic,Enterprise,22,False,False,S-8da449,2023-10-22,,418,5016,False,False,annual,True,85.0,5.0,4.0,3.7453191489361704
A-80eeb6,Company_402,Cybersecurity,UK,2023-05-09,organic,Enterprise,22,False,False,S-b8ca59,2024-02-27,,4378,52536,False,False,monthly,True,13.0,1.0,4.0,3.7453191489361704
A-80eeb6,Company_402,Cybersecurity,UK,2023-05-09,organic,Enterprise,22,False,False,S-e977e4,2023-08-25,,4378,52536,True,False,monthly,True,58.0,4.0,4.0,3.7453191489361704
A-80eeb6,Company_402,Cybersecurity,UK,2023-05-09,organic,Enterprise,22,False,False,S-028f5b,2024-02-20,2024-08-12,5174,62088,False,False,annual,True,54.0,1.0,4.0,3.7453191489361704
A-80eeb6,Company_402,Cybersecurity,UK,2023-05-09,organic,Enterprise,22,False,False,S-88cc86,2024-12-20,2024-12-31,4378,52536,False,False,annual,True,23.0,0.0,4.0,3.7453191489361704
A-80eeb6,Company_402,Cybersecurity,UK,2023-05-09,organic,Enterprise,22,False,False,S-1be7c5,2023-07-15,2024-11-05,646,7752,False,False,monthly,True,0.0,0.0,4.0,3.7453191489361704
A-80eeb6,Company_402,Cybersecurity,UK,2023-05-09,organic,Enterprise,22,False,False,S-e093a9,2023-08-02,,1078,12936,True,False,monthly,True,43.0,0.0,4.0,3.7453191489361704
A-80eeb6,Company_402,Cybersecurity,UK,2023-05-09,organic,Enterprise,22,False,False,S-8a6579,2024-11-01,,418,5016,True,False,annual,True,35.0,0.0,4.0,3.7453191489361704
A-80eeb6,Company_402,Cybersecurity,UK,2023-05-09,organic,Enterprise,22,False,False,S-ff2510,2024-09-14,,0,0,True,True,annual,True,76.0,8.0,4.0,3.7453191489361704
A-80eeb6,Company_402,Cybersecurity,UK,2023-05-09,organic,Enterprise,22,False,False,S-677801,2024-05-02,,17711,212532,False,False,monthly,True,65.0,6.0,4.0,3.7453191489361704
A-d4e0d4,Company_403,FinTech,US,2024-10-18,other,Basic,117,False,False,S-7904d3,2024-11-30,2024-12-03,23283,279396,False,False,monthly,True,29.0,3.0,4.0,3.9906382978723407
A-d4e0d4,Company_403,FinTech,US,2024-10-18,other,Basic,117,False,False,S-92e8cb,2024-10-23,,5733,68796,False,True,monthly,False,47.0,6.0,4.0,3.9906382978723407
A-d4e0d4,Company_403,FinTech,US,2024-10-18,other,Basic,117,False,False,S-f11653,2024-10-28,,23283,279396,False,False,annual,True,53.0,2.0,4.0,3.9906382978723407
A-d4e0d4,Company_403,FinTech,US,2024-10-18,other,Basic,117,False,False,S-1b8454,2024-10-27,,23283,279396,False,False,monthly,True,47.0,4.0,4.0,3.9906382978723407
A-d4e0d4,Company_403,FinTech,US,2024-10-18,other,Basic,117,False,False,S-0ec442,2024-12-12,,5733,68796,False,False,monthly,True,33.0,0.0,4.0,3.9906382978723407
A-d4e0d4,Company_403,FinTech,US,2024-10-18,other,Basic,117,False,False,S-da4a98,2024-10-18,,2223,26676,False,False,monthly,True,84.0,6.0,4.0,3.9906382978723407
A-d4e0d4,Company_403,FinTech,US,2024-10-18,other,Basic,117,False,False,S-61cc6f,2024-12-14,,23283,279396,True,False,annual,True,48.0,2.0,4.0,3.9906382978723407
A-d4e0d4,Company_403,FinTech,US,2024-10-18,other,Basic,117,False,False,S-fe0869,2024-11-16,,23283,279396,False,False,annual,True,11.0,1.0,4.0,3.9906382978723407
A-d4e0d4,Company_403,FinTech,US,2024-10-18,other,Basic,117,False,False,S-cbf8e8,2024-11-23,,2223,26676,False,False,monthly,True,84.0,3.0,4.0,3.9906382978723407
A-d4e0d4,Company_403,FinTech,US,2024-10-18,other,Basic,117,False,False,S-a16038,2024-11-15,,5733,68796,False,False,monthly,True,52.0,6.0,4.0,3.9906382978723407
A-c7e58b,Company_404,HealthTech,IN,2023-06-25,other,Pro,3,False,False,S-e50612,2024-07-15,,247,2964,False,False,annual,False,57.0,2.0,5.0,3.5962553191489364
A-c7e58b,Company_404,HealthTech,IN,2023-06-25,other,Pro,3,False,False,S-a5baf1,2023-12-16,,1393,16716,False,False,monthly,False,52.0,1.0,5.0,3.5962553191489364
A-c7e58b,Company_404,HealthTech,IN,2023-06-25,other,Pro,3,False,False,S-925f82,2024-07-08,,1393,16716,False,False,annual,False,90.0,8.0,5.0,3.5962553191489364
A-c7e58b,Company_404,HealthTech,IN,2023-06-25,other,Pro,3,False,False,S-0a9660,2024-04-04,,1990,23880,False,False,monthly,True,35.0,2.0,5.0,3.5962553191489364
A-c7e58b,Company_404,HealthTech,IN,2023-06-25,other,Pro,3,False,False,S-591a64,2023-08-30,,57,684,False,False,annual,True,26.0,0.0,5.0,3.5962553191489364
A-c7e58b,Company_404,HealthTech,IN,2023-06-25,other,Pro,3,False,False,S-9e64bd,2024-09-07,,0,0,False,False,monthly,True,36.0,4.0,5.0,3.5962553191489364
A-c7e58b,Company_404,HealthTech,IN,2023-06-25,other,Pro,3,False,False,S-395a98,2024-07-29,,304,3648,False,False,monthly,True,47.0,1.0,5.0,3.5962553191489364
A-016043,Company_405,EdTech,CA,2024-07-31,organic,Basic,4,True,False,S-463525,2024-12-02,,2587,31044,False,False,annual,True,47.0,1.0,3.0,3.9875177304964544
A-016043,Company_405,EdTech,CA,2024-07-31,organic,Basic,4,True,False,S-6bfd97,2024-10-16,,0,0,True,False,annual,True,54.0,0.0,3.0,3.9875177304964544
A-016043,Company_405,EdTech,CA,2024-07-31,organic,Basic,4,True,False,S-d114e2,2024-11-27,,209,2508,False,False,annual,False,40.0,1.0,3.0,3.9875177304964544
A-016043,Company_405,EdTech,CA,2024-07-31,organic,Basic,4,True,False,S-3f0fb6,2024-10-20,,1323,15876,False,False,annual,False,13.0,0.0,3.0,3.9875177304964544
A-016043,Company_405,EdTech,CA,2024-07-31,organic,Basic,4,True,False,S-0e1d53,2024-08-02,,114,1368,False,False,annual,False,41.0,0.0,3.0,3.9875177304964544
A-016043,Company_405,EdTech,CA,2024-07-31,organic,Basic,4,True,False,S-8985d3,2024-12-02,,494,5928,False,False,monthly,False,52.0,5.0,3.0,3.9875177304964544
A-016043,Company_405,EdTech,CA,2024-07-31,organic,Basic,4,True,False,S-769f70,2024-09-28,,247,2964,False,False,monthly,True,36.0,2.0,3.0,3.9875177304964544
A-016043,Company_405,EdTech,CA,2024-07-31,organic,Basic,4,True,False,S-2c52b6,2024-10-09,,2786,33432,False,False,monthly,False,48.0,0.0,3.0,3.9875177304964544
A-016043,Company_405,EdTech,CA,2024-07-31,organic,Basic,4,True,False,S-0a8cff,2024-09-28,,0,0,True,False,monthly,True,35.0,1.0,3.0,3.9875177304964544
A-016043,Company_405,EdTech,CA,2024-07-31,organic,Basic,4,True,False,S-0abd10,2024-11-23,2024-12-21,4776,57312,True,False,annual,True,53.0,5.0,3.0,3.9875177304964544
A-016043,Company_405,EdTech,CA,2024-07-31,organic,Basic,4,True,False,S-d54349,2024-09-11,,3980,47760,False,False,annual,True,71.0,6.0,3.0,3.9875177304964544
A-bbe56f,Company_406,HealthTech,US,2023-02-16,ads,Enterprise,21,False,False,S-64b181,2024-04-16,,1029,12348,False,False,annual,True,30.0,1.0,4.0,3.9953191489361704
A-bbe56f,Company_406,HealthTech,US,2023-02-16,ads,Enterprise,21,False,False,S-f29e7f,2024-10-15,,418,5016,False,False,annual,True,69.0,7.0,4.0,3.9953191489361704
A-bbe56f,Company_406,HealthTech,US,2023-02-16,ads,Enterprise,21,False,False,S-fd2307,2023-08-29,,4179,50148,False,False,annual,True,19.0,0.0,4.0,3.9953191489361704
A-bbe56f,Company_406,HealthTech,US,2023-02-16,ads,Enterprise,21,False,False,S-ab2b5b,2023-09-06,,399,4788,True,False,monthly,True,50.0,0.0,4.0,3.9953191489361704
A-bbe56f,Company_406,HealthTech,US,2023-02-16,ads,Enterprise,21,False,False,S-2d2a88,2024-04-04,,0,0,False,False,annual,True,64.0,0.0,4.0,3.9953191489361704
A-7c5768,Company_407,HealthTech,UK,2024-03-02,event,Enterprise,3,False,False,S-bf806d,2024-09-21,,1178,14136,False,False,annual,True,38.0,4.0,5.0,3.9925106382978726
A-7c5768,Company_407,HealthTech,UK,2024-03-02,event,Enterprise,3,False,False,S-c657b6,2024-03-05,,995,11940,False,False,annual,True,72.0,5.0,5.0,3.9925106382978726
A-7c5768,Company_407,HealthTech,UK,2024-03-02,event,Enterprise,3,False,False,S-7e86a2,2024-10-29,,57,684,False,False,monthly,True,31.0,1.0,5.0,3.9925106382978726
A-7c5768,Company_407,HealthTech,UK,2024-03-02,event,Enterprise,3,False,False,S-63e79e,2024-10-20,,0,0,False,False,annual,True,56.0,8.0,5.0,3.9925106382978726
A-7c5768,Company_407,HealthTech,UK,2024-03-02,event,Enterprise,3,False,False,S-0e6b77,2024-11-04,,950,11400,False,False,annual,True,45.0,2.0,5.0,3.9925106382978726
A-7c5768,Company_407,HealthTech,UK,2024-03-02,event,Enterprise,3,False,False,S-c0789c,2024-12-02,,0,0,False,False,monthly,True,50.0,2.0,5.0,3.9925106382978726
A-7c5768,Company_407,HealthTech,UK,2024-03-02,event,Enterprise,3,False,False,S-2b58a7,2024-07-07,,57,684,False,False,monthly,True,92.0,6.0,5.0,3.9925106382978726
A-7c5768,Company_407,HealthTech,UK,2024-03-02,event,Enterprise,3,False,False,S-583674,2024-09-28,,0,0,False,False,monthly,True,48.0,3.0,5.0,3.9925106382978726
A-7c5768,Company_407,HealthTech,UK,2024-03-02,event,Enterprise,3,False,False,S-5b8c4f,2024-05-05,,152,1824,False,False,monthly,False,29.0,0.0,5.0,3.9925106382978726
A-751bd4,Company_408,Cybersecurity,UK,2024-07-12,partner,Pro,10,False,False,S-d56a2c,2024-10-29,,0,0,False,False,annual,True,80.0,0.0,6.0,4.1604255319148935
A-751bd4,Company_408,Cybersecurity,UK,2024-07-12,partner,Pro,10,False,False,S-4eabfc,2024-09-18,,190,2280,False,False,monthly,True,12.0,0.0,6.0,4.1604255319148935
A-4e0e85,Company_409,DevTools,US,2023-09-08,organic,Enterprise,6,False,False,S-102053,2024-04-10,,1194,14328,False,False,monthly,True,29.0,0.0,2.0,4.490638297872341
A-4e0e85,Company_409,DevTools,US,2023-09-08,organic,Enterprise,6,False,False,S-720c17,2024-02-16,,0,0,False,False,annual,True,12.0,0.0,2.0,4.490638297872341
A-4e0e85,Company_409,DevTools,US,2023-09-08,organic,Enterprise,6,False,False,S-d43a40,2024-09-20,,0,0,False,False,annual,True,53.0,6.0,2.0,4.490638297872341
A-4e0e85,Company_409,DevTools,US,2023-09-08,organic,Enterprise,6,False,False,S-d2624d,2024-07-19,,294,3528,False,False,annual,False,14.0,0.0,2.0,4.490638297872341
A-4e0e85,Company_409,DevTools,US,2023-09-08,organic,Enterprise,6,False,False,S-c6c2f6,2024-08-22,,0,0,False,False,monthly,True,50.0,2.0,2.0,4.490638297872341
A-4e0e85,Company_409,DevTools,US,2023-09-08,organic,Enterprise,6,False,False,S-041534,2024-06-06,,1862,22344,False,False,monthly,True,40.0,0.0,2.0,4.490638297872341
A-4e0e85,Company_409,DevTools,US,2023-09-08,organic,Enterprise,6,False,False,S-1eba7d,2024-12-14,,0,0,True,False,annual,True,51.0,1.0,2.0,4.490638297872341
A-4e0e85,Company_409,DevTools,US,2023-09-08,organic,Enterprise,6,False,False,S-d0259a,2024-02-22,,1194,14328,False,False,monthly,True,39.0,0.0,2.0,4.490638297872341
A-ad3abd,Company_410,FinTech,US,2023-03-03,event,Pro,44,False,False,S-fa2170,2024-10-14,,2156,25872,False,False,monthly,True,70.0,4.0,3.0,3.3270921985815605
A-ad3abd,Company_410,FinTech,US,2023-03-03,event,Pro,44,False,False,S-330457,2024-07-20,,2156,25872,False,False,monthly,False,32.0,0.0,3.0,3.3270921985815605
A-ad3abd,Company_410,FinTech,US,2023-03-03,event,Pro,44,False,False,S-1d081a,2023-05-10,2024-07-20,2156,25872,False,False,annual,True,63.0,7.0,3.0,3.3270921985815605
A-ad3abd,Company_410,FinTech,US,2023-03-03,event,Pro,44,False,False,S-a959a3,2023-03-18,,8756,105072,False,False,monthly,False,19.0,0.0,3.0,3.3270921985815605
A-ad3abd,Company_410,FinTech,US,2023-03-03,event,Pro,44,False,False,S-38dcab,2024-03-25,2024-09-11,836,10032,False,False,annual,True,70.0,0.0,3.0,3.3270921985815605
A-ad3abd,Company_410,FinTech,US,2023-03-03,event,Pro,44,False,False,S-23d18f,2023-11-21,2024-02-04,0,0,False,False,monthly,True,27.0,0.0,3.0,3.3270921985815605
A-ad3abd,Company_410,FinTech,US,2023-03-03,event,Pro,44,False,False,S-83ee41,2023-04-20,,836,10032,False,False,annual,True,15.0,0.0,3.0,3.3270921985815605
A-e19ff6,Company_411,Cybersecurity,UK,2023-07-28,partner,Enterprise,1,False,False,S-b17d04,2024-03-06,,392,4704,False,False,monthly,True,32.0,6.0,3.0,4.666666666666667
A-e19ff6,Company_411,Cybersecurity,UK,2023-07-28,partner,Enterprise,1,False,False,S-367dee,2024-06-29,,49,588,False,False,annual,True,29.0,0.0,3.0,4.666666666666667
A-e19ff6,Company_411,Cybersecurity,UK,2023-07-28,partner,Enterprise,1,False,False,S-bb82ac,2023-10-29,,722,8664,False,False,annual,True,26.0,1.0,3.0,4.666666666666667
A-e19ff6,Company_411,Cybersecurity,UK,2023-07-28,partner,Enterprise,1,False,False,S-f40318,2024-03-25,,0,0,False,False,annual,False,38.0,3.0,3.0,4.666666666666667
A-e19ff6,Company_411,Cybersecurity,UK,2023-07-28,partner,Enterprise,1,False,False,S-d90f0a,2024-10-23,,1274,15288,False,False,monthly,False,20.0,3.0,3.0,4.666666666666667
A-e19ff6,Company_411,Cybersecurity,UK,2023-07-28,partner,Enterprise,1,False,False,S-4047a8,2024-06-01,,19,228,False,False,monthly,False,38.0,3.0,3.0,4.666666666666667
A-e19ff6,Company_411,Cybersecurity,UK,2023-07-28,partner,Enterprise,1,False,False,S-a5d949,2024-08-11,,0,0,False,False,annual,False,57.0,7.0,3.0,4.666666666666667
A-e19ff6,Company_411,Cybersecurity,UK,2023-07-28,partner,Enterprise,1,False,False,S-56886a,2024-08-11,,0,0,False,False,annual,False,47.0,1.0,3.0,4.666666666666667
A-e19ff6,Company_411,Cybersecurity,UK,2023-07-28,partner,Enterprise,1,False,False,S-b559da,2023-08-09,,152,1824,False,False,annual,True,26.0,0.0,3.0,4.666666666666667
A-e19ff6,Company_411,Cybersecurity,UK,2023-07-28,partner,Enterprise,1,False,False,S-a5d1e3,2024-07-01,,342,4104,False,False,monthly,True,57.0,0.0,3.0,4.666666666666667
A-e19ff6,Company_411,Cybersecurity,UK,2023-07-28,partner,Enterprise,1,False,False,S-fcbe5a,2024-10-04,,1960,23520,True,False,annual,True,28.0,0.0,3.0,4.666666666666667
A-e19ff6,Company_411,Cybersecurity,UK,2023-07-28,partner,Enterprise,1,False,False,S-46a7eb,2024-10-05,,0,0,False,False,monthly,True,58.0,0.0,3.0,4.666666666666667
A-7920cc,Company_412,Cybersecurity,FR,2023-11-23,ads,Pro,39,False,False,S-7acd8b,2024-07-17,,741,8892,False,False,annual,True,66.0,1.0,7.0,4.132158054711247
A-7920cc,Company_412,Cybersecurity,FR,2023-11-23,ads,Pro,39,False,False,S-323782,2024-02-22,,741,8892,False,False,monthly,True,29.0,0.0,7.0,4.132158054711247
A-7920cc,Company_412,Cybersecurity,FR,2023-11-23,ads,Pro,39,False,False,S-565c4b,2023-11-27,,741,8892,False,False,annual,True,16.0,0.0,7.0,4.132158054711247
A-7920cc,Company_412,Cybersecurity,FR,2023-11-23,ads,Pro,39,False,False,S-c0e639,2024-01-07,,0,0,False,False,annual,True,41.0,0.0,7.0,4.132158054711247
A-7920cc,Company_412,Cybersecurity,FR,2023-11-23,ads,Pro,39,False,False,S-82be96,2024-11-29,,1911,22932,False,False,annual,True,12.0,0.0,7.0,4.132158054711247
A-7920cc,Company_412,Cybersecurity,FR,2023-11-23,ads,Pro,39,False,False,S-b7d290,2024-12-06,,13731,164772,False,False,annual,True,72.0,4.0,7.0,4.132158054711247
A-7920cc,Company_412,Cybersecurity,FR,2023-11-23,ads,Pro,39,False,False,S-fd790e,2023-11-30,,0,0,False,False,annual,True,36.0,2.0,7.0,4.132158054711247
A-7920cc,Company_412,Cybersecurity,FR,2023-11-23,ads,Pro,39,False,False,S-0586ad,2024-07-28,,7761,93132,False,False,monthly,True,52.0,3.0,7.0,4.132158054711247
A-7920cc,Company_412,Cybersecurity,FR,2023-11-23,ads,Pro,39,False,False,S-a02981,2024-02-04,,741,8892,True,False,monthly,True,40.0,4.0,7.0,4.132158054711247
A-7920cc,Company_412,Cybersecurity,FR,2023-11-23,ads,Pro,39,False,False,S-c7a771,2024-07-04,,1911,22932,False,False,monthly,True,40.0,5.0,7.0,4.132158054711247
A-7920cc,Company_412,Cybersecurity,FR,2023-11-23,ads,Pro,39,False,False,S-3b43b5,2024-06-18,,1911,22932,False,False,annual,True,11.0,0.0,7.0,4.132158054711247
A-7920cc,Company_412,Cybersecurity,FR,2023-11-23,ads,Pro,39,False,False,S-ca321d,2024-10-29,,1911,22932,False,False,monthly,True,39.0,0.0,7.0,4.132158054711247
A-7920cc,Company_412,Cybersecurity,FR,2023-11-23,ads,Pro,39,False,False,S-45c2cf,2023-12-11,,741,8892,False,False,monthly,True,41.0,4.0,7.0,4.132158054711247
A-7920cc,Company_412,Cybersecurity,FR,2023-11-23,ads,Pro,39,False,False,S-3684d3,2024-09-22,,741,8892,False,False,monthly,True,24.0,2.0,7.0,4.132158054711247
A-7920cc,Company_412,Cybersecurity,FR,2023-11-23,ads,Pro,39,False,False,S-3ed1f5,2024-02-19,,7761,93132,False,False,monthly,True,6.0,2.0,7.0,4.132158054711247
A-7920cc,Company_412,Cybersecurity,FR,2023-11-23,ads,Pro,39,False,False,S-885aa7,2024-03-11,,10746,128952,False,False,annual,True,76.0,1.0,7.0,4.132158054711247
A-5a92e7,Company_413,HealthTech,US,2024-06-11,ads,Pro,4,False,False,S-7a06fe,2024-09-28,,1372,16464,False,False,monthly,True,83.0,8.0,7.0,4.280364741641337
A-5a92e7,Company_413,HealthTech,US,2024-06-11,ads,Pro,4,False,False,S-bdd4c5,2024-12-03,,1372,16464,False,False,monthly,True,48.0,3.0,7.0,4.280364741641337
A-5a92e7,Company_413,HealthTech,US,2024-06-11,ads,Pro,4,False,False,S-62c98f,2024-10-27,,1715,20580,False,False,monthly,True,14.0,3.0,7.0,4.280364741641337
A-5a92e7,Company_413,HealthTech,US,2024-06-11,ads,Pro,4,False,False,S-d7e65d,2024-08-30,,980,11760,False,False,monthly,True,17.0,0.0,7.0,4.280364741641337
A-5a92e7,Company_413,HealthTech,US,2024-06-11,ads,Pro,4,False,False,S-a6010b,2024-10-14,,0,0,False,False,monthly,True,53.0,3.0,7.0,4.280364741641337
A-5a92e7,Company_413,HealthTech,US,2024-06-11,ads,Pro,4,False,False,S-83b45d,2024-06-27,,0,0,False,False,annual,True,50.0,3.0,7.0,4.280364741641337
A-5a92e7,Company_413,HealthTech,US,2024-06-11,ads,Pro,4,False,False,S-1c643d,2024-12-11,,114,1368,False,False,monthly,True,40.0,0.0,7.0,4.280364741641337
A-5a92e7,Company_413,HealthTech,US,2024-06-11,ads,Pro,4,False,False,S-51673a,2024-12-17,,0,0,False,False,monthly,True,42.0,0.0,7.0,4.280364741641337
A-5a92e7,Company_413,HealthTech,US,2024-06-11,ads,Pro,4,False,False,S-6895d0,2024-06-13,,1421,17052,False,False,monthly,False,47.0,2.0,7.0,4.280364741641337
A-5a92e7,Company_413,HealthTech,US,2024-06-11,ads,Pro,4,False,False,S-67da25,2024-07-22,,133,1596,False,False,annual,True,37.0,3.0,7.0,4.280364741641337
A-5a92e7,Company_413,HealthTech,US,2024-06-11,ads,Pro,4,False,False,S-7b3fd3,2024-07-08,2024-10-15,796,9552,False,False,annual,True,42.0,6.0,7.0,4.280364741641337
A-5a92e7,Company_413,HealthTech,US,2024-06-11,ads,Pro,4,False,False,S-28e7bf,2024-08-29,,1323,15876,False,False,monthly,True,44.0,2.0,7.0,4.280364741641337
A-5a92e7,Company_413,HealthTech,US,2024-06-11,ads,Pro,4,False,False,S-f6edd4,2024-12-04,2024-12-15,209,2508,False,False,annual,False,34.0,7.0,7.0,4.280364741641337
A-5a92e7,Company_413,HealthTech,US,2024-06-11,ads,Pro,4,False,False,S-e25e6e,2024-12-07,,76,912,False,False,monthly,True,58.0,0.0,7.0,4.280364741641337
A-5a92e7,Company_413,HealthTech,US,2024-06-11,ads,Pro,4,False,False,S-ef3aa2,2024-09-19,,441,5292,False,False,monthly,False,78.0,7.0,7.0,4.280364741641337
A-5a92e7,Company_413,HealthTech,US,2024-06-11,ads,Pro,4,False,False,S-2dc98b,2024-11-08,,441,5292,False,False,annual,True,65.0,11.0,7.0,4.280364741641337
A-5a92e7,Company_413,HealthTech,US,2024-06-11,ads,Pro,4,False,False,S-d22ebe,2024-06-14,,171,2052,False,False,annual,True,70.0,10.0,7.0,4.280364741641337
A-5a92e7,Company_413,HealthTech,US,2024-06-11,ads,Pro,4,False,False,S-fb10b8,2024-07-15,,2107,25284,False,False,annual,True,32.0,4.0,7.0,4.280364741641337
A-5a92e7,Company_413,HealthTech,US,2024-06-11,ads,Pro,4,False,False,S-1a93b8,2024-10-03,,0,0,False,False,annual,False,31.0,4.0,7.0,4.280364741641337
A-fdfc91,Company_414,Cybersecurity,US,2023-05-06,ads,Basic,29,False,False,S-124207,2023-08-31,,551,6612,False,False,annual,True,38.0,0.0,5.0,3.7925106382978724
A-fdfc91,Company_414,Cybersecurity,US,2023-05-06,ads,Basic,29,False,False,S-ae3270,2023-09-14,,551,6612,False,False,annual,True,101.0,5.0,5.0,3.7925106382978724
A-fdfc91,Company_414,Cybersecurity,US,2023-05-06,ads,Basic,29,False,False,S-682d28,2024-08-31,,9353,112236,False,False,annual,True,38.0,1.0,5.0,3.7925106382978724
A-fdfc91,Company_414,Cybersecurity,US,2023-05-06,ads,Basic,29,False,False,S-ac6f24,2024-05-03,,0,0,False,False,monthly,True,44.0,8.0,5.0,3.7925106382978724
A-fdfc91,Company_414,Cybersecurity,US,2023-05-06,ads,Basic,29,False,False,S-d933e7,2024-03-31,,1421,17052,False,False,monthly,True,129.0,4.0,5.0,3.7925106382978724
A-fdfc91,Company_414,Cybersecurity,US,2023-05-06,ads,Basic,29,False,False,S-a3ab14,2024-07-31,2024-11-10,1421,17052,False,False,annual,False,53.0,2.0,5.0,3.7925106382978724
A-fdfc91,Company_414,Cybersecurity,US,2023-05-06,ads,Basic,29,False,False,S-104941,2023-07-30,,551,6612,True,False,monthly,True,33.0,6.0,5.0,3.7925106382978724
A-fdfc91,Company_414,Cybersecurity,US,2023-05-06,ads,Basic,29,False,False,S-53e028,2024-09-14,,2109,25308,False,False,monthly,True,25.0,0.0,5.0,3.7925106382978724
A-fdfc91,Company_414,Cybersecurity,US,2023-05-06,ads,Basic,29,False,False,S-eef92e,2024-08-11,,3234,38808,False,False,annual,True,55.0,0.0,5.0,3.7925106382978724
A-fdfc91,Company_414,Cybersecurity,US,2023-05-06,ads,Basic,29,False,False,S-544f34,2024-05-09,,1421,17052,False,False,monthly,True,48.0,3.0,5.0,3.7925106382978724
A-1e50e0,Company_415,Cybersecurity,DE,2023-02-21,other,Pro,19,True,True,S-de543d,2023-04-25,2024-01-13,0,0,False,False,annual,True,60.0,2.0,2.0,4.490638297872341
A-1e50e0,Company_415,Cybersecurity,DE,2023-02-21,other,Pro,19,True,True,S-f9c661,2024-09-05,,3781,45372,False,False,annual,True,58.0,0.0,2.0,4.490638297872341
A-1e50e0,Company_415,Cybersecurity,DE,2023-02-21,other,Pro,19,True,True,S-1d15a7,2023-03-23,,3781,45372,True,False,monthly,True,9.0,4.0,2.0,4.490638297872341
A-1e50e0,Company_415,Cybersecurity,DE,2023-02-21,other,Pro,19,True,True,S-127d0b,2024-05-04,,931,11172,False,False,monthly,True,26.0,4.0,2.0,4.490638297872341
A-1e50e0,Company_415,Cybersecurity,DE,2023-02-21,other,Pro,19,True,True,S-9b5676,2024-03-02,,4802,57624,False,False,monthly,False,41.0,5.0,2.0,4.490638297872341
A-1e1b80,Company_416,FinTech,CA,2023-09-12,other,Enterprise,50,False,False,S-44a646,2023-12-26,,950,11400,False,False,annual,True,46.0,0.0,6.0,3.3302127659574468
A-1e1b80,Company_416,FinTech,CA,2023-09-12,other,Enterprise,50,False,False,S-7c5f3b,2024-04-30,,950,11400,False,False,monthly,True,85.0,6.0,6.0,3.3302127659574468
A-1e1b80,Company_416,FinTech,CA,2023-09-12,other,Enterprise,50,False,False,S-0b6e58,2024-07-05,,9950,119400,False,False,annual,False,13.0,0.0,6.0,3.3302127659574468
A-1e1b80,Company_416,FinTech,CA,2023-09-12,other,Enterprise,50,False,False,S-9488ec,2023-11-02,,9950,119400,False,False,annual,False,91.0,5.0,6.0,3.3302127659574468
A-1e1b80,Company_416,FinTech,CA,2023-09-12,other,Enterprise,50,False,False,S-c6acda,2024-07-10,,0,0,False,False,annual,True,37.0,9.0,6.0,3.3302127659574468
A-1e1b80,Company_416,FinTech,CA,2023-09-12,other,Enterprise,50,False,False,S-6def60,2023-10-11,,950,11400,False,False,monthly,True,64.0,4.0,6.0,3.3302127659574468
A-1e1b80,Company_416,FinTech,CA,2023-09-12,other,Enterprise,50,False,False,S-e301c9,2024-09-22,,0,0,False,False,monthly,True,93.0,10.0,6.0,3.3302127659574468
A-1e1b80,Company_416,FinTech,CA,2023-09-12,other,Enterprise,50,False,False,S-28a4b7,2023-12-16,,9950,119400,False,False,annual,True,64.0,5.0,6.0,3.3302127659574468
A-1e1b80,Company_416,FinTech,CA,2023-09-12,other,Enterprise,50,False,False,S-ed76ff,2024-03-28,,9950,119400,False,False,monthly,True,33.0,1.0,6.0,3.3302127659574468
A-1e1b80,Company_416,FinTech,CA,2023-09-12,other,Enterprise,50,False,False,S-c96d86,2024-11-04,,950,11400,True,False,annual,True,62.0,3.0,6.0,3.3302127659574468
A-1e1b80,Company_416,FinTech,CA,2023-09-12,other,Enterprise,50,False,False,S-1c5650,2023-12-27,,2597,31164,False,False,monthly,True,29.0,1.0,6.0,3.3302127659574468
A-1e1b80,Company_416,FinTech,CA,2023-09-12,other,Enterprise,50,False,False,S-3bb329,2024-07-21,,2450,29400,False,False,monthly,True,65.0,3.0,6.0,3.3302127659574468
A-659280,Company_417,FinTech,IN,2023-11-17,event,Enterprise,13,True,True,S-51c0d1,2024-11-25,,0,0,True,False,annual,False,25.0,2.0,4.0,4.24531914893617
A-659280,Company_417,FinTech,IN,2023-11-17,event,Enterprise,13,True,True,S-2c4909,2024-05-10,,247,2964,False,False,monthly,False,40.0,0.0,4.0,4.24531914893617
A-659280,Company_417,FinTech,IN,2023-11-17,event,Enterprise,13,True,True,S-f41a31,2023-11-25,,2587,31044,False,False,monthly,False,55.0,4.0,4.0,4.24531914893617
A-659280,Company_417,FinTech,IN,2023-11-17,event,Enterprise,13,True,True,S-dbf124,2024-07-25,,247,2964,False,False,monthly,True,10.0,0.0,4.0,4.24531914893617
A-659280,Company_417,FinTech,IN,2023-11-17,event,Enterprise,13,True,True,S-96b8d5,2024-02-15,,380,4560,False,False,annual,False,32.0,7.0,4.0,4.24531914893617
A-659280,Company_417,FinTech,IN,2023-11-17,event,Enterprise,13,True,True,S-0b80b4,2024-02-08,,2303,27636,True,False,annual,True,37.0,4.0,4.0,4.24531914893617
A-659280,Company_417,FinTech,IN,2023-11-17,event,Enterprise,13,True,True,S-3bb8a2,2024-04-28,,3781,45372,False,False,monthly,False,38.0,3.0,4.0,4.24531914893617
A-659280,Company_417,FinTech,IN,2023-11-17,event,Enterprise,13,True,True,S-718f18,2024-06-05,,4776,57312,False,False,monthly,False,122.0,3.0,4.0,4.24531914893617
A-659280,Company_417,FinTech,IN,2023-11-17,event,Enterprise,13,True,True,S-f83141,2024-12-26,,0,0,False,False,annual,False,92.0,5.0,4.0,4.24531914893617
A-659280,Company_417,FinTech,IN,2023-11-17,event,Enterprise,13,True,True,S-cce4fc,2023-11-28,,637,7644,False,False,annual,True,51.0,3.0,4.0,4.24531914893617
A-659280,Company_417,FinTech,IN,2023-11-17,event,Enterprise,13,True,True,S-4c8e19,2024-11-21,,323,3876,False,False,monthly,False,44.0,0.0,4.0,4.24531914893617
A-659280,Company_417,FinTech,IN,2023-11-17,event,Enterprise,13,True,True,S-66a834,2023-12-23,,6169,74028,False,False,annual,False,67.0,3.0,4.0,4.24531914893617
A-f6b2fb,Company_418,DevTools,AU,2024-04-23,event,Basic,23,False,False,S-721fea,2024-05-23,,1127,13524,False,True,monthly,True,40.0,4.0,5.0,3.9925106382978726
A-f6b2fb,Company_418,DevTools,AU,2024-04-23,event,Basic,23,False,False,S-1b6221,2024-06-12,2024-12-23,0,0,False,False,monthly,False,60.0,4.0,5.0,3.9925106382978726
A-f6b2fb,Company_418,DevTools,AU,2024-04-23,event,Basic,23,False,False,S-ada718,2024-11-18,,437,5244,False,False,monthly,False,92.0,5.0,5.0,3.9925106382978726
A-f6b2fb,Company_418,DevTools,AU,2024-04-23,event,Basic,23,False,False,S-710a78,2024-10-21,,0,0,False,False,annual,True,29.0,0.0,5.0,3.9925106382978726
A-f6b2fb,Company_418,DevTools,AU,2024-04-23,event,Basic,23,False,False,S-99aaa4,2024-08-14,,437,5244,True,False,annual,True,46.0,1.0,5.0,3.9925106382978726
A-f6b2fb,Company_418,DevTools,AU,2024-04-23,event,Basic,23,False,False,S-2e2d6c,2024-08-01,,4776,57312,False,False,monthly,True,20.0,0.0,5.0,3.9925106382978726
A-f6b2fb,Company_418,DevTools,AU,2024-04-23,event,Basic,23,False,False,S-b7d291,2024-10-17,2024-12-17,1127,13524,False,False,annual,True,56.0,10.0,5.0,3.9925106382978726
A-f6b2fb,Company_418,DevTools,AU,2024-04-23,event,Basic,23,False,False,S-04ab7e,2024-07-02,,1127,13524,False,False,annual,True,67.0,0.0,5.0,3.9925106382978726
A-f6b2fb,Company_418,DevTools,AU,2024-04-23,event,Basic,23,False,False,S-8ba96c,2024-06-20,,4577,54924,False,False,annual,True,37.0,4.0,5.0,3.9925106382978726
A-f6b2fb,Company_418,DevTools,AU,2024-04-23,event,Basic,23,False,False,S-59778a,2024-08-11,,9751,117012,False,False,monthly,True,77.0,9.0,5.0,3.9925106382978726
A-cb6cc6,Company_419,DevTools,US,2023-04-03,ads,Basic,13,True,False,S-ce695e,2024-05-25,,0,0,False,False,annual,False,38.0,6.0,3.0,3.660425531914894
A-cb6cc6,Company_419,DevTools,US,2023-04-03,ads,Basic,13,True,False,S-31e347,2023-08-15,,266,3192,True,False,annual,False,58.0,2.0,3.0,3.660425531914894
A-cb6cc6,Company_419,DevTools,US,2023-04-03,ads,Basic,13,True,False,S-2b7664,2023-08-22,,247,2964,False,False,monthly,True,37.0,0.0,3.0,3.660425531914894
A-cb6cc6,Company_419,DevTools,US,2023-04-03,ads,Basic,13,True,False,S-bfdb45,2023-04-20,,0,0,False,False,annual,True,14.0,1.0,3.0,3.660425531914894
A-cb6cc6,Company_419,DevTools,US,2023-04-03,ads,Basic,13,True,False,S-3476e2,2024-09-07,,247,2964,True,False,monthly,False,75.0,4.0,3.0,3.660425531914894
A-cb6cc6,Company_419,DevTools,US,2023-04-03,ads,Basic,13,True,False,S-24323f,2024-03-20,,637,7644,False,False,monthly,False,52.0,9.0,3.0,3.660425531914894
A-cb6cc6,Company_419,DevTools,US,2023-04-03,ads,Basic,13,True,False,S-9828eb,2024-10-01,,1225,14700,False,False,monthly,True,40.0,4.0,3.0,3.660425531914894
A-d62e02,Company_420,Cybersecurity,US,2024-08-20,partner,Pro,6,False,False,S-7b647e,2024-09-03,,1990,23880,False,True,monthly,True,28.0,4.0,1.0,4.0
A-d62e02,Company_420,Cybersecurity,US,2024-08-20,partner,Pro,6,False,False,S-19f80d,2024-12-02,,608,7296,False,False,annual,True,12.0,2.0,1.0,4.0
A-d62e02,Company_420,Cybersecurity,US,2024-08-20,partner,Pro,6,False,False,S-01990c,2024-11-22,,3184,38208,False,False,monthly,True,3.0,2.0,1.0,4.0
A-d62e02,Company_420,Cybersecurity,US,2024-08-20,partner,Pro,6,False,False,S-90d405,2024-12-30,,1194,14328,False,False,monthly,False,33.0,5.0,1.0,4.0
A-d62e02,Company_420,Cybersecurity,US,2024-08-20,partner,Pro,6,False,False,S-6ff09c,2024-12-11,,304,3648,False,False,annual,True,48.0,3.0,1.0,4.0
A-d62e02,Company_420,Cybersecurity,US,2024-08-20,partner,Pro,6,False,False,S-85022b,2024-11-06,,114,1368,True,False,monthly,True,55.0,0.0,1.0,4.0
A-d62e02,Company_420,Cybersecurity,US,2024-08-20,partner,Pro,6,False,False,S-99271f,2024-11-13,,5373,64476,False,False,monthly,False,59.0,5.0,1.0,4.0
A-d62e02,Company_420,Cybersecurity,US,2024-08-20,partner,Pro,6,False,False,S-a384d2,2024-12-10,,4179,50148,False,False,monthly,True,41.0,0.0,1.0,4.0
A-d62e02,Company_420,Cybersecurity,US,2024-08-20,partner,Pro,6,False,False,S-d56460,2024-10-02,,3184,38208,False,False,annual,True,6.0,0.0,1.0,4.0
A-d62e02,Company_420,Cybersecurity,US,2024-08-20,partner,Pro,6,False,False,S-d71fe9,2024-10-11,,1194,14328,False,False,annual,True,59.0,2.0,1.0,4.0
A-d535f6,Company_421,DevTools,US,2024-09-03,organic,Basic,12,True,True,S-28eb12,2024-11-20,,588,7056,False,False,monthly,False,67.0,4.0,0.0,3.981276595744681
A-d535f6,Company_421,DevTools,US,2024-09-03,organic,Basic,12,True,True,S-73688c,2024-09-21,,0,0,False,False,monthly,True,85.0,6.0,0.0,3.981276595744681
A-d535f6,Company_421,DevTools,US,2024-09-03,organic,Basic,12,True,True,S-68b261,2024-12-11,,931,11172,True,False,annual,True,54.0,0.0,0.0,3.981276595744681
A-d535f6,Company_421,DevTools,US,2024-09-03,organic,Basic,12,True,True,S-db47af,2024-11-13,,1026,12312,False,False,monthly,True,46.0,4.0,0.0,3.981276595744681
A-d535f6,Company_421,DevTools,US,2024-09-03,organic,Basic,12,True,True,S-9a410c,2024-12-11,,2254,27048,False,True,annual,True,21.0,5.0,0.0,3.981276595744681
A-d535f6,Company_421,DevTools,US,2024-09-03,organic,Basic,12,True,True,S-202695,2024-09-23,,228,2736,False,False,monthly,True,66.0,0.0,0.0,3.981276595744681
A-d535f6,Company_421,DevTools,US,2024-09-03,organic,Basic,12,True,True,S-8d516f,2024-09-29,,2388,28656,False,False,monthly,True,22.0,2.0,0.0,3.981276595744681
A-d535f6,Company_421,DevTools,US,2024-09-03,organic,Basic,12,True,True,S-060019,2024-10-18,,0,0,False,True,annual,True,50.0,7.0,0.0,3.981276595744681
A-d535f6,Company_421,DevTools,US,2024-09-03,organic,Basic,12,True,True,S-d538f6,2024-12-15,,0,0,False,True,monthly,True,66.0,1.0,0.0,3.981276595744681
A-39868b,Company_422,FinTech,AU,2024-03-17,partner,Pro,9,False,False,S-d0f5fb,2024-04-25,,1791,21492,False,False,annual,False,59.0,7.0,6.0,4.1604255319148935
A-39868b,Company_422,FinTech,AU,2024-03-17,partner,Pro,9,False,False,S-e5ba1c,2024-06-22,,1791,21492,False,False,annual,True,41.0,3.0,6.0,4.1604255319148935
A-39868b,Company_422,FinTech,AU,2024-03-17,partner,Pro,9,False,False,S-87b9f7,2024-11-28,,0,0,False,False,annual,False,75.0,0.0,6.0,4.1604255319148935
A-39868b,Company_422,FinTech,AU,2024-03-17,partner,Pro,9,False,False,S-31d9ee,2024-06-02,,171,2052,False,False,annual,True,81.0,9.0,6.0,4.1604255319148935
A-39868b,Company_422,FinTech,AU,2024-03-17,partner,Pro,9,False,False,S-76b964,2024-10-11,,441,5292,True,False,monthly,False,49.0,2.0,6.0,4.1604255319148935
A-3cc791,Company_423,EdTech,US,2024-01-10,other,Enterprise,6,False,False,S-879b43,2024-03-26,,1194,14328,False,False,monthly,True,78.0,4.0,6.0,4.1604255319148935
A-3cc791,Company_423,EdTech,US,2024-01-10,other,Enterprise,6,False,False,S-343642,2024-01-31,,0,0,False,False,annual,False,62.0,2.0,6.0,4.1604255319148935
A-3cc791,Company_423,EdTech,US,2024-01-10,other,Enterprise,6,False,False,S-dbceba,2024-12-19,,1764,21168,False,False,monthly,True,79.0,4.0,6.0,4.1604255319148935
A-3cc791,Company_423,EdTech,US,2024-01-10,other,Enterprise,6,False,False,S-f981fe,2024-06-01,,4378,52536,False,False,monthly,True,31.0,1.0,6.0,4.1604255319148935
A-3cc791,Company_423,EdTech,US,2024-01-10,other,Enterprise,6,False,False,S-a924c2,2024-07-08,,294,3528,False,False,annual,True,32.0,1.0,6.0,4.1604255319148935
A-3cc791,Company_423,EdTech,US,2024-01-10,other,Enterprise,6,False,False,S-491d53,2024-05-23,,588,7056,False,False,monthly,True,69.0,9.0,6.0,4.1604255319148935
A-3cc791,Company_423,EdTech,US,2024-01-10,other,Enterprise,6,False,False,S-a916c8,2024-04-26,,0,0,False,False,monthly,False,23.0,2.0,6.0,4.1604255319148935
A-3cc791,Company_423,EdTech,US,2024-01-10,other,Enterprise,6,False,False,S-6b144c,2024-04-10,,304,3648,False,False,annual,True,73.0,7.0,6.0,4.1604255319148935
A-337bc1,Company_424,Cybersecurity,US,2023-07-19,organic,Pro,30,True,False,S-260d1e,2024-03-05,,6169,74028,False,False,annual,True,63.0,5.0,4.0,3.9953191489361704
A-337bc1,Company_424,Cybersecurity,US,2023-07-19,organic,Pro,30,True,False,S-f6f1e1,2024-08-09,,760,9120,True,False,annual,True,50.0,4.0,4.0,3.9953191489361704
A-337bc1,Company_424,Cybersecurity,US,2023-07-19,organic,Pro,30,True,False,S-896293,2024-09-12,,0,0,True,False,monthly,True,73.0,7.0,4.0,3.9953191489361704
A-337bc1,Company_424,Cybersecurity,US,2023-07-19,organic,Pro,30,True,False,S-28e491,2024-09-28,,0,0,False,True,annual,True,98.0,7.0,4.0,3.9953191489361704
A-337bc1,Company_424,Cybersecurity,US,2023-07-19,organic,Pro,30,True,False,S-d22c1d,2024-09-18,,4214,50568,False,True,monthly,False,65.0,7.0,4.0,3.9953191489361704
A-337bc1,Company_424,Cybersecurity,US,2023-07-19,organic,Pro,30,True,False,S-fd8bb6,2023-08-02,,1470,17640,False,False,monthly,True,45.0,0.0,4.0,3.9953191489361704
A-337bc1,Company_424,Cybersecurity,US,2023-07-19,organic,Pro,30,True,False,S-05b1b6,2023-11-11,,6766,81192,False,False,monthly,True,31.0,4.0,4.0,3.9953191489361704
A-58b9ff,Company_425,DevTools,IN,2024-05-31,partner,Enterprise,2,False,False,S-310ae0,2024-09-13,2024-10-01,398,4776,False,False,monthly,True,34.0,4.0,2.0,3.9906382978723407
A-58b9ff,Company_425,DevTools,IN,2024-05-31,partner,Enterprise,2,False,False,S-3503b4,2024-07-18,,398,4776,False,False,monthly,True,62.0,3.0,2.0,3.9906382978723407
A-58b9ff,Company_425,DevTools,IN,2024-05-31,partner,Enterprise,2,False,False,S-86e226,2024-06-17,,0,0,False,False,monthly,False,10.0,0.0,2.0,3.9906382978723407
A-58b9ff,Company_425,DevTools,IN,2024-05-31,partner,Enterprise,2,False,False,S-6aa72f,2024-07-05,,0,0,False,False,annual,False,53.0,1.0,2.0,3.9906382978723407
A-58b9ff,Company_425,DevTools,IN,2024-05-31,partner,Enterprise,2,False,False,S-dbad62,2024-10-16,,228,2736,False,False,annual,False,17.0,2.0,2.0,3.9906382978723407
A-58b9ff,Company_425,DevTools,IN,2024-05-31,partner,Enterprise,2,False,False,S-f44c76,2024-09-24,,686,8232,False,False,monthly,True,48.0,1.0,2.0,3.9906382978723407
A-58b9ff,Company_425,DevTools,IN,2024-05-31,partner,Enterprise,2,False,False,S-46852c,2024-09-26,,15124,181488,False,False,monthly,True,32.0,2.0,2.0,3.9906382978723407
A-58b9ff,Company_425,DevTools,IN,2024-05-31,partner,Enterprise,2,False,False,S-a09e70,2024-10-13,,418,5016,True,False,annual,True,100.0,6.0,2.0,3.9906382978723407
A-58b9ff,Company_425,DevTools,IN,2024-05-31,partner,Enterprise,2,False,False,S-58ab69,2024-09-27,,3087,37044,False,True,monthly,True,93.0,7.0,2.0,3.9906382978723407
A-58b9ff,Company_425,DevTools,IN,2024-05-31,partner,Enterprise,2,False,False,S-150c8e,2024-11-03,,1617,19404,False,False,monthly,True,88.0,4.0,2.0,3.9906382978723407
A-58b9ff,Company_425,DevTools,IN,2024-05-31,partner,Enterprise,2,False,False,S-dbb8b9,2024-08-09,,98,1176,False,False,monthly,False,35.0,2.0,2.0,3.9906382978723407
A-58b9ff,Company_425,DevTools,IN,2024-05-31,partner,Enterprise,2,False,False,S-f5df4a,2024-06-26,,294,3528,False,False,annual,False,23.0,0.0,2.0,3.9906382978723407
A-58b9ff,Company_425,DevTools,IN,2024-05-31,partner,Enterprise,2,False,False,S-69a7ce,2024-07-14,,294,3528,False,False,annual,True,72.0,0.0,2.0,3.9906382978723407
A-bf7919,Company_426,HealthTech,US,2024-11-27,organic,Pro,3,False,False,S-9a44ec,2024-12-21,2024-12-29,735,8820,False,False,annual,True,75.0,3.0,2.0,4.490638297872341
A-bf7919,Company_426,HealthTech,US,2024-11-27,organic,Pro,3,False,False,S-e8a2fa,2024-12-26,,0,0,False,False,annual,True,55.0,3.0,2.0,4.490638297872341
A-bf7919,Company_426,HealthTech,US,2024-11-27,organic,Pro,3,False,False,S-b75eaa,2024-12-24,,228,2736,False,False,monthly,False,20.0,4.0,2.0,4.490638297872341
A-bf7919,Company_426,HealthTech,US,2024-11-27,organic,Pro,3,False,False,S-39f1b0,2024-12-10,,0,0,False,False,annual,True,15.0,0.0,2.0,4.490638297872341
A-bf7919,Company_426,HealthTech,US,2024-11-27,organic,Pro,3,False,False,S-c59502,2024-12-07,,597,7164,False,False,monthly,True,48.0,1.0,2.0,4.490638297872341
A-bf7919,Company_426,HealthTech,US,2024-11-27,organic,Pro,3,False,False,S-615a8a,2024-12-31,,0,0,False,False,annual,False,49.0,3.0,2.0,4.490638297872341
A-1d5444,Company_427,Cybersecurity,US,2024-01-18,partner,Basic,24,False,True,S-c3213f,2024-08-02,,8159,97908,False,False,annual,False,21.0,0.0,2.0,3.9906382978723407
A-1d5444,Company_427,Cybersecurity,US,2024-01-18,partner,Basic,24,False,True,S-45baac,2024-05-31,,4776,57312,False,False,monthly,False,8.0,0.0,2.0,3.9906382978723407
A-1d5444,Company_427,Cybersecurity,US,2024-01-18,partner,Basic,24,False,True,S-27552b,2024-07-17,,1176,14112,False,False,annual,True,50.0,0.0,2.0,3.9906382978723407
A-1d5444,Company_427,Cybersecurity,US,2024-01-18,partner,Basic,24,False,True,S-221db6,2024-09-16,,0,0,False,False,annual,True,76.0,7.0,2.0,3.9906382978723407
A-1d5444,Company_427,Cybersecurity,US,2024-01-18,partner,Basic,24,False,True,S-9da0f3,2024-05-13,,8159,97908,True,False,monthly,True,0.0,0.0,2.0,3.9906382978723407
A-1d5444,Company_427,Cybersecurity,US,2024-01-18,partner,Basic,24,False,True,S-1b713e,2024-11-26,,0,0,True,False,annual,False,23.0,0.0,2.0,3.9906382978723407
A-1d5444,Company_427,Cybersecurity,US,2024-01-18,partner,Basic,24,False,True,S-c3d2f9,2024-04-04,,456,5472,False,False,annual,True,71.0,4.0,2.0,3.9906382978723407
A-1d5444,Company_427,Cybersecurity,US,2024-01-18,partner,Basic,24,False,True,S-7e5af5,2024-03-19,,456,5472,False,False,annual,True,68.0,0.0,2.0,3.9906382978723407
A-1d5444,Company_427,Cybersecurity,US,2024-01-18,partner,Basic,24,False,True,S-cb3a85,2024-07-28,,456,5472,False,False,annual,True,44.0,2.0,2.0,3.9906382978723407
A-1d5444,Company_427,Cybersecurity,US,2024-01-18,partner,Basic,24,False,True,S-497d95,2024-07-15,,456,5472,False,False,monthly,True,8.0,0.0,2.0,3.9906382978723407
A-1d5444,Company_427,Cybersecurity,US,2024-01-18,partner,Basic,24,False,True,S-45ab1a,2024-04-19,,456,5472,False,False,annual,True,63.0,5.0,2.0,3.9906382978723407
A-1d5444,Company_427,Cybersecurity,US,2024-01-18,partner,Basic,24,False,True,S-5619af,2024-04-23,,4776,57312,False,False,monthly,False,23.0,2.0,2.0,3.9906382978723407
A-1d5444,Company_427,Cybersecurity,US,2024-01-18,partner,Basic,24,False,True,S-f1778c,2024-04-10,,456,5472,False,False,monthly,True,75.0,10.0,2.0,3.9906382978723407
A-1d5444,Company_427,Cybersecurity,US,2024-01-18,partner,Basic,24,False,True,S-5d8b88,2024-11-25,,1176,14112,False,False,annual,True,62.0,5.0,2.0,3.9906382978723407
A-0f3e88,Company_428,HealthTech,US,2023-07-23,other,Basic,7,False,True,S-5eaab8,2024-12-11,2024-12-23,343,4116,False,False,monthly,False,62.0,2.0,3.0,4.3270921985815605
A-0f3e88,Company_428,HealthTech,US,2023-07-23,other,Basic,7,False,True,S-5cff9b,2024-11-07,,0,0,True,False,monthly,False,47.0,4.0,3.0,4.3270921985815605
A-0f3e88,Company_428,HealthTech,US,2023-07-23,other,Basic,7,False,True,S-7ded4d,2024-06-18,,323,3876,False,False,monthly,True,38.0,3.0,3.0,4.3270921985815605
A-0f3e88,Company_428,HealthTech,US,2023-07-23,other,Basic,7,False,True,S-695606,2023-12-31,,304,3648,False,False,monthly,True,62.0,3.0,3.0,4.3270921985815605
A-0f3e88,Company_428,HealthTech,US,2023-07-23,other,Basic,7,False,True,S-dcbf45,2024-01-01,,1078,12936,True,False,monthly,True,88.0,3.0,3.0,4.3270921985815605
A-0f3e88,Company_428,HealthTech,US,2023-07-23,other,Basic,7,False,True,S-400e62,2024-04-18,,266,3192,False,False,annual,False,92.0,4.0,3.0,4.3270921985815605
A-0f3e88,Company_428,HealthTech,US,2023-07-23,other,Basic,7,False,True,S-d735d1,2023-09-23,,456,5472,False,False,monthly,True,54.0,1.0,3.0,4.3270921985815605
A-0f3e88,Company_428,HealthTech,US,2023-07-23,other,Basic,7,False,True,S-c284ce,2024-02-03,,2189,26268,False,False,monthly,True,39.0,0.0,3.0,4.3270921985815605
A-0f3e88,Company_428,HealthTech,US,2023-07-23,other,Basic,7,False,True,S-db6454,2024-10-08,,209,2508,False,False,monthly,True,26.0,6.0,3.0,4.3270921985815605
A-0f3e88,Company_428,HealthTech,US,2023-07-23,other,Basic,7,False,True,S-9cfabf,2023-08-05,,133,1596,False,False,annual,True,26.0,0.0,3.0,4.3270921985815605
A-0f3e88,Company_428,HealthTech,US,2023-07-23,other,Basic,7,False,True,S-712e69,2024-11-24,,323,3876,False,False,annual,True,64.0,2.0,3.0,4.3270921985815605
A-7641d3,Company_429,EdTech,US,2023-02-16,partner,Pro,8,True,True,S-3b3fac,2024-11-21,,190,2280,False,False,annual,True,51.0,5.0,5.0,4.192510638297873
A-7641d3,Company_429,EdTech,US,2023-02-16,partner,Pro,8,True,True,S-fdc127,2024-03-11,,0,0,False,False,monthly,True,23.0,0.0,5.0,4.192510638297873
A-7641d3,Company_429,EdTech,US,2023-02-16,partner,Pro,8,True,True,S-a9b904,2023-04-12,,152,1824,False,False,monthly,True,58.0,0.0,5.0,4.192510638297873
A-7641d3,Company_429,EdTech,US,2023-02-16,partner,Pro,8,True,True,S-6b3ac8,2024-08-03,,2989,35868,False,True,monthly,True,12.0,2.0,5.0,4.192510638297873
A-7641d3,Company_429,EdTech,US,2023-02-16,partner,Pro,8,True,True,S-d74733,2024-05-10,,588,7056,False,False,monthly,False,80.0,2.0,5.0,4.192510638297873
A-7641d3,Company_429,EdTech,US,2023-02-16,partner,Pro,8,True,True,S-6d10f7,2024-11-17,,784,9408,False,False,monthly,True,35.0,0.0,5.0,4.192510638297873
A-7641d3,Company_429,EdTech,US,2023-02-16,partner,Pro,8,True,True,S-0146f6,2024-05-13,,2587,31044,False,False,monthly,True,52.0,1.0,5.0,4.192510638297873
A-7641d3,Company_429,EdTech,US,2023-02-16,partner,Pro,8,True,True,S-f5f52a,2024-06-18,,392,4704,False,False,annual,True,38.0,7.0,5.0,4.192510638297873
A-7641d3,Company_429,EdTech,US,2023-02-16,partner,Pro,8,True,True,S-b33593,2023-10-02,,0,0,False,False,monthly,False,54.0,1.0,5.0,4.192510638297873
A-7641d3,Company_429,EdTech,US,2023-02-16,partner,Pro,8,True,True,S-b3613a,2023-04-24,,1592,19104,False,False,monthly,True,60.0,5.0,5.0,4.192510638297873
A-7641d3,Company_429,EdTech,US,2023-02-16,partner,Pro,8,True,True,S-f8d74d,2024-05-21,,2786,33432,False,False,monthly,False,56.0,3.0,5.0,4.192510638297873
A-cd458b,Company_430,DevTools,US,2024-06-15,other,Basic,10,True,False,S-a69559,2024-08-25,,190,2280,False,False,monthly,False,76.0,0.0,5.0,4.6
A-cd458b,Company_430,DevTools,US,2024-06-15,other,Basic,10,True,False,S-b71b3a,2024-12-21,,9353,112236,False,False,monthly,True,39.0,2.0,5.0,4.6
A-cd458b,Company_430,DevTools,US,2024-06-15,other,Basic,10,True,False,S-3673f2,2024-08-17,,9353,112236,False,False,annual,True,89.0,6.0,5.0,4.6
A-cd458b,Company_430,DevTools,US,2024-06-15,other,Basic,10,True,False,S-e6c900,2024-09-18,,490,5880,False,False,annual,True,54.0,1.0,5.0,4.6
A-cd458b,Company_430,DevTools,US,2024-06-15,other,Basic,10,True,False,S-b53850,2024-08-18,2024-09-14,551,6612,False,False,annual,True,40.0,0.0,5.0,4.6
A-cd458b,Company_430,DevTools,US,2024-06-15,other,Basic,10,True,False,S-6d3477,2024-10-25,,9353,112236,False,False,annual,True,42.0,3.0,5.0,4.6
A-cd458b,Company_430,DevTools,US,2024-06-15,other,Basic,10,True,False,S-8966c9,2024-09-26,,513,6156,False,False,monthly,True,80.0,7.0,5.0,4.6
A-cd458b,Company_430,DevTools,US,2024-06-15,other,Basic,10,True,False,S-52404a,2024-10-26,,494,5928,False,False,annual,True,22.0,2.0,5.0,4.6
A-cd458b,Company_430,DevTools,US,2024-06-15,other,Basic,10,True,False,S-ce887e,2024-10-04,,1990,23880,False,False,annual,True,37.0,3.0,5.0,4.6
A-cd458b,Company_430,DevTools,US,2024-06-15,other,Basic,10,True,False,S-1b4693,2024-12-23,,2985,35820,False,False,monthly,True,58.0,1.0,5.0,4.6
A-cd458b,Company_430,DevTools,US,2024-06-15,other,Basic,10,True,False,S-ab0f4c,2024-12-06,,475,5700,False,False,monthly,False,41.0,4.0,5.0,4.6
A-cd458b,Company_430,DevTools,US,2024-06-15,other,Basic,10,True,False,S-2416eb,2024-08-14,,190,2280,False,False,monthly,True,98.0,7.0,5.0,4.6
A-cd458b,Company_430,DevTools,US,2024-06-15,other,Basic,10,True,False,S-5d532c,2024-12-26,,1990,23880,False,True,monthly,True,93.0,4.0,5.0,4.6
A-cd458b,Company_430,DevTools,US,2024-06-15,other,Basic,10,True,False,S-ab3ad8,2024-07-12,,190,2280,False,False,annual,True,74.0,5.0,5.0,4.6
A-cd458b,Company_430,DevTools,US,2024-06-15,other,Basic,10,True,False,S-03a939,2024-07-25,,5174,62088,False,False,monthly,True,21.0,0.0,5.0,4.6
A-c16b88,Company_431,HealthTech,US,2023-12-02,event,Enterprise,23,False,False,S-59c5d7,2024-10-19,,665,7980,True,False,monthly,True,70.0,2.0,3.0,3.654184397163121
A-c16b88,Company_431,HealthTech,US,2023-12-02,event,Enterprise,23,False,False,S-e64c2b,2024-11-25,,4577,54924,True,False,annual,False,28.0,0.0,3.0,3.654184397163121
A-c16b88,Company_431,HealthTech,US,2023-12-02,event,Enterprise,23,False,False,S-b96ee3,2024-12-20,,437,5244,False,False,monthly,True,68.0,4.0,3.0,3.654184397163121
A-c16b88,Company_431,HealthTech,US,2023-12-02,event,Enterprise,23,False,False,S-ea4844,2024-06-03,,1127,13524,False,False,monthly,True,38.0,1.0,3.0,3.654184397163121
A-c16b88,Company_431,HealthTech,US,2023-12-02,event,Enterprise,23,False,False,S-3741b9,2024-06-20,2024-07-11,0,0,False,False,annual,True,80.0,2.0,3.0,3.654184397163121
A-c16b88,Company_431,HealthTech,US,2023-12-02,event,Enterprise,23,False,False,S-1682d4,2024-12-26,,4577,54924,False,False,annual,False,42.0,5.0,3.0,3.654184397163121
A-c16b88,Company_431,HealthTech,US,2023-12-02,event,Enterprise,23,False,False,S-2bef13,2024-06-10,,8955,107460,False,False,monthly,False,32.0,0.0,3.0,3.654184397163121
A-c16b88,Company_431,HealthTech,US,2023-12-02,event,Enterprise,23,False,False,S-3981c7,2024-03-08,,0,0,False,False,annual,True,49.0,3.0,3.0,3.654184397163121
A-c16b88,Company_431,HealthTech,US,2023-12-02,event,Enterprise,23,False,False,S-9a6a1b,2024-03-09,,0,0,False,False,annual,True,50.0,7.0,3.0,3.654184397163121
A-59f724,Company_432,HealthTech,US,2023-11-03,other,Enterprise,3,True,False,S-edeacd,2024-01-01,,882,10584,False,False,annual,True,33.0,0.0,4.0,4.25
A-59f724,Company_432,HealthTech,US,2023-11-03,other,Enterprise,3,True,False,S-85eb8f,2024-01-29,,4378,52536,False,False,monthly,True,97.0,6.0,4.0,4.25
A-59f724,Company_432,HealthTech,US,2023-11-03,other,Enterprise,3,True,False,S-a903ad,2024-06-22,,1323,15876,False,False,annual,True,66.0,6.0,4.0,4.25
A-59f724,Company_432,HealthTech,US,2023-11-03,other,Enterprise,3,True,False,S-10702d,2024-03-14,,0,0,False,False,monthly,True,36.0,4.0,4.0,4.25
A-59f724,Company_432,HealthTech,US,2023-11-03,other,Enterprise,3,True,False,S-8b486a,2024-06-12,,0,0,False,False,annual,False,30.0,0.0,4.0,4.25
A-59f724,Company_432,HealthTech,US,2023-11-03,other,Enterprise,3,True,False,S-b784a1,2024-05-29,,294,3528,False,False,monthly,True,60.0,4.0,4.0,4.25
A-59f724,Company_432,HealthTech,US,2023-11-03,other,Enterprise,3,True,False,S-c5a146,2024-07-15,,342,4104,True,False,annual,True,97.0,3.0,4.0,4.25
A-59f724,Company_432,HealthTech,US,2023-11-03,other,Enterprise,3,True,False,S-652885,2024-12-08,,342,4104,False,False,monthly,True,46.0,5.0,4.0,4.25
A-59f724,Company_432,HealthTech,US,2023-11-03,other,Enterprise,3,True,False,S-26bc22,2024-07-23,,597,7164,True,False,annual,False,54.0,2.0,4.0,4.25
A-59f724,Company_432,HealthTech,US,2023-11-03,other,Enterprise,3,True,False,S-e74ca1,2024-08-24,,0,0,False,False,monthly,False,40.0,7.0,4.0,4.25
A-59f724,Company_432,HealthTech,US,2023-11-03,other,Enterprise,3,True,False,S-b6a35b,2024-05-08,,931,11172,False,False,monthly,True,84.0,5.0,4.0,4.25
A-59f724,Company_432,HealthTech,US,2023-11-03,other,Enterprise,3,True,False,S-c13970,2024-06-27,,684,8208,False,False,monthly,True,53.0,5.0,4.0,4.25
A-87aa7b,Company_433,HealthTech,US,2024-05-16,organic,Pro,24,True,False,S-276d44,2024-06-17,,1176,14112,False,False,monthly,True,88.0,2.0,3.0,3.981276595744681
A-87aa7b,Company_433,HealthTech,US,2024-05-16,organic,Pro,24,True,False,S-ccc10f,2024-11-19,,456,5472,False,False,annual,True,72.0,0.0,3.0,3.981276595744681
A-87aa7b,Company_433,HealthTech,US,2024-05-16,organic,Pro,24,True,False,S-561e21,2024-08-29,,0,0,True,False,annual,True,8.0,0.0,3.0,3.981276595744681
A-87aa7b,Company_433,HealthTech,US,2024-05-16,organic,Pro,24,True,False,S-344c0d,2024-10-15,,4776,57312,False,False,annual,True,6.0,0.0,3.0,3.981276595744681
A-87aa7b,Company_433,HealthTech,US,2024-05-16,organic,Pro,24,True,False,S-5b58b1,2024-11-19,,1176,14112,False,False,annual,True,56.0,4.0,3.0,3.981276595744681
A-87aa7b,Company_433,HealthTech,US,2024-05-16,organic,Pro,24,True,False,S-eadebb,2024-08-23,,1176,14112,False,False,annual,True,47.0,3.0,3.0,3.981276595744681
A-87aa7b,Company_433,HealthTech,US,2024-05-16,organic,Pro,24,True,False,S-09ada1,2024-11-23,,456,5472,False,False,annual,True,45.0,0.0,3.0,3.981276595744681
A-87aa7b,Company_433,HealthTech,US,2024-05-16,organic,Pro,24,True,False,S-3fb251,2024-07-22,,0,0,True,False,monthly,False,11.0,1.0,3.0,3.981276595744681
A-87aa7b,Company_433,HealthTech,US,2024-05-16,organic,Pro,24,True,False,S-6cff7d,2024-07-18,,1064,12768,False,False,monthly,True,43.0,1.0,3.0,3.981276595744681
A-87aa7b,Company_433,HealthTech,US,2024-05-16,organic,Pro,24,True,False,S-b9c635,2024-06-02,,1176,14112,False,True,monthly,True,41.0,5.0,3.0,3.981276595744681
A-87aa7b,Company_433,HealthTech,US,2024-05-16,organic,Pro,24,True,False,S-0fb7bb,2024-06-05,,1176,14112,False,True,annual,False,23.0,2.0,3.0,3.981276595744681
A-87aa7b,Company_433,HealthTech,US,2024-05-16,organic,Pro,24,True,False,S-37f480,2024-05-25,,1323,15876,False,False,annual,False,39.0,6.0,3.0,3.981276595744681
A-87aa7b,Company_433,HealthTech,US,2024-05-16,organic,Pro,24,True,False,S-c7f25a,2024-08-10,,475,5700,True,False,monthly,True,59.0,5.0,3.0,3.981276595744681
A-87aa7b,Company_433,HealthTech,US,2024-05-16,organic,Pro,24,True,False,S-7925f0,2024-09-24,,4776,57312,False,False,monthly,True,51.0,3.0,3.0,3.981276595744681
A-87aa7b,Company_433,HealthTech,US,2024-05-16,organic,Pro,24,True,False,S-58239c,2024-05-22,,1176,14112,False,False,monthly,True,86.0,3.0,3.0,3.981276595744681
A-87aa7b,Company_433,HealthTech,US,2024-05-16,organic,Pro,24,True,False,S-09076d,2024-12-23,,2499,29988,True,False,monthly,True,67.0,0.0,3.0,3.981276595744681
A-1e6fc3,Company_434,EdTech,FR,2023-12-06,other,Pro,1,False,False,S-cb8a5c,2024-12-17,,199,2388,False,False,annual,True,50.0,1.0,5.0,3.7925106382978724
A-1e6fc3,Company_434,EdTech,FR,2023-12-06,other,Pro,1,False,False,S-e6cfc1,2024-01-11,2024-04-02,0,0,False,False,annual,True,67.0,2.0,5.0,3.7925106382978724
A-1e6fc3,Company_434,EdTech,FR,2023-12-06,other,Pro,1,False,False,S-941e0f,2024-08-28,,0,0,False,False,annual,True,67.0,11.0,5.0,3.7925106382978724
A-1e6fc3,Company_434,EdTech,FR,2023-12-06,other,Pro,1,False,False,S-1a20b6,2024-04-01,,245,2940,False,False,monthly,True,60.0,5.0,5.0,3.7925106382978724
A-39ddf4,Company_435,EdTech,US,2024-12-05,partner,Enterprise,40,False,False,S-61e86c,2024-12-07,,7960,95520,False,False,annual,True,38.0,11.0,5.0,4.1962553191489365
A-39ddf4,Company_435,EdTech,US,2024-12-05,partner,Enterprise,40,False,False,S-96383d,2024-12-29,,7960,95520,False,False,annual,True,54.0,3.0,5.0,4.1962553191489365
A-39ddf4,Company_435,EdTech,US,2024-12-05,partner,Enterprise,40,False,False,S-4c8ab8,2024-12-26,,1960,23520,False,False,monthly,True,36.0,5.0,5.0,4.1962553191489365
A-39ddf4,Company_435,EdTech,US,2024-12-05,partner,Enterprise,40,False,False,S-d69e2c,2024-12-27,,1960,23520,False,False,annual,False,47.0,1.0,5.0,4.1962553191489365
A-39ddf4,Company_435,EdTech,US,2024-12-05,partner,Enterprise,40,False,False,S-46526e,2024-12-10,,2156,25872,False,False,annual,False,56.0,0.0,5.0,4.1962553191489365
A-39ddf4,Company_435,EdTech,US,2024-12-05,partner,Enterprise,40,False,False,S-cdd281,2024-12-30,,7960,95520,False,False,monthly,True,63.0,5.0,5.0,4.1962553191489365
A-39ddf4,Company_435,EdTech,US,2024-12-05,partner,Enterprise,40,False,False,S-c57c91,2024-12-24,,1960,23520,False,False,monthly,True,62.0,5.0,5.0,4.1962553191489365
A-39ddf4,Company_435,EdTech,US,2024-12-05,partner,Enterprise,40,False,False,S-404132,2024-12-20,2024-12-29,1960,23520,False,False,annual,True,43.0,3.0,5.0,4.1962553191489365
A-39ddf4,Company_435,EdTech,US,2024-12-05,partner,Enterprise,40,False,False,S-df0314,2024-12-21,,1960,23520,False,False,monthly,True,56.0,3.0,5.0,4.1962553191489365
A-34ea2f,Company_436,HealthTech,US,2024-08-15,organic,Enterprise,8,False,True,S-8c8315,2024-11-19,,0,0,True,False,annual,True,52.0,0.0,8.0,3.8679787234042555
A-34ea2f,Company_436,HealthTech,US,2024-08-15,organic,Enterprise,8,False,True,S-d5c6cc,2024-10-10,,4067,48804,False,False,annual,True,22.0,6.0,8.0,3.8679787234042555
A-34ea2f,Company_436,HealthTech,US,2024-08-15,organic,Enterprise,8,False,True,S-20a297,2024-09-05,,152,1824,False,False,monthly,True,41.0,3.0,8.0,3.8679787234042555
A-34ea2f,Company_436,HealthTech,US,2024-08-15,organic,Enterprise,8,False,True,S-24d19a,2024-09-10,,392,4704,False,False,annual,False,37.0,0.0,8.0,3.8679787234042555
A-34ea2f,Company_436,HealthTech,US,2024-08-15,organic,Enterprise,8,False,True,S-64d8c9,2024-11-30,,779,9348,True,False,monthly,True,23.0,0.0,8.0,3.8679787234042555
A-34ea2f,Company_436,HealthTech,US,2024-08-15,organic,Enterprise,8,False,True,S-947b62,2024-12-25,,3184,38208,False,False,annual,False,51.0,1.0,8.0,3.8679787234042555
A-34ea2f,Company_436,HealthTech,US,2024-08-15,organic,Enterprise,8,False,True,S-1f5faf,2024-10-03,2024-12-20,0,0,False,False,monthly,False,66.0,3.0,8.0,3.8679787234042555
A-34ea2f,Company_436,HealthTech,US,2024-08-15,organic,Enterprise,8,False,True,S-0e8781,2024-09-24,,0,0,False,False,monthly,False,42.0,4.0,8.0,3.8679787234042555
A-34ea2f,Company_436,HealthTech,US,2024-08-15,organic,Enterprise,8,False,True,S-e4cb85,2024-10-21,,551,6612,True,False,annual,True,74.0,6.0,8.0,3.8679787234042555
A-34ea2f,Company_436,HealthTech,US,2024-08-15,organic,Enterprise,8,False,True,S-62fe77,2024-09-07,,1127,13524,False,False,annual,True,32.0,0.0,8.0,3.8679787234042555
A-34ea2f,Company_436,HealthTech,US,2024-08-15,organic,Enterprise,8,False,True,S-c7f2e5,2024-11-09,2024-11-19,4179,50148,False,False,annual,True,74.0,6.0,8.0,3.8679787234042555
A-34ea2f,Company_436,HealthTech,US,2024-08-15,organic,Enterprise,8,False,True,S-31cec4,2024-10-28,,152,1824,False,False,monthly,True,36.0,1.0,8.0,3.8679787234042555
A-716841,Company_437,FinTech,US,2024-05-06,other,Pro,45,False,False,S-891eb4,2024-09-20,,2205,26460,False,False,annual,True,79.0,2.0,5.0,3.9925106382978726
A-716841,Company_437,FinTech,US,2024-05-06,other,Pro,45,False,False,S-83c56d,2024-12-13,,8955,107460,False,False,monthly,True,15.0,0.0,5.0,3.9925106382978726
A-716841,Company_437,FinTech,US,2024-05-06,other,Pro,45,False,False,S-e567db,2024-05-14,,0,0,False,False,annual,True,13.0,0.0,5.0,3.9925106382978726
A-716841,Company_437,FinTech,US,2024-05-06,other,Pro,45,False,False,S-a60299,2024-09-20,,0,0,False,False,monthly,True,73.0,0.0,5.0,3.9925106382978726
A-716841,Company_437,FinTech,US,2024-05-06,other,Pro,45,False,False,S-76c065,2024-11-14,,8955,107460,False,False,annual,True,8.0,0.0,5.0,3.9925106382978726
A-716841,Company_437,FinTech,US,2024-05-06,other,Pro,45,False,False,S-658f5f,2024-05-27,,2205,26460,False,False,monthly,True,36.0,4.0,5.0,3.9925106382978726
A-716841,Company_437,FinTech,US,2024-05-06,other,Pro,45,False,False,S-dd5a4c,2024-05-13,,3059,36708,False,False,annual,True,60.0,4.0,5.0,3.9925106382978726
A-716841,Company_437,FinTech,US,2024-05-06,other,Pro,45,False,False,S-3d2ebb,2024-10-15,,855,10260,False,False,annual,True,60.0,3.0,5.0,3.9925106382978726
A-558c72,Company_438,FinTech,US,2023-06-01,organic,Basic,12,False,False,S-9f2386,2024-03-09,,2985,35820,False,False,annual,True,43.0,0.0,4.0,4.240638297872341
A-558c72,Company_438,FinTech,US,2023-06-01,organic,Basic,12,False,False,S-214edb,2024-06-25,,1463,17556,False,False,monthly,True,30.0,0.0,4.0,4.240638297872341
A-558c72,Company_438,FinTech,US,2023-06-01,organic,Basic,12,False,False,S-8bac4e,2023-12-17,,588,7056,False,False,monthly,True,23.0,1.0,4.0,4.240638297872341
A-558c72,Company_438,FinTech,US,2023-06-01,organic,Basic,12,False,False,S-d7ef67,2024-03-07,,228,2736,True,False,monthly,False,11.0,0.0,4.0,4.240638297872341
A-558c72,Company_438,FinTech,US,2023-06-01,organic,Basic,12,False,False,S-ebbda6,2024-10-10,,735,8820,False,False,annual,True,46.0,6.0,4.0,4.240638297872341
A-558c72,Company_438,FinTech,US,2023-06-01,organic,Basic,12,False,False,S-c8d680,2024-01-16,2024-02-03,2388,28656,False,False,monthly,True,56.0,4.0,4.0,4.240638297872341
A-558c72,Company_438,FinTech,US,2023-06-01,organic,Basic,12,False,False,S-4781b1,2023-06-12,,784,9408,False,False,monthly,True,87.0,5.0,4.0,4.240638297872341
A-b11cd0,Company_439,DevTools,US,2023-01-20,ads,Pro,26,True,True,S-969f4c,2023-10-10,2024-10-23,0,0,False,False,monthly,True,45.0,0.0,4.0,3.9906382978723407
A-b11cd0,Company_439,DevTools,US,2023-01-20,ads,Pro,26,True,True,S-7a36ee,2023-02-16,2024-06-22,494,5928,False,False,monthly,True,52.0,2.0,4.0,3.9906382978723407
A-b11cd0,Company_439,DevTools,US,2023-01-20,ads,Pro,26,True,True,S-9a1297,2024-07-20,,1274,15288,False,False,annual,True,71.0,2.0,4.0,3.9906382978723407
A-b11cd0,Company_439,DevTools,US,2023-01-20,ads,Pro,26,True,True,S-57e129,2024-02-17,,1764,21168,False,False,monthly,True,52.0,8.0,4.0,3.9906382978723407
A-b11cd0,Company_439,DevTools,US,2023-01-20,ads,Pro,26,True,True,S-7863b1,2023-04-01,,0,0,False,False,monthly,True,35.0,4.0,4.0,3.9906382978723407
A-b11cd0,Company_439,DevTools,US,2023-01-20,ads,Pro,26,True,True,S-f7ef84,2023-12-30,,1274,15288,False,False,annual,True,23.0,0.0,4.0,3.9906382978723407
A-cc1d8d,Company_440,FinTech,US,2024-12-08,other,Pro,5,False,False,S-51d8db,2024-12-30,,1194,14328,False,False,annual,True,57.0,4.0,5.0,4.188765957446809
A-cc1d8d,Company_440,FinTech,US,2024-12-08,other,Pro,5,False,False,S-dab0d5,2024-12-14,,0,0,False,False,monthly,True,43.0,0.0,5.0,4.188765957446809
A-cc1d8d,Company_440,FinTech,US,2024-12-08,other,Pro,5,False,False,S-4d664d,2024-12-26,,784,9408,True,True,annual,True,28.0,3.0,5.0,4.188765957446809
A-cc1d8d,Company_440,FinTech,US,2024-12-08,other,Pro,5,False,False,S-ee5448,2024-12-29,,171,2052,False,False,annual,True,41.0,5.0,5.0,4.188765957446809
A-cc1d8d,Company_440,FinTech,US,2024-12-08,other,Pro,5,False,False,S-c25e9d,2024-12-17,,95,1140,False,False,monthly,False,67.0,12.0,5.0,4.188765957446809
A-cc1d8d,Company_440,FinTech,US,2024-12-08,other,Pro,5,False,False,S-ddb09e,2024-12-10,,1592,19104,False,False,monthly,False,41.0,8.0,5.0,4.188765957446809
A-cc1d8d,Company_440,FinTech,US,2024-12-08,other,Pro,5,False,False,S-585c3b,2024-12-13,,0,0,False,False,annual,True,53.0,3.0,5.0,4.188765957446809
A-cc1d8d,Company_440,FinTech,US,2024-12-08,other,Pro,5,False,False,S-cea51e,2024-12-22,,0,0,False,False,monthly,True,44.0,3.0,5.0,4.188765957446809
A-cc1d8d,Company_440,FinTech,US,2024-12-08,other,Pro,5,False,False,S-3e0c7b,2024-12-16,,1596,19152,False,False,annual,True,43.0,2.0,5.0,4.188765957446809
A-cc1d8d,Company_440,FinTech,US,2024-12-08,other,Pro,5,False,False,S-85ddea,2024-12-20,,995,11940,False,False,monthly,True,18.0,0.0,5.0,4.188765957446809
A-cc1d8d,Company_440,FinTech,US,2024-12-08,other,Pro,5,False,False,S-3ffd93,2024-12-23,,741,8892,False,False,monthly,True,40.0,1.0,5.0,4.188765957446809
A-cc1d8d,Company_440,FinTech,US,2024-12-08,other,Pro,5,False,False,S-afe3b8,2024-12-10,,784,9408,False,False,monthly,True,83.0,4.0,5.0,4.188765957446809
A-cc1d8d,Company_440,FinTech,US,2024-12-08,other,Pro,5,False,False,S-2f9bef,2024-12-08,,995,11940,False,False,annual,True,60.0,3.0,5.0,4.188765957446809
A-7f4db3,Company_441,FinTech,US,2023-03-05,other,Pro,4,False,False,S-260e48,2023-07-16,,490,5880,False,False,annual,True,66.0,5.0,5.0,3.396255319148936
A-7f4db3,Company_441,FinTech,US,2023-03-05,other,Pro,4,False,False,S-f1aa04,2023-07-24,,343,4116,False,False,monthly,True,85.0,9.0,5.0,3.396255319148936
A-7f4db3,Company_441,FinTech,US,2023-03-05,other,Pro,4,False,False,S-21f8b3,2024-09-07,,0,0,False,False,monthly,False,80.0,4.0,5.0,3.396255319148936
A-7f4db3,Company_441,FinTech,US,2023-03-05,other,Pro,4,False,False,S-69cc68,2023-10-12,,1393,16716,False,False,annual,True,64.0,2.0,5.0,3.396255319148936
A-7f4db3,Company_441,FinTech,US,2023-03-05,other,Pro,4,False,False,S-4d47e3,2023-03-28,2024-06-17,196,2352,False,False,monthly,True,70.0,3.0,5.0,3.396255319148936
A-7f4db3,Company_441,FinTech,US,2023-03-05,other,Pro,4,False,False,S-b8ee76,2023-10-31,,294,3528,False,False,monthly,True,60.0,4.0,5.0,3.396255319148936
A-7f4db3,Company_441,FinTech,US,2023-03-05,other,Pro,4,False,False,S-8e5ceb,2024-11-07,2024-11-18,0,0,False,False,monthly,True,34.0,0.0,5.0,3.396255319148936
A-7f4db3,Company_441,FinTech,US,2023-03-05,other,Pro,4,False,False,S-615537,2024-03-30,,784,9408,False,False,annual,True,25.0,1.0,5.0,3.396255319148936
A-7f4db3,Company_441,FinTech,US,2023-03-05,other,Pro,4,False,False,S-f2f40c,2024-06-29,,8955,107460,False,False,annual,True,17.0,2.0,5.0,3.396255319148936
A-7f4db3,Company_441,FinTech,US,2023-03-05,other,Pro,4,False,False,S-0b7eba,2023-03-11,,1592,19104,False,False,monthly,False,74.0,1.0,5.0,3.396255319148936
A-7f4db3,Company_441,FinTech,US,2023-03-05,other,Pro,4,False,False,S-552434,2024-08-14,,3871,46452,False,False,annual,True,82.0,7.0,5.0,3.396255319148936
A-7f4db3,Company_441,FinTech,US,2023-03-05,other,Pro,4,False,False,S-1f15a2,2023-04-05,,0,0,False,False,annual,True,69.0,2.0,5.0,3.396255319148936
A-7f4db3,Company_441,FinTech,US,2023-03-05,other,Pro,4,False,False,S-c92099,2024-12-08,2024-12-14,4776,57312,False,False,annual,True,51.0,2.0,5.0,3.396255319148936
A-7f4db3,Company_441,FinTech,US,2023-03-05,other,Pro,4,False,False,S-66b994,2024-10-29,,0,0,False,True,annual,True,34.0,1.0,5.0,3.396255319148936
A-7f4db3,Company_441,FinTech,US,2023-03-05,other,Pro,4,False,False,S-e2981a,2024-11-06,,3582,42984,False,False,annual,True,33.0,3.0,5.0,3.396255319148936
A-db5e9e,Company_442,DevTools,US,2024-11-09,partner,Basic,4,False,False,S-984f8b,2024-12-28,2024-12-28,3383,40596,False,True,annual,True,69.0,3.0,2.0,5.0
A-db5e9e,Company_442,DevTools,US,2024-11-09,partner,Basic,4,False,False,S-d7ccbd,2024-12-22,,0,0,False,False,monthly,True,79.0,0.0,2.0,5.0
A-db5e9e,Company_442,DevTools,US,2024-11-09,partner,Basic,4,False,False,S-d2b5db,2024-12-09,,0,0,False,False,annual,False,93.0,0.0,2.0,5.0
A-db5e9e,Company_442,DevTools,US,2024-11-09,partner,Basic,4,False,False,S-98845b,2024-11-15,,798,9576,False,False,annual,True,85.0,9.0,2.0,5.0
A-db5e9e,Company_442,DevTools,US,2024-11-09,partner,Basic,4,False,False,S-c696fa,2024-11-12,,171,2052,False,False,monthly,True,79.0,3.0,2.0,5.0
A-db5e9e,Company_442,DevTools,US,2024-11-09,partner,Basic,4,False,False,S-23587d,2024-12-28,,588,7056,False,False,annual,True,65.0,6.0,2.0,5.0
A-db5e9e,Company_442,DevTools,US,2024-11-09,partner,Basic,4,False,False,S-8eae4e,2024-12-16,,3184,38208,False,False,monthly,True,80.0,4.0,2.0,5.0
A-db5e9e,Company_442,DevTools,US,2024-11-09,partner,Basic,4,False,False,S-b49c0a,2024-12-05,,1127,13524,False,False,monthly,False,36.0,2.0,2.0,5.0
A-cc102e,Company_443,HealthTech,US,2024-04-15,partner,Enterprise,13,False,False,S-a88ffd,2024-09-06,,637,7644,False,False,annual,True,42.0,2.0,4.0,4.24531914893617
A-cc102e,Company_443,HealthTech,US,2024-04-15,partner,Enterprise,13,False,False,S-9f38a5,2024-05-30,,247,2964,False,False,monthly,True,16.0,0.0,4.0,4.24531914893617
A-cc102e,Company_443,HealthTech,US,2024-04-15,partner,Enterprise,13,False,False,S-2dc99d,2024-11-04,,418,5016,False,False,monthly,True,36.0,2.0,4.0,4.24531914893617
A-cc102e,Company_443,HealthTech,US,2024-04-15,partner,Enterprise,13,False,False,S-d8a52e,2024-11-19,,2985,35820,False,False,monthly,True,42.0,7.0,4.0,4.24531914893617
A-cc102e,Company_443,HealthTech,US,2024-04-15,partner,Enterprise,13,False,False,S-0ed0cb,2024-12-11,,0,0,False,False,monthly,True,54.0,2.0,4.0,4.24531914893617
A-cc102e,Company_443,HealthTech,US,2024-04-15,partner,Enterprise,13,False,False,S-01b2dc,2024-12-23,,247,2964,True,False,annual,True,59.0,9.0,4.0,4.24531914893617
A-cc102e,Company_443,HealthTech,US,2024-04-15,partner,Enterprise,13,False,False,S-0e0ec8,2024-05-06,,247,2964,False,False,annual,True,56.0,6.0,4.0,4.24531914893617
A-cc102e,Company_443,HealthTech,US,2024-04-15,partner,Enterprise,13,False,False,S-c0352b,2024-11-06,,637,7644,False,False,monthly,False,43.0,7.0,4.0,4.24531914893617
A-cc102e,Company_443,HealthTech,US,2024-04-15,partner,Enterprise,13,False,False,S-dc9874,2024-05-09,2024-09-27,2058,24696,False,False,annual,True,31.0,1.0,4.0,4.24531914893617
A-cc102e,Company_443,HealthTech,US,2024-04-15,partner,Enterprise,13,False,False,S-b4cd75,2024-09-23,,2587,31044,False,False,monthly,False,15.0,3.0,4.0,4.24531914893617
A-82d8a6,Company_444,Cybersecurity,UK,2024-11-28,ads,Basic,5,False,False,S-44fba6,2024-12-22,,0,0,False,False,annual,True,32.0,5.0,5.0,3.7887659574468087
A-82d8a6,Company_444,Cybersecurity,UK,2024-11-28,ads,Basic,5,False,False,S-51b668,2024-12-28,,570,6840,False,False,monthly,True,10.0,0.0,5.0,3.7887659574468087
A-82d8a6,Company_444,Cybersecurity,UK,2024-11-28,ads,Basic,5,False,False,S-6d3f0b,2024-12-16,,684,8208,False,False,annual,True,51.0,0.0,5.0,3.7887659574468087
A-82d8a6,Company_444,Cybersecurity,UK,2024-11-28,ads,Basic,5,False,False,S-fb285f,2024-12-22,,608,7296,False,False,annual,True,20.0,3.0,5.0,3.7887659574468087
A-82d8a6,Company_444,Cybersecurity,UK,2024-11-28,ads,Basic,5,False,False,S-9d7c19,2024-12-31,2024-12-31,245,2940,False,False,annual,True,26.0,0.0,5.0,3.7887659574468087
A-82d8a6,Company_444,Cybersecurity,UK,2024-11-28,ads,Basic,5,False,False,S-038f6f,2024-12-14,2024-12-29,0,0,True,False,monthly,True,11.0,0.0,5.0,3.7887659574468087
A-82d8a6,Company_444,Cybersecurity,UK,2024-11-28,ads,Basic,5,False,False,S-feea3a,2024-12-17,2024-12-22,95,1140,False,True,monthly,True,22.0,3.0,5.0,3.7887659574468087
A-82d8a6,Company_444,Cybersecurity,UK,2024-11-28,ads,Basic,5,False,False,S-2f11bb,2024-12-29,,245,2940,False,False,annual,True,82.0,2.0,5.0,3.7887659574468087
A-82d8a6,Company_444,Cybersecurity,UK,2024-11-28,ads,Basic,5,False,False,S-77ca30,2024-12-12,,1813,21756,True,False,monthly,True,46.0,0.0,5.0,3.7887659574468087
A-82d8a6,Company_444,Cybersecurity,UK,2024-11-28,ads,Basic,5,False,False,S-16e21f,2024-12-13,,5373,64476,False,False,annual,False,19.0,0.0,5.0,3.7887659574468087
A-82d8a6,Company_444,Cybersecurity,UK,2024-11-28,ads,Basic,5,False,False,S-c3b622,2024-12-29,,0,0,True,False,annual,True,70.0,0.0,5.0,3.7887659574468087
A-82d8a6,Company_444,Cybersecurity,UK,2024-11-28,ads,Basic,5,False,False,S-f7cde3,2024-12-13,,2058,24696,False,False,annual,False,32.0,3.0,5.0,3.7887659574468087
A-82d8a6,Company_444,Cybersecurity,UK,2024-11-28,ads,Basic,5,False,False,S-129cf4,2024-12-11,,784,9408,True,False,monthly,True,53.0,2.0,5.0,3.7887659574468087
A-82d8a6,Company_444,Cybersecurity,UK,2024-11-28,ads,Basic,5,False,False,S-c15f06,2024-12-27,,1617,19404,True,True,monthly,True,60.0,2.0,5.0,3.7887659574468087
A-82d8a6,Company_444,Cybersecurity,UK,2024-11-28,ads,Basic,5,False,False,S-a7ad50,2024-12-18,,342,4104,False,False,monthly,True,41.0,7.0,5.0,3.7887659574468087
A-82d8a6,Company_444,Cybersecurity,UK,2024-11-28,ads,Basic,5,False,False,S-8442d1,2024-12-22,2024-12-24,0,0,False,False,monthly,True,46.0,10.0,5.0,3.7887659574468087
A-82d8a6,Company_444,Cybersecurity,UK,2024-11-28,ads,Basic,5,False,False,S-c913f8,2024-12-03,,13532,162384,False,False,monthly,True,40.0,1.0,5.0,3.7887659574468087
A-dec005,Company_445,HealthTech,US,2023-10-13,partner,Pro,21,False,False,S-c27134,2024-03-31,,0,0,False,False,monthly,True,33.0,2.0,2.0,3.4906382978723407
A-dec005,Company_445,HealthTech,US,2023-10-13,partner,Pro,21,False,False,S-59f6b6,2024-11-10,,399,4788,True,False,monthly,False,57.0,7.0,2.0,3.4906382978723407
A-dec005,Company_445,HealthTech,US,2023-10-13,partner,Pro,21,False,False,S-9210e7,2024-03-03,,4179,50148,False,False,annual,True,68.0,4.0,2.0,3.4906382978723407
A-dec005,Company_445,HealthTech,US,2023-10-13,partner,Pro,21,False,False,S-d55d8a,2024-08-28,,4179,50148,False,False,monthly,True,37.0,1.0,2.0,3.4906382978723407
A-dec005,Company_445,HealthTech,US,2023-10-13,partner,Pro,21,False,False,S-c26c22,2023-10-17,,0,0,False,False,annual,False,58.0,9.0,2.0,3.4906382978723407
A-dec005,Company_445,HealthTech,US,2023-10-13,partner,Pro,21,False,False,S-f677d3,2024-09-22,,399,4788,False,False,monthly,True,28.0,5.0,2.0,3.4906382978723407
A-dec005,Company_445,HealthTech,US,2023-10-13,partner,Pro,21,False,False,S-d3e724,2024-08-24,,494,5928,False,False,monthly,True,46.0,0.0,2.0,3.4906382978723407
A-dec005,Company_445,HealthTech,US,2023-10-13,partner,Pro,21,False,False,S-f8a794,2023-12-22,,6169,74028,False,False,monthly,True,46.0,5.0,2.0,3.4906382978723407
A-dec005,Company_445,HealthTech,US,2023-10-13,partner,Pro,21,False,False,S-cde2c6,2024-09-17,,4179,50148,False,False,monthly,True,57.0,5.0,2.0,3.4906382978723407
A-dec005,Company_445,HealthTech,US,2023-10-13,partner,Pro,21,False,False,S-8fd696,2024-11-15,2024-12-03,10746,128952,False,False,annual,False,45.0,6.0,2.0,3.4906382978723407
A-5790f4,Company_446,FinTech,UK,2024-12-22,event,Pro,1,True,False,S-eabe72,2024-12-26,,627,7524,False,False,monthly,False,28.0,2.0,4.0,3.9859574468085106
A-5790f4,Company_446,FinTech,UK,2024-12-22,event,Pro,1,True,False,S-3dc46b,2024-12-23,,588,7056,False,False,monthly,False,61.0,10.0,4.0,3.9859574468085106
A-5790f4,Company_446,FinTech,UK,2024-12-22,event,Pro,1,True,False,S-826d19,2024-12-26,2024-12-29,1592,19104,False,False,annual,True,50.0,3.0,4.0,3.9859574468085106
A-5790f4,Company_446,FinTech,UK,2024-12-22,event,Pro,1,True,False,S-8f181e,2024-12-24,,3582,42984,False,False,annual,True,81.0,6.0,4.0,3.9859574468085106
A-5790f4,Company_446,FinTech,UK,2024-12-22,event,Pro,1,True,False,S-ae4310,2024-12-22,,0,0,False,False,monthly,True,72.0,4.0,4.0,3.9859574468085106
A-5790f4,Company_446,FinTech,UK,2024-12-22,event,Pro,1,True,False,S-a7da97,2024-12-25,,12537,150444,False,False,annual,False,29.0,1.0,4.0,3.9859574468085106
A-7c83a1,Company_447,Cybersecurity,US,2024-05-06,partner,Pro,12,False,False,S-a74462,2024-05-14,,2352,28224,False,False,annual,True,33.0,1.0,4.0,4.0
A-7c83a1,Company_447,Cybersecurity,US,2024-05-06,partner,Pro,12,False,False,S-3c0121,2024-12-30,,1176,14112,False,False,monthly,True,76.0,0.0,4.0,4.0
A-7c83a1,Company_447,Cybersecurity,US,2024-05-06,partner,Pro,12,False,False,S-d44108,2024-11-02,,0,0,False,False,monthly,True,47.0,2.0,4.0,4.0
A-7c83a1,Company_447,Cybersecurity,US,2024-05-06,partner,Pro,12,False,False,S-83b2ee,2024-06-27,2024-12-04,5174,62088,False,False,monthly,True,19.0,1.0,4.0,4.0
A-7c83a1,Company_447,Cybersecurity,US,2024-05-06,partner,Pro,12,False,False,S-cd2085,2024-11-10,2024-11-26,228,2736,False,True,monthly,True,45.0,5.0,4.0,4.0
A-7c83a1,Company_447,Cybersecurity,US,2024-05-06,partner,Pro,12,False,False,S-b72911,2024-07-29,,228,2736,False,False,monthly,False,40.0,2.0,4.0,4.0
A-7c83a1,Company_447,Cybersecurity,US,2024-05-06,partner,Pro,12,False,False,S-0e9f1e,2024-11-24,,228,2736,False,False,monthly,True,90.0,5.0,4.0,4.0
A-7c83a1,Company_447,Cybersecurity,US,2024-05-06,partner,Pro,12,False,False,S-0e9f04,2024-05-24,,2388,28656,False,False,monthly,True,81.0,1.0,4.0,4.0
A-7c83a1,Company_447,Cybersecurity,US,2024-05-06,partner,Pro,12,False,False,S-3aa11b,2024-09-27,,588,7056,False,False,annual,True,48.0,1.0,4.0,4.0
A-7c83a1,Company_447,Cybersecurity,US,2024-05-06,partner,Pro,12,False,False,S-775a4f,2024-07-18,,3781,45372,False,False,monthly,True,61.0,0.0,4.0,4.0
A-7c83a1,Company_447,Cybersecurity,US,2024-05-06,partner,Pro,12,False,False,S-24d48b,2024-05-16,2024-07-29,588,7056,False,False,annual,True,15.0,1.0,4.0,4.0
A-7c83a1,Company_447,Cybersecurity,US,2024-05-06,partner,Pro,12,False,False,S-886184,2024-09-20,,0,0,False,False,annual,True,77.0,4.0,4.0,4.0
A-297a2d,Company_448,HealthTech,UK,2023-05-05,event,Pro,27,False,False,S-4daf2d,2024-11-05,,5373,64476,False,False,annual,True,63.0,10.0,2.0,3.4906382978723407
A-297a2d,Company_448,HealthTech,UK,2023-05-05,event,Pro,27,False,False,S-39b850,2023-08-15,,0,0,False,False,annual,True,39.0,1.0,2.0,3.4906382978723407
A-297a2d,Company_448,HealthTech,UK,2023-05-05,event,Pro,27,False,False,S-90dd19,2024-03-04,,1323,15876,True,False,annual,True,48.0,4.0,2.0,3.4906382978723407
A-297a2d,Company_448,HealthTech,UK,2023-05-05,event,Pro,27,False,False,S-f951ac,2024-08-29,,513,6156,True,False,annual,True,34.0,4.0,2.0,3.4906382978723407
A-297a2d,Company_448,HealthTech,UK,2023-05-05,event,Pro,27,False,False,S-dec1fb,2023-08-30,,7164,85968,True,False,monthly,False,60.0,3.0,2.0,3.4906382978723407
A-4c56c9,Company_449,FinTech,US,2023-12-20,partner,Enterprise,9,False,True,S-fc1114,2024-07-17,2024-10-23,882,10584,False,False,annual,True,67.0,1.0,5.0,3.796255319148936
A-4c56c9,Company_449,FinTech,US,2023-12-20,partner,Enterprise,9,False,True,S-1f3254,2024-12-29,,342,4104,False,False,annual,True,25.0,1.0,5.0,3.796255319148936
A-4c56c9,Company_449,FinTech,US,2023-12-20,partner,Enterprise,9,False,True,S-e32b34,2024-07-23,,228,2736,False,False,monthly,True,85.0,7.0,5.0,3.796255319148936
A-4c56c9,Company_449,FinTech,US,2023-12-20,partner,Enterprise,9,False,True,S-a900c2,2024-12-22,,4776,57312,False,False,annual,False,50.0,2.0,5.0,3.796255319148936
A-4c56c9,Company_449,FinTech,US,2023-12-20,partner,Enterprise,9,False,True,S-d2e00a,2024-09-17,,1791,21492,False,False,monthly,True,42.0,4.0,5.0,3.796255319148936
A-4c56c9,Company_449,FinTech,US,2023-12-20,partner,Enterprise,9,False,True,S-029065,2024-07-28,,0,0,False,False,annual,True,36.0,0.0,5.0,3.796255319148936
A-4c56c9,Company_449,FinTech,US,2023-12-20,partner,Enterprise,9,False,True,S-e2799b,2024-05-13,,2587,31044,False,False,monthly,False,65.0,4.0,5.0,3.796255319148936
A-4c56c9,Company_449,FinTech,US,2023-12-20,partner,Enterprise,9,False,True,S-876f0b,2024-05-21,,171,2052,False,False,annual,True,47.0,4.0,5.0,3.796255319148936
A-4c56c9,Company_449,FinTech,US,2023-12-20,partner,Enterprise,9,False,True,S-b4dd00,2024-12-24,,988,11856,False,False,annual,True,43.0,2.0,5.0,3.796255319148936
A-4c56c9,Company_449,FinTech,US,2023-12-20,partner,Enterprise,9,False,True,S-54283b,2024-08-27,2024-11-03,9751,117012,False,False,monthly,True,23.0,2.0,5.0,3.796255319148936
A-4c56c9,Company_449,FinTech,US,2023-12-20,partner,Enterprise,9,False,True,S-62641a,2024-11-29,2024-12-03,3582,42984,False,False,monthly,False,67.0,2.0,5.0,3.796255319148936
A-4c56c9,Company_449,FinTech,US,2023-12-20,partner,Enterprise,9,False,True,S-ce5636,2024-11-14,,0,0,False,False,annual,True,29.0,6.0,5.0,3.796255319148936
A-4c56c9,Company_449,FinTech,US,2023-12-20,partner,Enterprise,9,False,True,S-72fa62,2024-09-03,,5373,64476,False,False,annual,True,44.0,3.0,5.0,3.796255319148936
A-cbbe12,Company_450,Cybersecurity,DE,2023-03-22,partner,Enterprise,40,False,False,S-7b01d4,2024-06-08,,2401,28812,True,False,monthly,True,12.0,1.0,6.0,4.1604255319148935
A-cbbe12,Company_450,Cybersecurity,DE,2023-03-22,partner,Enterprise,40,False,False,S-26191b,2023-07-21,2024-10-23,0,0,False,False,annual,True,49.0,1.0,6.0,4.1604255319148935
A-cbbe12,Company_450,Cybersecurity,DE,2023-03-22,partner,Enterprise,40,False,False,S-a4fd17,2024-05-11,2024-07-20,760,9120,False,True,monthly,False,18.0,1.0,6.0,4.1604255319148935
A-cbbe12,Company_450,Cybersecurity,DE,2023-03-22,partner,Enterprise,40,False,False,S-8bf576,2024-12-16,,7960,95520,False,False,monthly,True,37.0,1.0,6.0,4.1604255319148935
A-cbbe12,Company_450,Cybersecurity,DE,2023-03-22,partner,Enterprise,40,False,False,S-3d0e64,2023-12-05,,0,0,False,False,monthly,True,45.0,3.0,6.0,4.1604255319148935
A-cbbe12,Company_450,Cybersecurity,DE,2023-03-22,partner,Enterprise,40,False,False,S-be828b,2023-08-09,,1960,23520,False,False,monthly,True,17.0,3.0,6.0,4.1604255319148935
A-4a267b,Company_451,FinTech,US,2024-05-05,other,Pro,25,False,False,S-8db104,2024-10-18,,1225,14700,False,True,monthly,True,38.0,4.0,4.0,4.24531914893617
A-4a267b,Company_451,FinTech,US,2024-05-05,other,Pro,25,False,False,S-fee60b,2024-09-22,2024-09-29,2254,27048,False,False,monthly,True,67.0,2.0,4.0,4.24531914893617
A-4a267b,Company_451,FinTech,US,2024-05-05,other,Pro,25,False,False,S-a82441,2024-08-09,,1225,14700,False,False,annual,True,33.0,0.0,4.0,4.24531914893617
A-4a267b,Company_451,FinTech,US,2024-05-05,other,Pro,25,False,False,S-cfcd07,2024-08-29,,0,0,False,False,annual,True,65.0,8.0,4.0,4.24531914893617
A-4a267b,Company_451,FinTech,US,2024-05-05,other,Pro,25,False,False,S-5a6941,2024-09-22,,1225,14700,False,False,monthly,True,80.0,1.0,4.0,4.24531914893617
A-4a267b,Company_451,FinTech,US,2024-05-05,other,Pro,25,False,False,S-5d729e,2024-05-09,,5771,69252,False,False,monthly,True,49.0,2.0,4.0,4.24531914893617
A-4a267b,Company_451,FinTech,US,2024-05-05,other,Pro,25,False,False,S-9a8a30,2024-09-15,2024-12-24,4975,59700,False,False,annual,True,54.0,2.0,4.0,4.24531914893617
A-4a267b,Company_451,FinTech,US,2024-05-05,other,Pro,25,False,False,S-db37e1,2024-10-12,,12537,150444,False,False,annual,False,41.0,3.0,4.0,4.24531914893617
A-4a267b,Company_451,FinTech,US,2024-05-05,other,Pro,25,False,False,S-aef18a,2024-11-06,,0,0,True,False,annual,True,9.0,0.0,4.0,4.24531914893617
A-4a267b,Company_451,FinTech,US,2024-05-05,other,Pro,25,False,False,S-c348d2,2024-06-17,,475,5700,False,False,annual,True,62.0,0.0,4.0,4.24531914893617
A-bcbe98,Company_452,Cybersecurity,US,2024-07-29,other,Enterprise,46,False,False,S-b45a45,2024-09-09,,2254,27048,False,False,annual,True,61.0,10.0,7.0,3.989300911854104
A-bcbe98,Company_452,Cybersecurity,US,2024-07-29,other,Enterprise,46,False,False,S-7070de,2024-10-24,,9154,109848,False,False,annual,True,76.0,0.0,7.0,3.989300911854104
A-bcbe98,Company_452,Cybersecurity,US,2024-07-29,other,Enterprise,46,False,False,S-ade2d5,2024-09-22,,0,0,False,False,monthly,False,61.0,8.0,7.0,3.989300911854104
A-bcbe98,Company_452,Cybersecurity,US,2024-07-29,other,Enterprise,46,False,False,S-70a8d6,2024-11-20,,2254,27048,True,False,annual,True,39.0,0.0,7.0,3.989300911854104
A-bcbe98,Company_452,Cybersecurity,US,2024-07-29,other,Enterprise,46,False,False,S-8eb955,2024-08-09,,874,10488,False,False,monthly,True,62.0,5.0,7.0,3.989300911854104
A-bcbe98,Company_452,Cybersecurity,US,2024-07-29,other,Enterprise,46,False,False,S-e964b6,2024-12-30,,874,10488,False,False,monthly,True,53.0,2.0,7.0,3.989300911854104
A-bcbe98,Company_452,Cybersecurity,US,2024-07-29,other,Enterprise,46,False,False,S-7ab68f,2024-09-18,,0,0,False,False,annual,True,86.0,2.0,7.0,3.989300911854104
A-bcbe98,Company_452,Cybersecurity,US,2024-07-29,other,Enterprise,46,False,False,S-6709f4,2024-12-06,,874,10488,False,False,monthly,False,43.0,1.0,7.0,3.989300911854104
A-bcbe98,Company_452,Cybersecurity,US,2024-07-29,other,Enterprise,46,False,False,S-4dfd17,2024-07-29,,874,10488,True,True,monthly,True,51.0,4.0,7.0,3.989300911854104
A-bcbe98,Company_452,Cybersecurity,US,2024-07-29,other,Enterprise,46,False,False,S-17bbdd,2024-11-18,,2254,27048,False,False,annual,True,24.0,4.0,7.0,3.989300911854104
A-bcbe98,Company_452,Cybersecurity,US,2024-07-29,other,Enterprise,46,False,False,S-7889d9,2024-08-09,,2254,27048,False,False,annual,True,79.0,7.0,7.0,3.989300911854104
A-427b69,Company_453,FinTech,US,2024-08-23,other,Basic,17,False,False,S-ef2a21,2024-11-28,2024-12-09,1764,21168,False,False,annual,True,46.0,7.0,2.0,3.4906382978723407
A-427b69,Company_453,FinTech,US,2024-08-23,other,Basic,17,False,False,S-5aea91,2024-11-06,,6766,81192,False,False,monthly,True,32.0,1.0,2.0,3.4906382978723407
A-427b69,Company_453,FinTech,US,2024-08-23,other,Basic,17,False,False,S-33deb8,2024-11-30,,833,9996,False,False,annual,True,127.0,9.0,2.0,3.4906382978723407
A-427b69,Company_453,FinTech,US,2024-08-23,other,Basic,17,False,False,S-b520e9,2024-09-15,,5174,62088,False,False,monthly,True,61.0,3.0,2.0,3.4906382978723407
A-427b69,Company_453,FinTech,US,2024-08-23,other,Basic,17,False,False,S-f7b517,2024-12-09,,0,0,False,False,monthly,True,55.0,0.0,2.0,3.4906382978723407
A-427b69,Company_453,FinTech,US,2024-08-23,other,Basic,17,False,False,S-5281ee,2024-09-27,,0,0,False,False,annual,False,64.0,1.0,2.0,3.4906382978723407
A-427b69,Company_453,FinTech,US,2024-08-23,other,Basic,17,False,False,S-59edf9,2024-12-16,,323,3876,False,False,monthly,False,75.0,6.0,2.0,3.4906382978723407
A-427b69,Company_453,FinTech,US,2024-08-23,other,Basic,17,False,False,S-eaf2e2,2024-10-24,,833,9996,False,False,annual,False,83.0,5.0,2.0,3.4906382978723407
A-427b69,Company_453,FinTech,US,2024-08-23,other,Basic,17,False,False,S-599207,2024-12-08,,3383,40596,False,False,annual,True,34.0,1.0,2.0,3.4906382978723407
A-427b69,Company_453,FinTech,US,2024-08-23,other,Basic,17,False,False,S-482e5b,2024-09-07,,882,10584,False,False,annual,True,121.0,3.0,2.0,3.4906382978723407
A-0be015,Company_454,FinTech,US,2024-10-15,event,Pro,19,False,False,S-c77c84,2024-12-31,,0,0,False,False,monthly,False,44.0,0.0,7.0,4.137507598784195
A-0be015,Company_454,FinTech,US,2024-10-15,event,Pro,19,False,False,S-22014f,2024-10-21,,361,4332,False,False,annual,True,84.0,2.0,7.0,4.137507598784195
A-0be015,Company_454,FinTech,US,2024-10-15,event,Pro,19,False,False,S-9bb9da,2024-12-24,,0,0,False,False,monthly,True,74.0,5.0,7.0,4.137507598784195
A-0be015,Company_454,FinTech,US,2024-10-15,event,Pro,19,False,False,S-e6571c,2024-11-03,2024-11-12,361,4332,False,False,annual,True,26.0,0.0,7.0,4.137507598784195
A-0be015,Company_454,FinTech,US,2024-10-15,event,Pro,19,False,False,S-f9a56a,2024-11-19,,456,5472,False,False,monthly,False,69.0,6.0,7.0,4.137507598784195
A-054577,Company_455,EdTech,UK,2024-04-28,ads,Basic,2,False,False,S-8a37c8,2024-12-09,,392,4704,False,False,monthly,True,78.0,3.0,1.0,4.0
A-054577,Company_455,EdTech,UK,2024-04-28,ads,Basic,2,False,False,S-056af2,2024-09-05,,14925,179100,False,False,monthly,True,34.0,2.0,1.0,4.0
A-054577,Company_455,EdTech,UK,2024-04-28,ads,Basic,2,False,False,S-a9916f,2024-05-18,,343,4116,False,False,annual,True,16.0,4.0,1.0,4.0
A-054577,Company_455,EdTech,UK,2024-04-28,ads,Basic,2,False,False,S-084e4f,2024-11-22,,475,5700,False,False,annual,False,66.0,4.0,1.0,4.0
A-054577,Company_455,EdTech,UK,2024-04-28,ads,Basic,2,False,False,S-7bebc1,2024-08-27,,456,5472,False,False,annual,True,96.0,9.0,1.0,4.0
A-054577,Company_455,EdTech,UK,2024-04-28,ads,Basic,2,False,False,S-606d6d,2024-12-01,,2786,33432,False,False,monthly,True,88.0,6.0,1.0,4.0
A-054577,Company_455,EdTech,UK,2024-04-28,ads,Basic,2,False,False,S-d9d6ac,2024-07-17,,597,7164,False,True,annual,True,79.0,2.0,1.0,4.0
A-054577,Company_455,EdTech,UK,2024-04-28,ads,Basic,2,False,False,S-d041d2,2024-12-01,,0,0,False,False,monthly,True,57.0,0.0,1.0,4.0
A-054577,Company_455,EdTech,UK,2024-04-28,ads,Basic,2,False,False,S-62c088,2024-12-09,,16915,202980,False,False,monthly,True,36.0,3.0,1.0,4.0
A-054577,Company_455,EdTech,UK,2024-04-28,ads,Basic,2,False,False,S-15cfa1,2024-05-03,,980,11760,False,False,annual,True,15.0,2.0,1.0,4.0
A-054577,Company_455,EdTech,UK,2024-04-28,ads,Basic,2,False,False,S-3f82f4,2024-08-26,,1710,20520,False,False,monthly,True,44.0,5.0,1.0,4.0
A-054577,Company_455,EdTech,UK,2024-04-28,ads,Basic,2,False,False,S-9b8167,2024-05-08,,1421,17052,False,False,monthly,True,45.0,0.0,1.0,4.0
A-054577,Company_455,EdTech,UK,2024-04-28,ads,Basic,2,False,False,S-d26bbf,2024-06-29,,1715,20580,False,False,monthly,True,25.0,2.0,1.0,4.0
A-054577,Company_455,EdTech,UK,2024-04-28,ads,Basic,2,False,False,S-3d58c6,2024-06-15,,646,7752,False,False,monthly,True,47.0,5.0,1.0,4.0
A-054577,Company_455,EdTech,UK,2024-04-28,ads,Basic,2,False,False,S-cfbb85,2024-08-06,,784,9408,True,False,monthly,False,44.0,0.0,1.0,4.0
A-054577,Company_455,EdTech,UK,2024-04-28,ads,Basic,2,False,False,S-41ea32,2024-10-22,2024-12-05,456,5472,False,False,monthly,True,63.0,5.0,1.0,4.0
A-bc87bc,Company_456,FinTech,US,2024-07-17,event,Pro,3,False,False,S-04911c,2024-12-01,2024-12-15,0,0,False,False,annual,True,43.0,3.0,7.0,3.8491185410334348
A-bc87bc,Company_456,FinTech,US,2024-07-17,event,Pro,3,False,False,S-d35d49,2024-09-11,2024-11-10,342,4104,False,False,annual,True,44.0,2.0,7.0,3.8491185410334348
A-bc87bc,Company_456,FinTech,US,2024-07-17,event,Pro,3,False,False,S-b2f3f3,2024-12-15,,152,1824,False,False,monthly,True,23.0,0.0,7.0,3.8491185410334348
A-bc87bc,Company_456,FinTech,US,2024-07-17,event,Pro,3,False,False,S-ad8055,2024-11-07,,597,7164,False,False,monthly,True,119.0,6.0,7.0,3.8491185410334348
A-bc87bc,Company_456,FinTech,US,2024-07-17,event,Pro,3,False,False,S-67965d,2024-12-07,,147,1764,False,False,annual,True,70.0,0.0,7.0,3.8491185410334348
A-bc87bc,Company_456,FinTech,US,2024-07-17,event,Pro,3,False,False,S-05553e,2024-11-26,,6169,74028,False,False,annual,True,19.0,0.0,7.0,3.8491185410334348
A-bc87bc,Company_456,FinTech,US,2024-07-17,event,Pro,3,False,False,S-c84ce4,2024-11-06,,4378,52536,False,False,monthly,True,29.0,1.0,7.0,3.8491185410334348
A-bc87bc,Company_456,FinTech,US,2024-07-17,event,Pro,3,False,False,S-8ed780,2024-12-09,,247,2964,False,False,monthly,True,47.0,2.0,7.0,3.8491185410334348
A-0f7d77,Company_457,FinTech,IN,2024-10-28,partner,Pro,3,False,False,S-c10f0c,2024-11-11,,114,1368,False,False,monthly,False,43.0,8.0,5.0,4.388765957446809
A-0f7d77,Company_457,FinTech,IN,2024-10-28,partner,Pro,3,False,False,S-1131ff,2024-12-01,2024-12-31,0,0,False,False,monthly,True,46.0,3.0,5.0,4.388765957446809
A-0f7d77,Company_457,FinTech,IN,2024-10-28,partner,Pro,3,False,False,S-126e7e,2024-12-21,,1393,16716,False,False,monthly,False,50.0,4.0,5.0,4.388765957446809
A-0f7d77,Company_457,FinTech,IN,2024-10-28,partner,Pro,3,False,False,S-4793bb,2024-12-08,,147,1764,False,False,annual,False,52.0,3.0,5.0,4.388765957446809
A-0f7d77,Company_457,FinTech,IN,2024-10-28,partner,Pro,3,False,False,S-47048b,2024-12-31,,133,1596,False,False,annual,True,50.0,0.0,5.0,4.388765957446809
A-0f7d77,Company_457,FinTech,IN,2024-10-28,partner,Pro,3,False,False,S-e9b437,2024-11-30,,539,6468,False,False,monthly,True,57.0,1.0,5.0,4.388765957446809
A-e7beab,Company_458,EdTech,DE,2023-10-20,organic,Enterprise,5,False,False,S-518472,2024-12-08,,931,11172,False,False,monthly,True,33.0,0.0,6.0,3.993758865248227
A-e7beab,Company_458,EdTech,DE,2023-10-20,organic,Enterprise,5,False,False,S-8ff318,2024-12-23,2024-12-29,245,2940,False,False,monthly,True,71.0,2.0,6.0,3.993758865248227
A-e7beab,Company_458,EdTech,DE,2023-10-20,organic,Enterprise,5,False,False,S-6ba608,2023-12-15,,2189,26268,False,False,monthly,True,72.0,2.0,6.0,3.993758865248227
A-e7beab,Company_458,EdTech,DE,2023-10-20,organic,Enterprise,5,False,False,S-05be05,2024-03-16,2024-05-30,995,11940,False,False,annual,True,45.0,1.0,6.0,3.993758865248227
A-e7beab,Company_458,EdTech,DE,2023-10-20,organic,Enterprise,5,False,False,S-dc28c6,2024-01-05,,0,0,False,False,monthly,True,43.0,4.0,6.0,3.993758865248227
A-e7beab,Company_458,EdTech,DE,2023-10-20,organic,Enterprise,5,False,False,S-363c29,2023-10-23,2024-08-21,4179,50148,False,False,annual,True,67.0,7.0,6.0,3.993758865248227
A-e7beab,Company_458,EdTech,DE,2023-10-20,organic,Enterprise,5,False,False,S-b8a3b6,2024-07-24,,2793,33516,False,False,annual,True,42.0,1.0,6.0,3.993758865248227
A-a09355,Company_459,FinTech,US,2024-08-10,organic,Basic,14,False,False,S-dccf50,2024-11-28,,4577,54924,False,False,annual,False,73.0,6.0,5.0,3.9925106382978726
A-a09355,Company_459,FinTech,US,2024-08-10,organic,Basic,14,False,False,S-36ad61,2024-10-19,,686,8232,False,False,monthly,True,33.0,0.0,5.0,3.9925106382978726
A-a09355,Company_459,FinTech,US,2024-08-10,organic,Basic,14,False,False,S-2bbf5c,2024-10-17,,2786,33432,False,False,annual,True,63.0,1.0,5.0,3.9925106382978726
A-a09355,Company_459,FinTech,US,2024-08-10,organic,Basic,14,False,False,S-632bba,2024-09-24,,735,8820,False,False,monthly,True,34.0,2.0,5.0,3.9925106382978726
A-a09355,Company_459,FinTech,US,2024-08-10,organic,Basic,14,False,False,S-0b62cc,2024-11-11,,3383,40596,False,False,monthly,True,19.0,5.0,5.0,3.9925106382978726
A-a09355,Company_459,FinTech,US,2024-08-10,organic,Basic,14,False,False,S-01afa4,2024-12-05,,2786,33432,False,True,annual,True,44.0,1.0,5.0,3.9925106382978726
A-a09355,Company_459,FinTech,US,2024-08-10,organic,Basic,14,False,False,S-6bbf29,2024-08-22,,266,3192,False,False,annual,True,18.0,3.0,5.0,3.9925106382978726
A-a09355,Company_459,FinTech,US,2024-08-10,organic,Basic,14,False,False,S-722103,2024-10-27,,0,0,False,False,monthly,True,95.0,5.0,5.0,3.9925106382978726
A-a09355,Company_459,FinTech,US,2024-08-10,organic,Basic,14,False,False,S-525864,2024-12-29,,686,8232,False,False,monthly,True,47.0,1.0,5.0,3.9925106382978726
A-a09355,Company_459,FinTech,US,2024-08-10,organic,Basic,14,False,False,S-ef83b4,2024-11-04,,6567,78804,False,False,monthly,True,32.0,0.0,5.0,3.9925106382978726
A-a09355,Company_459,FinTech,US,2024-08-10,organic,Basic,14,False,False,S-c6e62c,2024-10-21,,2786,33432,False,False,annual,True,57.0,6.0,5.0,3.9925106382978726
A-a09355,Company_459,FinTech,US,2024-08-10,organic,Basic,14,False,False,S-5879cf,2024-09-02,,5970,71640,False,False,monthly,True,42.0,4.0,5.0,3.9925106382978726
A-a09355,Company_459,FinTech,US,2024-08-10,organic,Basic,14,False,False,S-975ee4,2024-11-18,2024-11-24,686,8232,False,False,annual,False,52.0,5.0,5.0,3.9925106382978726
A-a09355,Company_459,FinTech,US,2024-08-10,organic,Basic,14,False,False,S-57bbae,2024-11-05,,686,8232,False,False,monthly,True,72.0,1.0,5.0,3.9925106382978726
A-a09355,Company_459,FinTech,US,2024-08-10,organic,Basic,14,False,False,S-f3e5f9,2024-12-09,,1274,15288,False,False,monthly,True,58.0,2.0,5.0,3.9925106382978726
A-a09355,Company_459,FinTech,US,2024-08-10,organic,Basic,14,False,False,S-532502,2024-11-14,,266,3192,False,False,monthly,True,49.0,5.0,5.0,3.9925106382978726
A-31ab9a,Company_460,FinTech,DE,2024-03-03,organic,Pro,3,False,False,S-12bfc8,2024-12-06,,5771,69252,False,False,monthly,False,60.0,0.0,7.0,3.706261398176292
A-31ab9a,Company_460,FinTech,DE,2024-03-03,organic,Pro,3,False,False,S-d33d84,2024-04-01,,597,7164,False,False,annual,True,29.0,0.0,7.0,3.706261398176292
A-31ab9a,Company_460,FinTech,DE,2024-03-03,organic,Pro,3,False,False,S-a68d25,2024-03-23,,285,3420,False,False,monthly,True,45.0,4.0,7.0,3.706261398176292
A-31ab9a,Company_460,FinTech,DE,2024-03-03,organic,Pro,3,False,False,S-c5cee8,2024-04-23,,3577,42924,False,False,monthly,True,36.0,4.0,7.0,3.706261398176292
A-31ab9a,Company_460,FinTech,DE,2024-03-03,organic,Pro,3,False,False,S-040f03,2024-10-26,,2786,33432,False,False,annual,True,27.0,3.0,7.0,3.706261398176292
A-31ab9a,Company_460,FinTech,DE,2024-03-03,organic,Pro,3,False,False,S-d0c339,2024-08-29,,0,0,False,False,annual,True,69.0,5.0,7.0,3.706261398176292
A-31ab9a,Company_460,FinTech,DE,2024-03-03,organic,Pro,3,False,False,S-08c8e1,2024-12-10,,2786,33432,False,False,monthly,True,74.0,7.0,7.0,3.706261398176292
A-0158bb,Company_461,FinTech,DE,2024-05-22,partner,Basic,5,False,False,S-3fe1c3,2024-10-23,,0,0,False,False,monthly,True,66.0,2.0,1.0,3.0
A-0158bb,Company_461,FinTech,DE,2024-05-22,partner,Basic,5,False,False,S-fb9972,2024-12-31,,2205,26460,True,False,annual,True,97.0,6.0,1.0,3.0
A-0158bb,Company_461,FinTech,DE,2024-05-22,partner,Basic,5,False,False,S-ba69a4,2024-05-30,,0,0,False,False,monthly,True,38.0,6.0,1.0,3.0
A-0158bb,Company_461,FinTech,DE,2024-05-22,partner,Basic,5,False,False,S-e05ab8,2024-12-10,,1029,12348,False,False,monthly,True,13.0,3.0,1.0,3.0
A-0158bb,Company_461,FinTech,DE,2024-05-22,partner,Basic,5,False,False,S-b12284,2024-06-29,,171,2052,False,False,annual,False,61.0,1.0,1.0,3.0
A-0158bb,Company_461,FinTech,DE,2024-05-22,partner,Basic,5,False,False,S-66f0d0,2024-06-28,,665,7980,False,False,monthly,True,89.0,4.0,1.0,3.0
A-f19b24,Company_462,Cybersecurity,US,2023-01-10,organic,Pro,29,True,False,S-31ac79,2024-12-01,,551,6612,False,False,monthly,True,63.0,5.0,2.0,3.9906382978723407
A-f19b24,Company_462,Cybersecurity,US,2023-01-10,organic,Pro,29,True,False,S-496c1e,2024-08-20,,551,6612,False,False,annual,True,21.0,0.0,2.0,3.9906382978723407
A-f19b24,Company_462,Cybersecurity,US,2023-01-10,organic,Pro,29,True,False,S-f093d0,2024-03-17,,1421,17052,False,False,monthly,True,35.0,5.0,2.0,3.9906382978723407
A-798a3f,Company_463,DevTools,FR,2023-10-19,other,Enterprise,12,False,True,S-c55cbb,2024-09-11,,0,0,False,False,monthly,True,26.0,3.0,5.0,3.9925106382978726
A-798a3f,Company_463,DevTools,FR,2023-10-19,other,Enterprise,12,False,True,S-d32fbc,2024-07-01,,228,2736,False,False,monthly,True,48.0,4.0,5.0,3.9925106382978726
A-798a3f,Company_463,DevTools,FR,2023-10-19,other,Enterprise,12,False,True,S-bff540,2024-05-06,,2388,28656,False,False,monthly,True,30.0,3.0,5.0,3.9925106382978726
A-798a3f,Company_463,DevTools,FR,2023-10-19,other,Enterprise,12,False,True,S-25ff39,2024-03-24,,798,9576,False,False,annual,True,19.0,2.0,5.0,3.9925106382978726
A-798a3f,Company_463,DevTools,FR,2023-10-19,other,Enterprise,12,False,True,S-8cfc1b,2024-08-14,,5174,62088,False,False,annual,True,44.0,1.0,5.0,3.9925106382978726
A-798a3f,Company_463,DevTools,FR,2023-10-19,other,Enterprise,12,False,True,S-af4e84,2023-12-25,,2388,28656,False,False,annual,False,45.0,2.0,5.0,3.9925106382978726
A-798a3f,Company_463,DevTools,FR,2023-10-19,other,Enterprise,12,False,True,S-0c5771,2024-02-24,2024-11-10,0,0,False,False,annual,True,73.0,3.0,5.0,3.9925106382978726
A-798a3f,Company_463,DevTools,FR,2023-10-19,other,Enterprise,12,False,True,S-bb7eef,2023-12-26,2024-04-24,589,7068,True,False,annual,True,38.0,0.0,5.0,3.9925106382978726
A-798a3f,Company_463,DevTools,FR,2023-10-19,other,Enterprise,12,False,True,S-4b9226,2024-10-11,,2587,31044,False,False,monthly,False,29.0,1.0,5.0,3.9925106382978726
A-42b791,Company_464,FinTech,AU,2024-05-20,event,Pro,3,False,False,S-62a710,2024-11-07,,1078,12936,False,False,annual,True,36.0,0.0,3.0,3.993758865248227
A-42b791,Company_464,FinTech,AU,2024-05-20,event,Pro,3,False,False,S-381420,2024-10-25,2024-11-25,513,6156,False,False,monthly,True,50.0,2.0,3.0,3.993758865248227
A-42b791,Company_464,FinTech,AU,2024-05-20,event,Pro,3,False,False,S-d224a1,2024-06-11,,1421,17052,False,False,monthly,True,51.0,2.0,3.0,3.993758865248227
A-42b791,Company_464,FinTech,AU,2024-05-20,event,Pro,3,False,False,S-a0abcf,2024-12-11,,686,8232,False,False,annual,False,34.0,0.0,3.0,3.993758865248227
A-42b791,Company_464,FinTech,AU,2024-05-20,event,Pro,3,False,False,S-c58d66,2024-11-06,,57,684,False,False,monthly,True,42.0,0.0,3.0,3.993758865248227
A-42b791,Company_464,FinTech,AU,2024-05-20,event,Pro,3,False,False,S-1dbbc2,2024-12-30,,380,4560,False,False,monthly,False,17.0,0.0,3.0,3.993758865248227
A-42b791,Company_464,FinTech,AU,2024-05-20,event,Pro,3,False,False,S-817e4b,2024-10-08,,14925,179100,False,False,annual,False,82.0,2.0,3.0,3.993758865248227
A-068fc6,Company_465,EdTech,US,2023-07-17,event,Enterprise,35,False,False,S-80632f,2024-07-06,,1715,20580,False,False,monthly,False,19.0,0.0,5.0,4.192510638297873
A-068fc6,Company_465,EdTech,US,2023-07-17,event,Enterprise,35,False,False,S-3199cf,2024-07-20,,1715,20580,False,False,monthly,True,72.0,5.0,5.0,4.192510638297873
A-068fc6,Company_465,EdTech,US,2023-07-17,event,Enterprise,35,False,False,S-03a5b0,2024-07-13,,6965,83580,False,False,monthly,True,45.0,0.0,5.0,4.192510638297873
A-068fc6,Company_465,EdTech,US,2023-07-17,event,Enterprise,35,False,False,S-2ec763,2024-12-03,,1715,20580,False,False,monthly,True,98.0,6.0,5.0,4.192510638297873
A-068fc6,Company_465,EdTech,US,2023-07-17,event,Enterprise,35,False,False,S-d747bc,2024-03-17,,665,7980,True,False,monthly,True,35.0,0.0,5.0,4.192510638297873
A-068fc6,Company_465,EdTech,US,2023-07-17,event,Enterprise,35,False,False,S-76767f,2023-10-28,,1715,20580,False,False,monthly,True,65.0,3.0,5.0,4.192510638297873
A-068fc6,Company_465,EdTech,US,2023-07-17,event,Enterprise,35,False,False,S-4b75c6,2024-04-13,,6965,83580,False,False,annual,True,69.0,4.0,5.0,4.192510638297873
A-068fc6,Company_465,EdTech,US,2023-07-17,event,Enterprise,35,False,False,S-4690b3,2024-12-16,2024-12-25,6965,83580,False,False,monthly,True,98.0,6.0,5.0,4.192510638297873
A-068fc6,Company_465,EdTech,US,2023-07-17,event,Enterprise,35,False,False,S-6d6bde,2024-10-14,,665,7980,False,False,monthly,True,56.0,2.0,5.0,4.192510638297873
A-068fc6,Company_465,EdTech,US,2023-07-17,event,Enterprise,35,False,False,S-07c0da,2024-01-02,,0,0,False,False,annual,True,41.0,3.0,5.0,4.192510638297873
A-6f50ae,Company_466,FinTech,US,2023-09-21,partner,Pro,19,False,True,S-d3613b,2023-11-27,,0,0,False,False,monthly,True,65.0,7.0,5.0,4.396255319148937
A-6f50ae,Company_466,FinTech,US,2023-09-21,partner,Pro,19,False,True,S-c03f87,2024-01-05,,3781,45372,False,False,annual,True,27.0,0.0,5.0,4.396255319148937
A-6f50ae,Company_466,FinTech,US,2023-09-21,partner,Pro,19,False,True,S-b6793d,2024-07-19,,1078,12936,False,False,annual,False,44.0,3.0,5.0,4.396255319148937
A-6f50ae,Company_466,FinTech,US,2023-09-21,partner,Pro,19,False,True,S-491caf,2024-03-24,,361,4332,False,True,annual,False,57.0,1.0,5.0,4.396255319148937
A-6f50ae,Company_466,FinTech,US,2023-09-21,partner,Pro,19,False,True,S-3ad221,2023-11-11,,361,4332,False,False,monthly,True,79.0,7.0,5.0,4.396255319148937
A-6f50ae,Company_466,FinTech,US,2023-09-21,partner,Pro,19,False,True,S-c27df9,2024-04-05,,0,0,False,False,monthly,True,47.0,2.0,5.0,4.396255319148937
A-6f50ae,Company_466,FinTech,US,2023-09-21,partner,Pro,19,False,True,S-2245c0,2024-11-19,,3781,45372,False,False,monthly,True,81.0,2.0,5.0,4.396255319148937
A-6f50ae,Company_466,FinTech,US,2023-09-21,partner,Pro,19,False,True,S-9c4090,2024-05-01,,361,4332,False,False,annual,False,13.0,3.0,5.0,4.396255319148937
A-6f50ae,Company_466,FinTech,US,2023-09-21,partner,Pro,19,False,True,S-4040a9,2024-05-14,,931,11172,False,False,monthly,False,73.0,5.0,5.0,4.396255319148937
A-6f50ae,Company_466,FinTech,US,2023-09-21,partner,Pro,19,False,True,S-3f00dc,2024-09-02,,931,11172,False,False,annual,True,62.0,8.0,5.0,4.396255319148937
A-6f50ae,Company_466,FinTech,US,2023-09-21,partner,Pro,19,False,True,S-f0c3f6,2024-06-16,,9950,119400,False,False,annual,True,47.0,1.0,5.0,4.396255319148937
A-6f50ae,Company_466,FinTech,US,2023-09-21,partner,Pro,19,False,True,S-01fa46,2024-01-08,,361,4332,False,False,annual,False,65.0,3.0,5.0,4.396255319148937
A-6f50ae,Company_466,FinTech,US,2023-09-21,partner,Pro,19,False,True,S-58b22d,2024-12-31,,3781,45372,False,False,monthly,True,81.0,1.0,5.0,4.396255319148937
A-6f50ae,Company_466,FinTech,US,2023-09-21,partner,Pro,19,False,True,S-d50d25,2024-07-13,,931,11172,False,False,annual,True,70.0,5.0,5.0,4.396255319148937
A-a2485e,Company_467,FinTech,US,2024-08-04,event,Pro,3,True,False,S-1109d6,2024-08-11,,597,7164,False,True,annual,True,48.0,3.0,0.0,3.981276595744681
A-a2485e,Company_467,FinTech,US,2024-08-04,event,Pro,3,True,False,S-5c8af8,2024-11-05,,490,5880,False,False,monthly,True,38.0,3.0,0.0,3.981276595744681
A-a2485e,Company_467,FinTech,US,2024-08-04,event,Pro,3,True,False,S-132103,2024-08-08,,441,5292,False,False,monthly,True,78.0,1.0,0.0,3.981276595744681
A-a2485e,Company_467,FinTech,US,2024-08-04,event,Pro,3,True,False,S-70c743,2024-08-17,,3332,39984,False,False,annual,False,41.0,2.0,0.0,3.981276595744681
A-a2485e,Company_467,FinTech,US,2024-08-04,event,Pro,3,True,False,S-7277c8,2024-11-16,,532,6384,False,False,annual,False,72.0,1.0,0.0,3.981276595744681
A-a2485e,Company_467,FinTech,US,2024-08-04,event,Pro,3,True,False,S-2c3b6d,2024-12-05,,3383,40596,False,False,annual,True,40.0,3.0,0.0,3.981276595744681
A-bb1eaa,Company_468,Cybersecurity,US,2024-06-11,organic,Basic,21,False,False,S-0a15fa,2024-12-12,,1225,14700,False,False,annual,True,41.0,0.0,6.0,4.15418439716312
A-bb1eaa,Company_468,Cybersecurity,US,2024-06-11,organic,Basic,21,False,False,S-dea1f5,2024-07-14,,399,4788,False,True,annual,True,39.0,2.0,6.0,4.15418439716312
A-bb1eaa,Company_468,Cybersecurity,US,2024-06-11,organic,Basic,21,False,False,S-843a53,2024-09-11,,4179,50148,False,False,annual,True,15.0,0.0,6.0,4.15418439716312
A-bb1eaa,Company_468,Cybersecurity,US,2024-06-11,organic,Basic,21,False,False,S-c95ecc,2024-06-30,,4179,50148,False,False,monthly,True,36.0,2.0,6.0,4.15418439716312
A-bb1eaa,Company_468,Cybersecurity,US,2024-06-11,organic,Basic,21,False,False,S-f40285,2024-07-28,,399,4788,False,False,monthly,True,33.0,3.0,6.0,4.15418439716312
A-cc98bc,Company_469,DevTools,US,2023-05-24,ads,Basic,32,False,False,S-e23fd8,2023-06-05,,0,0,False,False,annual,True,80.0,2.0,3.0,3.9875177304964544
A-cc98bc,Company_469,DevTools,US,2023-05-24,ads,Basic,32,False,False,S-712e04,2024-09-20,,0,0,False,False,monthly,True,100.0,4.0,3.0,3.9875177304964544
A-cc98bc,Company_469,DevTools,US,2023-05-24,ads,Basic,32,False,False,S-b9d674,2023-07-09,,6368,76416,False,False,monthly,True,76.0,2.0,3.0,3.9875177304964544
A-cc98bc,Company_469,DevTools,US,2023-05-24,ads,Basic,32,False,False,S-0e057d,2023-06-27,,2793,33516,False,False,annual,True,49.0,0.0,3.0,3.9875177304964544
A-cc98bc,Company_469,DevTools,US,2023-05-24,ads,Basic,32,False,False,S-8ba974,2024-07-03,2024-08-23,1568,18816,False,False,annual,True,40.0,1.0,3.0,3.9875177304964544
A-cc98bc,Company_469,DevTools,US,2023-05-24,ads,Basic,32,False,False,S-d64a4e,2023-10-24,,608,7296,False,False,monthly,True,31.0,0.0,3.0,3.9875177304964544
A-cc98bc,Company_469,DevTools,US,2023-05-24,ads,Basic,32,False,False,S-c249fb,2023-12-25,,608,7296,False,False,monthly,True,38.0,3.0,3.0,3.9875177304964544
A-cc98bc,Company_469,DevTools,US,2023-05-24,ads,Basic,32,False,False,S-a1426b,2023-12-31,,608,7296,False,False,annual,False,35.0,1.0,3.0,3.9875177304964544
A-cc98bc,Company_469,DevTools,US,2023-05-24,ads,Basic,32,False,False,S-576519,2023-05-27,,6368,76416,False,False,monthly,True,56.0,6.0,3.0,3.9875177304964544
A-cc98bc,Company_469,DevTools,US,2023-05-24,ads,Basic,32,False,False,S-30008c,2024-05-26,,2646,31752,True,False,annual,True,46.0,5.0,3.0,3.9875177304964544
A-d77f4c,Company_470,DevTools,US,2023-09-25,partner,Pro,4,True,False,S-cf6ec1,2024-08-04,,4378,52536,True,False,monthly,False,43.0,0.0,2.0,4.0
A-d77f4c,Company_470,DevTools,US,2023-09-25,partner,Pro,4,True,False,S-851bbe,2024-04-22,,18706,224472,True,False,annual,True,32.0,0.0,2.0,4.0
A-d77f4c,Company_470,DevTools,US,2023-09-25,partner,Pro,4,True,False,S-702fe2,2024-03-27,,2189,26268,False,False,monthly,True,18.0,0.0,2.0,4.0
A-d77f4c,Company_470,DevTools,US,2023-09-25,partner,Pro,4,True,False,S-da0fb6,2024-07-04,,10945,131340,False,False,monthly,True,30.0,1.0,2.0,4.0
A-d77f4c,Company_470,DevTools,US,2023-09-25,partner,Pro,4,True,False,S-c97604,2024-05-04,,2587,31044,False,False,annual,True,44.0,5.0,2.0,4.0
A-d77f4c,Company_470,DevTools,US,2023-09-25,partner,Pro,4,True,False,S-5bc71c,2023-10-24,2024-02-19,152,1824,False,False,monthly,True,39.0,3.0,2.0,4.0
A-d77f4c,Company_470,DevTools,US,2023-09-25,partner,Pro,4,True,False,S-0d4d11,2023-11-10,,0,0,False,True,monthly,True,72.0,9.0,2.0,4.0
A-d77f4c,Company_470,DevTools,US,2023-09-25,partner,Pro,4,True,False,S-e32b16,2024-11-20,,5771,69252,False,False,annual,True,70.0,6.0,2.0,4.0
A-d77f4c,Company_470,DevTools,US,2023-09-25,partner,Pro,4,True,False,S-3473af,2024-10-10,,152,1824,True,False,monthly,True,65.0,0.0,2.0,4.0
A-d77f4c,Company_470,DevTools,US,2023-09-25,partner,Pro,4,True,False,S-e81358,2024-02-29,,1421,17052,False,False,annual,True,28.0,0.0,2.0,4.0
A-d77f4c,Company_470,DevTools,US,2023-09-25,partner,Pro,4,True,False,S-d82234,2024-12-17,2024-12-18,196,2352,True,False,annual,True,66.0,5.0,2.0,4.0
A-d77f4c,Company_470,DevTools,US,2023-09-25,partner,Pro,4,True,False,S-5798f3,2024-07-21,,343,4116,False,False,monthly,False,45.0,0.0,2.0,4.0
A-d77f4c,Company_470,DevTools,US,2023-09-25,partner,Pro,4,True,False,S-1877a6,2024-03-31,,294,3528,False,False,monthly,True,48.0,3.0,2.0,4.0
A-d77f4c,Company_470,DevTools,US,2023-09-25,partner,Pro,4,True,False,S-b805b2,2024-04-13,,1592,19104,False,False,annual,False,17.0,0.0,2.0,4.0
A-ccabf0,Company_471,HealthTech,IN,2023-11-06,organic,Pro,1,False,False,S-163e9d,2024-03-03,,2189,26268,False,False,annual,True,8.0,0.0,4.0,3.7453191489361704
A-ccabf0,Company_471,HealthTech,IN,2023-11-06,organic,Pro,1,False,False,S-d449e1,2024-10-15,2024-11-06,0,0,False,False,annual,True,42.0,0.0,4.0,3.7453191489361704
A-ccabf0,Company_471,HealthTech,IN,2023-11-06,organic,Pro,1,False,False,S-db3856,2023-11-18,,1029,12348,False,False,annual,True,40.0,1.0,4.0,3.7453191489361704
A-ccabf0,Company_471,HealthTech,IN,2023-11-06,organic,Pro,1,False,False,S-fc155b,2024-09-09,,199,2388,False,False,annual,True,72.0,3.0,4.0,3.7453191489361704
A-ccabf0,Company_471,HealthTech,IN,2023-11-06,organic,Pro,1,False,False,S-aef80b,2024-01-05,,2587,31044,False,False,annual,True,86.0,5.0,4.0,3.7453191489361704
A-ccabf0,Company_471,HealthTech,IN,2023-11-06,organic,Pro,1,False,False,S-cd79c0,2023-11-07,,3184,38208,False,False,monthly,True,93.0,2.0,4.0,3.7453191489361704
A-ccabf0,Company_471,HealthTech,IN,2023-11-06,organic,Pro,1,False,False,S-477a57,2023-11-29,,11741,140892,False,False,monthly,True,10.0,1.0,4.0,3.7453191489361704
A-ccabf0,Company_471,HealthTech,IN,2023-11-06,organic,Pro,1,False,False,S-9b08ae,2023-12-29,,1029,12348,False,False,monthly,True,66.0,7.0,4.0,3.7453191489361704
A-ccabf0,Company_471,HealthTech,IN,2023-11-06,organic,Pro,1,False,False,S-5a3412,2024-05-21,,323,3876,False,False,annual,False,41.0,5.0,4.0,3.7453191489361704
A-ccabf0,Company_471,HealthTech,IN,2023-11-06,organic,Pro,1,False,False,S-c1f160,2024-07-14,2024-12-04,98,1176,False,True,annual,True,48.0,5.0,4.0,3.7453191489361704
A-700ade,Company_472,Cybersecurity,UK,2024-10-31,organic,Enterprise,1,True,False,S-1e15d1,2024-11-17,2024-12-31,1225,14700,False,False,annual,True,56.0,6.0,4.0,4.49531914893617
A-700ade,Company_472,Cybersecurity,UK,2024-10-31,organic,Enterprise,1,True,False,S-15a8c0,2024-12-29,,950,11400,False,False,monthly,False,19.0,0.0,4.0,4.49531914893617
A-700ade,Company_472,Cybersecurity,UK,2024-10-31,organic,Enterprise,1,True,False,S-2aad81,2024-11-25,,133,1596,False,False,annual,True,13.0,0.0,4.0,4.49531914893617
A-700ade,Company_472,Cybersecurity,UK,2024-10-31,organic,Enterprise,1,True,False,S-0d86a4,2024-11-11,,588,7056,False,False,monthly,False,16.0,0.0,4.0,4.49531914893617
A-700ade,Company_472,Cybersecurity,UK,2024-10-31,organic,Enterprise,1,True,False,S-0f7a92,2024-12-23,,49,588,False,False,monthly,False,32.0,5.0,4.0,4.49531914893617
A-700ade,Company_472,Cybersecurity,UK,2024-10-31,organic,Enterprise,1,True,False,S-788739,2024-11-07,,2587,31044,False,False,monthly,True,49.0,4.0,4.0,4.49531914893617
A-700ade,Company_472,Cybersecurity,UK,2024-10-31,organic,Enterprise,1,True,False,S-e27e43,2024-11-19,,9552,114624,False,False,monthly,True,49.0,1.0,4.0,4.49531914893617
A-700ade,Company_472,Cybersecurity,UK,2024-10-31,organic,Enterprise,1,True,False,S-aadf83,2024-11-20,2024-12-04,1791,21492,False,False,annual,True,50.0,2.0,4.0,4.49531914893617
A-4a4c2d,Company_473,DevTools,US,2023-05-02,event,Enterprise,54,False,False,S-7262b9,2024-10-03,,1026,12312,False,False,monthly,True,27.0,0.0,5.0,4.1962553191489365
A-4a4c2d,Company_473,DevTools,US,2023-05-02,event,Enterprise,54,False,False,S-f6b264,2024-02-02,,2646,31752,False,False,monthly,False,103.0,0.0,5.0,4.1962553191489365
A-4a4c2d,Company_473,DevTools,US,2023-05-02,event,Enterprise,54,False,False,S-0abdec,2023-07-14,,1026,12312,False,False,monthly,True,35.0,0.0,5.0,4.1962553191489365
A-4a4c2d,Company_473,DevTools,US,2023-05-02,event,Enterprise,54,False,False,S-1b524a,2023-08-11,,1026,12312,False,True,annual,True,21.0,2.0,5.0,4.1962553191489365
A-4a4c2d,Company_473,DevTools,US,2023-05-02,event,Enterprise,54,False,False,S-e50f43,2023-09-20,,10746,128952,False,False,annual,True,48.0,2.0,5.0,4.1962553191489365
A-4a4c2d,Company_473,DevTools,US,2023-05-02,event,Enterprise,54,False,False,S-ce6528,2023-07-04,,1026,12312,False,False,annual,True,53.0,0.0,5.0,4.1962553191489365
A-4a4c2d,Company_473,DevTools,US,2023-05-02,event,Enterprise,54,False,False,S-e267d1,2023-12-25,,10746,128952,False,False,annual,False,66.0,7.0,5.0,4.1962553191489365
A-4a4c2d,Company_473,DevTools,US,2023-05-02,event,Enterprise,54,False,False,S-6cf058,2024-02-23,,0,0,False,False,monthly,True,16.0,5.0,5.0,4.1962553191489365
A-4a4c2d,Company_473,DevTools,US,2023-05-02,event,Enterprise,54,False,False,S-e7de53,2024-07-08,,1026,12312,False,False,monthly,True,50.0,4.0,5.0,4.1962553191489365
A-4a4c2d,Company_473,DevTools,US,2023-05-02,event,Enterprise,54,False,False,S-86bcda,2024-09-18,,1026,12312,True,False,monthly,False,19.0,0.0,5.0,4.1962553191489365
A-4a4c2d,Company_473,DevTools,US,2023-05-02,event,Enterprise,54,False,False,S-79535e,2024-12-11,,2646,31752,False,False,monthly,True,40.0,7.0,5.0,4.1962553191489365
A-4a4c2d,Company_473,DevTools,US,2023-05-02,event,Enterprise,54,False,False,S-e133a5,2023-07-03,2024-01-25,1026,12312,False,False,monthly,True,33.0,5.0,5.0,4.1962553191489365
A-4a4c2d,Company_473,DevTools,US,2023-05-02,event,Enterprise,54,False,False,S-155934,2024-04-16,,0,0,False,False,annual,True,76.0,5.0,5.0,4.1962553191489365
A-b7ef83,Company_474,Cybersecurity,UK,2024-05-29,partner,Pro,1,True,False,S-b21a0b,2024-10-29,,833,9996,False,False,monthly,True,68.0,8.0,2.0,3.9906382978723407
A-b7ef83,Company_474,Cybersecurity,UK,2024-05-29,partner,Pro,1,True,False,S-f60667,2024-09-18,,995,11940,True,False,annual,True,76.0,2.0,2.0,3.9906382978723407
A-b7ef83,Company_474,Cybersecurity,UK,2024-05-29,partner,Pro,1,True,False,S-5c631b,2024-07-01,,5174,62088,False,False,annual,False,33.0,2.0,2.0,3.9906382978723407
A-b7ef83,Company_474,Cybersecurity,UK,2024-05-29,partner,Pro,1,True,False,S-557f3e,2024-06-20,,2587,31044,False,False,annual,True,45.0,0.0,2.0,3.9906382978723407
A-b7ef83,Company_474,Cybersecurity,UK,2024-05-29,partner,Pro,1,True,False,S-491216,2024-09-16,,1519,18228,False,False,annual,True,59.0,7.0,2.0,3.9906382978723407
A-b7ef83,Company_474,Cybersecurity,UK,2024-05-29,partner,Pro,1,True,False,S-673c51,2024-09-14,,1791,21492,False,False,monthly,False,30.0,0.0,2.0,3.9906382978723407
A-b7ef83,Company_474,Cybersecurity,UK,2024-05-29,partner,Pro,1,True,False,S-374be8,2024-06-12,,437,5244,False,False,annual,False,53.0,3.0,2.0,3.9906382978723407
A-b7ef83,Company_474,Cybersecurity,UK,2024-05-29,partner,Pro,1,True,False,S-765100,2024-06-29,,817,9804,False,False,monthly,True,46.0,2.0,2.0,3.9906382978723407
A-b7ef83,Company_474,Cybersecurity,UK,2024-05-29,partner,Pro,1,True,False,S-07734f,2024-11-20,,152,1824,False,False,annual,True,67.0,3.0,2.0,3.9906382978723407
A-b7ef83,Company_474,Cybersecurity,UK,2024-05-29,partner,Pro,1,True,False,S-31178d,2024-06-29,,1274,15288,False,False,annual,True,22.0,2.0,2.0,3.9906382978723407
A-b7ef83,Company_474,Cybersecurity,UK,2024-05-29,partner,Pro,1,True,False,S-f0081e,2024-12-06,2024-12-10,8955,107460,False,False,monthly,True,43.0,3.0,2.0,3.9906382978723407
A-b7ef83,Company_474,Cybersecurity,UK,2024-05-29,partner,Pro,1,True,False,S-e73cdf,2024-11-08,,8756,105072,False,False,annual,False,50.0,2.0,2.0,3.9906382978723407
A-b7ef83,Company_474,Cybersecurity,UK,2024-05-29,partner,Pro,1,True,False,S-7ff88c,2024-12-30,,588,7056,False,False,monthly,False,53.0,1.0,2.0,3.9906382978723407
A-b7ef83,Company_474,Cybersecurity,UK,2024-05-29,partner,Pro,1,True,False,S-bbdf5c,2024-06-21,,1592,19104,False,False,monthly,True,16.0,0.0,2.0,3.9906382978723407
A-b7ef83,Company_474,Cybersecurity,UK,2024-05-29,partner,Pro,1,True,False,S-510e07,2024-10-20,,398,4776,True,False,monthly,True,77.0,4.0,2.0,3.9906382978723407
A-e08cd3,Company_475,FinTech,US,2024-09-21,ads,Pro,67,True,False,S-dc6dfd,2024-09-30,,3283,39396,False,False,monthly,True,33.0,3.0,8.0,3.9906382978723407
A-e08cd3,Company_475,FinTech,US,2024-09-21,ads,Pro,67,True,False,S-4a08bd,2024-10-11,,3283,39396,False,False,annual,False,7.0,1.0,8.0,3.9906382978723407
A-e08cd3,Company_475,FinTech,US,2024-09-21,ads,Pro,67,True,False,S-02be35,2024-10-01,2024-12-21,3283,39396,False,False,monthly,True,78.0,0.0,8.0,3.9906382978723407
A-e08cd3,Company_475,FinTech,US,2024-09-21,ads,Pro,67,True,False,S-384681,2024-12-25,,1273,15276,False,True,annual,True,30.0,0.0,8.0,3.9906382978723407
A-e08cd3,Company_475,FinTech,US,2024-09-21,ads,Pro,67,True,False,S-48d1f2,2024-10-16,,13333,159996,False,False,annual,False,28.0,2.0,8.0,3.9906382978723407
A-e08cd3,Company_475,FinTech,US,2024-09-21,ads,Pro,67,True,False,S-36f84f,2024-12-08,,3283,39396,False,False,monthly,False,30.0,2.0,8.0,3.9906382978723407
A-e08cd3,Company_475,FinTech,US,2024-09-21,ads,Pro,67,True,False,S-ac3a32,2024-10-20,,13333,159996,False,False,monthly,True,45.0,4.0,8.0,3.9906382978723407
A-e08cd3,Company_475,FinTech,US,2024-09-21,ads,Pro,67,True,False,S-0fcf7d,2024-11-23,,3283,39396,False,False,annual,False,61.0,2.0,8.0,3.9906382978723407
A-e08cd3,Company_475,FinTech,US,2024-09-21,ads,Pro,67,True,False,S-16f4a2,2024-11-10,,13333,159996,False,False,annual,True,16.0,0.0,8.0,3.9906382978723407
A-e08cd3,Company_475,FinTech,US,2024-09-21,ads,Pro,67,True,False,S-3a2aee,2024-12-14,,0,0,False,False,monthly,True,0.0,0.0,8.0,3.9906382978723407
A-e08cd3,Company_475,FinTech,US,2024-09-21,ads,Pro,67,True,False,S-a44d30,2024-10-31,,13333,159996,False,False,monthly,True,104.0,7.0,8.0,3.9906382978723407
A-19b2c8,Company_476,DevTools,IN,2023-06-06,other,Pro,20,False,False,S-44f453,2024-02-10,,3980,47760,False,False,monthly,True,24.0,2.0,3.0,4.666666666666667
A-19b2c8,Company_476,DevTools,IN,2023-06-06,other,Pro,20,False,False,S-d5a07a,2024-07-12,,456,5472,False,False,annual,True,84.0,1.0,3.0,4.666666666666667
A-19b2c8,Company_476,DevTools,IN,2023-06-06,other,Pro,20,False,False,S-f0d2fd,2024-07-20,,5572,66864,False,False,annual,True,92.0,10.0,3.0,4.666666666666667
A-19b2c8,Company_476,DevTools,IN,2023-06-06,other,Pro,20,False,False,S-cac22d,2023-08-06,,380,4560,False,False,annual,True,15.0,0.0,3.0,4.666666666666667
A-19b2c8,Company_476,DevTools,IN,2023-06-06,other,Pro,20,False,False,S-2ddf94,2024-01-05,,3980,47760,False,False,annual,False,51.0,4.0,3.0,4.666666666666667
A-19b2c8,Company_476,DevTools,IN,2023-06-06,other,Pro,20,False,False,S-09c11e,2023-07-12,,380,4560,False,False,annual,False,67.0,4.0,3.0,4.666666666666667
A-19b2c8,Company_476,DevTools,IN,2023-06-06,other,Pro,20,False,False,S-54e8b2,2024-05-18,,980,11760,False,False,monthly,True,46.0,7.0,3.0,4.666666666666667
A-19b2c8,Company_476,DevTools,IN,2023-06-06,other,Pro,20,False,False,S-0c0691,2024-10-25,,3980,47760,False,False,monthly,True,74.0,1.0,3.0,4.666666666666667
A-19b2c8,Company_476,DevTools,IN,2023-06-06,other,Pro,20,False,False,S-4815a3,2023-08-01,,418,5016,False,False,monthly,True,13.0,0.0,3.0,4.666666666666667
A-19b2c8,Company_476,DevTools,IN,2023-06-06,other,Pro,20,False,False,S-d106d4,2023-11-06,,3980,47760,False,False,monthly,True,16.0,0.0,3.0,4.666666666666667
A-19b2c8,Company_476,DevTools,IN,2023-06-06,other,Pro,20,False,False,S-c3aa52,2024-08-30,,0,0,True,False,monthly,False,31.0,1.0,3.0,4.666666666666667
A-19b2c8,Company_476,DevTools,IN,2023-06-06,other,Pro,20,False,False,S-66569a,2023-07-31,,980,11760,False,False,monthly,False,80.0,4.0,3.0,4.666666666666667
A-19b2c8,Company_476,DevTools,IN,2023-06-06,other,Pro,20,False,False,S-36f8c0,2023-06-19,,1617,19404,False,False,annual,True,8.0,0.0,3.0,4.666666666666667
A-970c97,Company_477,HealthTech,DE,2024-03-01,other,Enterprise,14,False,False,S-0eb2e0,2024-03-23,,2786,33432,False,False,monthly,True,65.0,2.0,1.0,5.0
A-970c97,Company_477,HealthTech,DE,2024-03-01,other,Enterprise,14,False,False,S-89d586,2024-11-02,,1421,17052,False,False,annual,True,33.0,3.0,1.0,5.0
A-970c97,Company_477,HealthTech,DE,2024-03-01,other,Enterprise,14,False,False,S-dfaf24,2024-12-15,2024-12-21,513,6156,False,False,annual,False,49.0,0.0,1.0,5.0
A-970c97,Company_477,HealthTech,DE,2024-03-01,other,Enterprise,14,False,False,S-9fc9f5,2024-11-04,,686,8232,False,False,annual,False,68.0,10.0,1.0,5.0
A-970c97,Company_477,HealthTech,DE,2024-03-01,other,Enterprise,14,False,False,S-d20d7c,2024-07-14,,5572,66864,False,False,monthly,False,40.0,4.0,1.0,5.0
A-970c97,Company_477,HealthTech,DE,2024-03-01,other,Enterprise,14,False,False,S-41a4cb,2024-07-13,,686,8232,False,False,annual,True,67.0,0.0,1.0,5.0
A-970c97,Company_477,HealthTech,DE,2024-03-01,other,Enterprise,14,False,False,S-ccdc31,2024-12-16,,931,11172,False,False,annual,True,72.0,4.0,1.0,5.0
A-970c97,Company_477,HealthTech,DE,2024-03-01,other,Enterprise,14,False,False,S-91e96a,2024-03-06,,2786,33432,False,True,monthly,False,50.0,1.0,1.0,5.0
A-6dee43,Company_478,FinTech,UK,2023-08-12,other,Basic,3,True,False,S-0ff339,2024-01-21,,228,2736,False,False,annual,True,16.0,1.0,5.0,4.192510638297873
A-6dee43,Company_478,FinTech,UK,2023-08-12,other,Basic,3,True,False,S-f2d47e,2024-05-27,,0,0,False,False,monthly,True,77.0,0.0,5.0,4.192510638297873
A-6dee43,Company_478,FinTech,UK,2023-08-12,other,Basic,3,True,False,S-4704e5,2024-03-15,,57,684,False,False,monthly,True,57.0,0.0,5.0,4.192510638297873
A-6dee43,Company_478,FinTech,UK,2023-08-12,other,Basic,3,True,False,S-46dfac,2024-10-16,,0,0,False,False,annual,True,25.0,2.0,5.0,4.192510638297873
A-6dee43,Company_478,FinTech,UK,2023-08-12,other,Basic,3,True,False,S-e7416c,2024-05-15,,784,9408,False,False,annual,True,48.0,2.0,5.0,4.192510638297873
A-6dee43,Company_478,FinTech,UK,2023-08-12,other,Basic,3,True,False,S-37bdb4,2024-04-05,,15920,191040,True,False,annual,False,47.0,0.0,5.0,4.192510638297873
A-6dee43,Company_478,FinTech,UK,2023-08-12,other,Basic,3,True,False,S-c287ef,2024-07-29,,437,5244,False,False,annual,False,27.0,1.0,5.0,4.192510638297873
A-6dee43,Company_478,FinTech,UK,2023-08-12,other,Basic,3,True,False,S-39f1ed,2024-04-27,,147,1764,False,False,monthly,True,69.0,0.0,5.0,4.192510638297873
A-6dee43,Company_478,FinTech,UK,2023-08-12,other,Basic,3,True,False,S-108caf,2023-10-31,,2388,28656,False,False,annual,True,45.0,3.0,5.0,4.192510638297873
A-6dee43,Company_478,FinTech,UK,2023-08-12,other,Basic,3,True,False,S-8669e4,2024-08-11,2024-10-23,2695,32340,False,False,annual,False,16.0,2.0,5.0,4.192510638297873
A-6dee43,Company_478,FinTech,UK,2023-08-12,other,Basic,3,True,False,S-4f5c94,2023-10-22,,114,1368,False,False,annual,True,34.0,0.0,5.0,4.192510638297873
A-5ed98d,Company_479,DevTools,US,2024-06-22,partner,Basic,24,False,False,S-916876,2024-09-08,,1176,14112,False,False,monthly,True,55.0,5.0,5.0,4.185021276595745
A-5ed98d,Company_479,DevTools,US,2024-06-22,partner,Basic,24,False,False,S-e4ce2c,2024-08-14,,1176,14112,False,False,annual,True,58.0,2.0,5.0,4.185021276595745
A-5ed98d,Company_479,DevTools,US,2024-06-22,partner,Basic,24,False,False,S-021297,2024-06-28,,4776,57312,False,False,annual,True,21.0,0.0,5.0,4.185021276595745
A-5ed98d,Company_479,DevTools,US,2024-06-22,partner,Basic,24,False,False,S-5a5338,2024-12-21,,0,0,False,False,annual,True,26.0,0.0,5.0,4.185021276595745
A-5ed98d,Company_479,DevTools,US,2024-06-22,partner,Basic,24,False,False,S-8e5be7,2024-11-01,,1176,14112,False,False,monthly,True,24.0,1.0,5.0,4.185021276595745
A-5ed98d,Company_479,DevTools,US,2024-06-22,partner,Basic,24,False,False,S-74d86d,2024-12-20,,1026,12312,True,False,annual,True,52.0,4.0,5.0,4.185021276595745
A-5ed98d,Company_479,DevTools,US,2024-06-22,partner,Basic,24,False,False,S-786a36,2024-07-18,,4776,57312,False,False,annual,True,32.0,3.0,5.0,4.185021276595745
A-5ed98d,Company_479,DevTools,US,2024-06-22,partner,Basic,24,False,False,S-b7ef4c,2024-11-25,,1372,16464,False,False,monthly,False,44.0,3.0,5.0,4.185021276595745
A-c58f49,Company_480,EdTech,US,2024-07-31,other,Enterprise,70,True,False,S-95d1dd,2024-09-13,,13930,167160,False,False,monthly,True,13.0,1.0,3.0,4.320851063829788
A-c58f49,Company_480,EdTech,US,2024-07-31,other,Enterprise,70,True,False,S-f50851,2024-11-07,,13930,167160,False,False,monthly,True,59.0,3.0,3.0,4.320851063829788
A-c58f49,Company_480,EdTech,US,2024-07-31,other,Enterprise,70,True,False,S-ad02b5,2024-10-05,,13930,167160,True,False,monthly,True,29.0,2.0,3.0,4.320851063829788
A-c58f49,Company_480,EdTech,US,2024-07-31,other,Enterprise,70,True,False,S-354f6f,2024-11-24,,13930,167160,False,False,annual,True,40.0,4.0,3.0,4.320851063829788
A-c58f49,Company_480,EdTech,US,2024-07-31,other,Enterprise,70,True,False,S-1a9c5c,2024-11-02,,0,0,False,False,annual,True,70.0,5.0,3.0,4.320851063829788
A-c58f49,Company_480,EdTech,US,2024-07-31,other,Enterprise,70,True,False,S-22f096,2024-10-15,,13930,167160,False,False,monthly,True,85.0,2.0,3.0,4.320851063829788
A-c58f49,Company_480,EdTech,US,2024-07-31,other,Enterprise,70,True,False,S-a0d68d,2024-08-10,,1330,15960,False,False,monthly,True,67.0,5.0,3.0,4.320851063829788
A-9c18c4,Company_481,HealthTech,US,2023-07-27,ads,Pro,11,False,True,S-506cbd,2023-08-29,2024-02-22,3781,45372,False,False,annual,False,32.0,0.0,4.0,3.9906382978723407
A-9c18c4,Company_481,HealthTech,US,2023-07-27,ads,Pro,11,False,True,S-4893cd,2023-12-26,,2189,26268,False,False,monthly,True,35.0,5.0,4.0,3.9906382978723407
A-9c18c4,Company_481,HealthTech,US,2023-07-27,ads,Pro,11,False,True,S-2971ae,2024-10-13,,2189,26268,True,False,monthly,True,86.0,9.0,4.0,3.9906382978723407
A-9c18c4,Company_481,HealthTech,US,2023-07-27,ads,Pro,11,False,True,S-9f123c,2024-07-30,,0,0,False,False,annual,True,66.0,4.0,4.0,3.9906382978723407
A-9c18c4,Company_481,HealthTech,US,2023-07-27,ads,Pro,11,False,True,S-987539,2023-12-20,,3781,45372,False,False,monthly,True,43.0,3.0,4.0,3.9906382978723407
A-9c18c4,Company_481,HealthTech,US,2023-07-27,ads,Pro,11,False,True,S-1d661c,2023-11-30,,2388,28656,True,False,annual,True,38.0,3.0,4.0,3.9906382978723407
A-9c18c4,Company_481,HealthTech,US,2023-07-27,ads,Pro,11,False,True,S-16be20,2024-03-03,,539,6468,False,False,monthly,True,88.0,5.0,4.0,3.9906382978723407
A-9c18c4,Company_481,HealthTech,US,2023-07-27,ads,Pro,11,False,True,S-48d2b5,2023-08-09,2024-10-14,228,2736,False,False,monthly,True,76.0,4.0,4.0,3.9906382978723407
A-9c18c4,Company_481,HealthTech,US,2023-07-27,ads,Pro,11,False,True,S-b526e3,2024-09-07,,2189,26268,True,False,annual,True,50.0,2.0,4.0,3.9906382978723407
A-9c18c4,Company_481,HealthTech,US,2023-07-27,ads,Pro,11,False,True,S-f3979e,2023-12-15,,539,6468,False,False,annual,True,42.0,2.0,4.0,3.9906382978723407
A-cc8c8f,Company_482,DevTools,US,2024-06-16,ads,Enterprise,23,False,False,S-24796e,2024-11-27,,4577,54924,False,False,annual,False,61.0,3.0,2.0,3.5
A-cc8c8f,Company_482,DevTools,US,2024-06-16,ads,Enterprise,23,False,False,S-a2b83d,2024-07-26,,437,5244,False,False,annual,True,40.0,1.0,2.0,3.5
A-cc8c8f,Company_482,DevTools,US,2024-06-16,ads,Enterprise,23,False,False,S-0da8be,2024-07-16,2024-09-05,0,0,False,False,monthly,True,9.0,1.0,2.0,3.5
A-cc8c8f,Company_482,DevTools,US,2024-06-16,ads,Enterprise,23,False,False,S-bc7cab,2024-12-19,,0,0,False,True,annual,True,48.0,4.0,2.0,3.5
A-cc8c8f,Company_482,DevTools,US,2024-06-16,ads,Enterprise,23,False,False,S-526874,2024-12-17,,4577,54924,False,False,annual,True,43.0,3.0,2.0,3.5
A-cc8c8f,Company_482,DevTools,US,2024-06-16,ads,Enterprise,23,False,False,S-497428,2024-10-07,,437,5244,False,False,monthly,True,23.0,1.0,2.0,3.5
A-cc8c8f,Company_482,DevTools,US,2024-06-16,ads,Enterprise,23,False,False,S-0e43ad,2024-06-21,,5572,66864,True,False,annual,True,44.0,5.0,2.0,3.5
A-5f7781,Company_483,DevTools,US,2024-08-20,other,Pro,22,False,False,S-a01aad,2024-10-14,,4378,52536,False,False,monthly,True,69.0,4.0,2.0,3.9906382978723407
A-5f7781,Company_483,DevTools,US,2024-08-20,other,Pro,22,False,False,S-f7234f,2024-08-27,,0,0,False,False,monthly,False,32.0,4.0,2.0,3.9906382978723407
A-5f7781,Company_483,DevTools,US,2024-08-20,other,Pro,22,False,False,S-b8a352,2024-09-07,,4378,52536,False,False,annual,True,45.0,0.0,2.0,3.9906382978723407
A-5f7781,Company_483,DevTools,US,2024-08-20,other,Pro,22,False,False,S-dbe2ac,2024-09-13,,418,5016,True,False,annual,True,7.0,0.0,2.0,3.9906382978723407
A-5f7781,Company_483,DevTools,US,2024-08-20,other,Pro,22,False,False,S-d0bb87,2024-12-07,,1078,12936,False,False,annual,True,30.0,2.0,2.0,3.9906382978723407
A-e1b9cd,Company_484,DevTools,US,2023-02-26,event,Pro,40,False,True,S-a14f63,2024-02-04,,7960,95520,False,True,monthly,True,64.0,2.0,1.0,3.0
A-e1b9cd,Company_484,DevTools,US,2023-02-26,event,Pro,40,False,True,S-302856,2023-05-24,2024-08-25,760,9120,False,False,annual,True,85.0,6.0,1.0,3.0
A-e1b9cd,Company_484,DevTools,US,2023-02-26,event,Pro,40,False,True,S-4eb120,2024-09-28,,760,9120,False,False,monthly,True,77.0,5.0,1.0,3.0
A-e1b9cd,Company_484,DevTools,US,2023-02-26,event,Pro,40,False,True,S-81b6ee,2023-11-25,,1960,23520,False,False,annual,False,31.0,0.0,1.0,3.0
A-e1b9cd,Company_484,DevTools,US,2023-02-26,event,Pro,40,False,True,S-d76f8b,2024-03-30,,760,9120,False,False,annual,True,76.0,6.0,1.0,3.0
A-e1b9cd,Company_484,DevTools,US,2023-02-26,event,Pro,40,False,True,S-0891f1,2024-01-03,,760,9120,False,True,annual,False,75.0,11.0,1.0,3.0
A-e1b9cd,Company_484,DevTools,US,2023-02-26,event,Pro,40,False,True,S-6c1ca6,2024-12-05,,1960,23520,False,False,monthly,False,62.0,1.0,1.0,3.0
A-e1b9cd,Company_484,DevTools,US,2023-02-26,event,Pro,40,False,True,S-30fa6f,2023-03-21,2024-12-04,1960,23520,False,False,monthly,True,18.0,0.0,1.0,3.0
A-e1b9cd,Company_484,DevTools,US,2023-02-26,event,Pro,40,False,True,S-21d7be,2024-01-09,,760,9120,False,False,annual,True,19.0,0.0,1.0,3.0
A-e1b9cd,Company_484,DevTools,US,2023-02-26,event,Pro,40,False,True,S-66a625,2024-12-24,,1960,23520,False,False,monthly,True,94.0,8.0,1.0,3.0
A-e1b9cd,Company_484,DevTools,US,2023-02-26,event,Pro,40,False,True,S-ed2593,2023-05-28,,4900,58800,False,True,monthly,False,54.0,1.0,1.0,3.0
A-e1b9cd,Company_484,DevTools,US,2023-02-26,event,Pro,40,False,True,S-a97ab5,2024-09-28,,0,0,False,False,annual,False,81.0,4.0,1.0,3.0
A-e1b9cd,Company_484,DevTools,US,2023-02-26,event,Pro,40,False,True,S-20f505,2023-11-05,,3822,45864,False,False,annual,True,39.0,2.0,1.0,3.0
A-e1b9cd,Company_484,DevTools,US,2023-02-26,event,Pro,40,False,True,S-b04b73,2023-11-24,2024-06-27,7960,95520,False,False,monthly,True,33.0,1.0,1.0,3.0
A-e1b9cd,Company_484,DevTools,US,2023-02-26,event,Pro,40,False,True,S-aef0c5,2024-05-22,,760,9120,False,False,monthly,True,32.0,0.0,1.0,3.0
A-ac85cd,Company_485,EdTech,US,2024-07-31,partner,Enterprise,53,False,False,S-0cb6ed,2024-11-09,2024-12-18,2597,31164,False,False,annual,True,69.0,7.0,3.0,3.660425531914894
A-ac85cd,Company_485,EdTech,US,2024-07-31,partner,Enterprise,53,False,False,S-b35203,2024-12-23,,10547,126564,False,True,monthly,True,10.0,0.0,3.0,3.660425531914894
A-ac85cd,Company_485,EdTech,US,2024-07-31,partner,Enterprise,53,False,False,S-790762,2024-12-24,,2597,31164,False,False,monthly,True,45.0,2.0,3.0,3.660425531914894
A-ac85cd,Company_485,EdTech,US,2024-07-31,partner,Enterprise,53,False,False,S-e32789,2024-10-13,,2597,31164,False,True,annual,True,85.0,4.0,3.0,3.660425531914894
A-ac85cd,Company_485,EdTech,US,2024-07-31,partner,Enterprise,53,False,False,S-1dd0ad,2024-11-11,,1007,12084,True,False,monthly,True,42.0,4.0,3.0,3.660425531914894
A-ac85cd,Company_485,EdTech,US,2024-07-31,partner,Enterprise,53,False,False,S-653165,2024-09-26,2024-12-13,1007,12084,False,False,annual,True,31.0,2.0,3.0,3.660425531914894
A-ac85cd,Company_485,EdTech,US,2024-07-31,partner,Enterprise,53,False,False,S-f366b3,2024-12-26,,4165,49980,False,False,annual,True,49.0,0.0,3.0,3.660425531914894
A-ac85cd,Company_485,EdTech,US,2024-07-31,partner,Enterprise,53,False,False,S-56122a,2024-11-30,,12139,145668,False,False,annual,True,75.0,1.0,3.0,3.660425531914894
A-ac85cd,Company_485,EdTech,US,2024-07-31,partner,Enterprise,53,False,False,S-868325,2024-08-02,,1007,12084,False,False,monthly,True,76.0,3.0,3.0,3.660425531914894
A-ac85cd,Company_485,EdTech,US,2024-07-31,partner,Enterprise,53,False,False,S-6ce11a,2024-12-03,,1007,12084,False,False,annual,True,44.0,1.0,3.0,3.660425531914894
A-ac85cd,Company_485,EdTech,US,2024-07-31,partner,Enterprise,53,False,False,S-70b655,2024-08-16,,2597,31164,False,False,monthly,False,62.0,5.0,3.0,3.660425531914894
A-ac85cd,Company_485,EdTech,US,2024-07-31,partner,Enterprise,53,False,False,S-9d727d,2024-12-09,2024-12-18,0,0,False,False,monthly,True,46.0,0.0,3.0,3.660425531914894
A-d792a6,Company_486,DevTools,US,2023-01-23,organic,Enterprise,4,False,False,S-0b2ac3,2024-01-01,,0,0,False,False,annual,True,27.0,6.0,5.0,3.988765957446809
A-d792a6,Company_486,DevTools,US,2023-01-23,organic,Enterprise,4,False,False,S-47ce2d,2023-02-06,,1813,21756,False,False,monthly,True,49.0,0.0,5.0,3.988765957446809
A-d792a6,Company_486,DevTools,US,2023-01-23,organic,Enterprise,4,False,False,S-761a0f,2024-10-17,,12935,155220,False,False,annual,True,45.0,0.0,5.0,3.988765957446809
A-d792a6,Company_486,DevTools,US,2023-01-23,organic,Enterprise,4,False,False,S-2fcf09,2024-09-27,,0,0,False,False,monthly,True,43.0,4.0,5.0,3.988765957446809
A-d792a6,Company_486,DevTools,US,2023-01-23,organic,Enterprise,4,False,False,S-28d401,2023-09-03,2024-03-04,95,1140,False,False,annual,True,45.0,3.0,5.0,3.988765957446809
A-d792a6,Company_486,DevTools,US,2023-01-23,organic,Enterprise,4,False,False,S-276555,2024-01-26,,1764,21168,False,False,annual,True,11.0,1.0,5.0,3.988765957446809
A-d792a6,Company_486,DevTools,US,2023-01-23,organic,Enterprise,4,False,False,S-ea3c2c,2023-05-31,,1791,21492,False,False,monthly,True,68.0,7.0,5.0,3.988765957446809
A-d792a6,Company_486,DevTools,US,2023-01-23,organic,Enterprise,4,False,False,S-a6f0f1,2024-04-26,,196,2352,False,False,annual,True,38.0,1.0,5.0,3.988765957446809
A-d792a6,Company_486,DevTools,US,2023-01-23,organic,Enterprise,4,False,False,S-bc0806,2024-07-04,,796,9552,False,False,monthly,True,52.0,0.0,5.0,3.988765957446809
A-d792a6,Company_486,DevTools,US,2023-01-23,organic,Enterprise,4,False,False,S-3f08d7,2023-10-13,,796,9552,False,True,monthly,True,60.0,6.0,5.0,3.988765957446809
A-d792a6,Company_486,DevTools,US,2023-01-23,organic,Enterprise,4,False,False,S-45c47e,2023-08-01,,399,4788,False,False,annual,True,46.0,1.0,5.0,3.988765957446809
A-d792a6,Company_486,DevTools,US,2023-01-23,organic,Enterprise,4,False,False,S-16cf6a,2023-04-21,,2388,28656,False,False,annual,True,69.0,3.0,5.0,3.988765957446809
A-d792a6,Company_486,DevTools,US,2023-01-23,organic,Enterprise,4,False,False,S-78c894,2023-02-17,,76,912,True,False,annual,True,51.0,2.0,5.0,3.988765957446809
A-d792a6,Company_486,DevTools,US,2023-01-23,organic,Enterprise,4,False,False,S-6b6cd7,2023-04-04,,0,0,False,False,monthly,True,34.0,0.0,5.0,3.988765957446809
A-d792a6,Company_486,DevTools,US,2023-01-23,organic,Enterprise,4,False,False,S-535bd1,2023-03-18,,0,0,False,False,monthly,False,52.0,6.0,5.0,3.988765957446809
A-ac9111,Company_487,HealthTech,US,2023-08-12,event,Pro,21,True,False,S-8b9889,2024-08-18,,1029,12348,False,False,monthly,True,65.0,5.0,3.0,4.320851063829788
A-ac9111,Company_487,HealthTech,US,2023-08-12,event,Pro,21,True,False,S-1cdd2c,2024-03-06,,1029,12348,False,False,monthly,False,53.0,4.0,3.0,4.320851063829788
A-ac9111,Company_487,HealthTech,US,2023-08-12,event,Pro,21,True,False,S-64bd69,2023-10-04,,399,4788,False,False,annual,True,74.0,4.0,3.0,4.320851063829788
A-ac9111,Company_487,HealthTech,US,2023-08-12,event,Pro,21,True,False,S-eac553,2024-09-06,,532,6384,False,False,annual,True,31.0,3.0,3.0,4.320851063829788
A-ac9111,Company_487,HealthTech,US,2023-08-12,event,Pro,21,True,False,S-a2da20,2024-11-13,,6368,76416,False,False,monthly,True,10.0,0.0,3.0,4.320851063829788
A-ac9111,Company_487,HealthTech,US,2023-08-12,event,Pro,21,True,False,S-d2863b,2023-10-04,2024-01-01,399,4788,False,False,annual,True,96.0,10.0,3.0,4.320851063829788
A-ac9111,Company_487,HealthTech,US,2023-08-12,event,Pro,21,True,False,S-8a74bb,2024-10-30,,0,0,False,False,monthly,True,50.0,4.0,3.0,4.320851063829788
A-ac9111,Company_487,HealthTech,US,2023-08-12,event,Pro,21,True,False,S-006fed,2023-10-09,2024-06-20,399,4788,False,False,monthly,True,104.0,0.0,3.0,4.320851063829788
A-ac9111,Company_487,HealthTech,US,2023-08-12,event,Pro,21,True,False,S-637b20,2024-02-18,,0,0,False,False,monthly,True,24.0,1.0,3.0,4.320851063829788
A-ac9111,Company_487,HealthTech,US,2023-08-12,event,Pro,21,True,False,S-b099ea,2024-12-21,,4179,50148,False,False,monthly,True,26.0,3.0,3.0,4.320851063829788
A-ac9111,Company_487,HealthTech,US,2023-08-12,event,Pro,21,True,False,S-549438,2024-07-07,,1127,13524,False,False,annual,True,52.0,0.0,3.0,4.320851063829788
A-ac9111,Company_487,HealthTech,US,2023-08-12,event,Pro,21,True,False,S-2fe6c0,2024-12-21,,399,4788,False,False,annual,True,17.0,3.0,3.0,4.320851063829788
A-ac9111,Company_487,HealthTech,US,2023-08-12,event,Pro,21,True,False,S-6485d5,2024-06-16,,4179,50148,False,False,monthly,True,30.0,0.0,3.0,4.320851063829788
A-ac9111,Company_487,HealthTech,US,2023-08-12,event,Pro,21,True,False,S-1e5fd7,2024-10-18,,399,4788,False,False,monthly,True,61.0,1.0,3.0,4.320851063829788
A-ac9111,Company_487,HealthTech,US,2023-08-12,event,Pro,21,True,False,S-82df6c,2023-09-06,,2009,24108,False,True,annual,True,89.0,7.0,3.0,4.320851063829788
A-ac9111,Company_487,HealthTech,US,2023-08-12,event,Pro,21,True,False,S-d2932e,2024-08-26,,4179,50148,False,False,annual,False,26.0,1.0,3.0,4.320851063829788
A-18793f,Company_488,EdTech,US,2024-12-18,organic,Basic,148,True,False,S-e2d4e9,2024-12-30,,0,0,True,False,monthly,True,53.0,0.0,5.0,3.8
A-18793f,Company_488,EdTech,US,2024-12-18,organic,Basic,148,True,False,S-88de1c,2024-12-24,,2812,33744,False,False,annual,True,31.0,0.0,5.0,3.8
A-18793f,Company_488,EdTech,US,2024-12-18,organic,Basic,148,True,False,S-429220,2024-12-29,,7252,87024,False,False,monthly,True,32.0,2.0,5.0,3.8
A-18793f,Company_488,EdTech,US,2024-12-18,organic,Basic,148,True,False,S-198dbe,2024-12-19,,7252,87024,False,False,monthly,True,101.0,2.0,5.0,3.8
A-18793f,Company_488,EdTech,US,2024-12-18,organic,Basic,148,True,False,S-58a7c0,2024-12-24,,0,0,False,False,monthly,True,24.0,2.0,5.0,3.8
A-18793f,Company_488,EdTech,US,2024-12-18,organic,Basic,148,True,False,S-2fd486,2024-12-29,,7252,87024,False,False,annual,True,12.0,0.0,5.0,3.8
A-18793f,Company_488,EdTech,US,2024-12-18,organic,Basic,148,True,False,S-155b3e,2024-12-19,,29452,353424,False,False,annual,False,48.0,5.0,5.0,3.8
A-18793f,Company_488,EdTech,US,2024-12-18,organic,Basic,148,True,False,S-ad8908,2024-12-19,,7252,87024,False,False,annual,False,27.0,0.0,5.0,3.8
A-18793f,Company_488,EdTech,US,2024-12-18,organic,Basic,148,True,False,S-51cb35,2024-12-20,2024-12-29,2812,33744,False,False,annual,True,67.0,1.0,5.0,3.8
A-18793f,Company_488,EdTech,US,2024-12-18,organic,Basic,148,True,False,S-e854de,2024-12-25,,7252,87024,False,False,monthly,True,77.0,8.0,5.0,3.8
A-18793f,Company_488,EdTech,US,2024-12-18,organic,Basic,148,True,False,S-74f146,2024-12-23,,7252,87024,False,False,monthly,True,14.0,0.0,5.0,3.8
A-9f0b68,Company_489,EdTech,US,2024-04-28,ads,Basic,10,False,False,S-ba8c46,2024-10-16,,882,10584,True,False,monthly,True,74.0,3.0,3.0,3.654184397163121
A-9f0b68,Company_489,EdTech,US,2024-04-28,ads,Basic,10,False,False,S-9740c1,2024-06-14,,1990,23880,False,False,monthly,True,67.0,1.0,3.0,3.654184397163121
A-9f0b68,Company_489,EdTech,US,2024-04-28,ads,Basic,10,False,False,S-b40b4d,2024-08-09,,684,8208,False,False,monthly,True,54.0,3.0,3.0,3.654184397163121
A-9f0b68,Company_489,EdTech,US,2024-04-28,ads,Basic,10,False,False,S-124336,2024-11-30,,0,0,True,False,annual,True,48.0,2.0,3.0,3.654184397163121
A-9f0b68,Company_489,EdTech,US,2024-04-28,ads,Basic,10,False,False,S-94009b,2024-10-08,,1990,23880,False,True,annual,True,8.0,0.0,3.0,3.654184397163121
A-9f0b68,Company_489,EdTech,US,2024-04-28,ads,Basic,10,False,False,S-6522e4,2024-05-17,,418,5016,False,False,annual,False,71.0,1.0,3.0,3.654184397163121
A-9f0b68,Company_489,EdTech,US,2024-04-28,ads,Basic,10,False,False,S-115823,2024-10-02,,2985,35820,False,False,monthly,False,130.0,13.0,3.0,3.654184397163121
A-9f0b68,Company_489,EdTech,US,2024-04-28,ads,Basic,10,False,False,S-131064,2024-10-19,,6766,81192,False,False,annual,True,79.0,2.0,3.0,3.654184397163121
A-9f0b68,Company_489,EdTech,US,2024-04-28,ads,Basic,10,False,False,S-fcab86,2024-08-04,,3383,40596,False,False,annual,True,58.0,0.0,3.0,3.654184397163121
A-9f0b68,Company_489,EdTech,US,2024-04-28,ads,Basic,10,False,False,S-0268ba,2024-07-20,,6567,78804,False,False,annual,True,77.0,5.0,3.0,3.654184397163121
A-9f0b68,Company_489,EdTech,US,2024-04-28,ads,Basic,10,False,False,S-b7d99d,2024-11-28,,266,3192,False,False,annual,True,24.0,0.0,3.0,3.654184397163121
A-9f0b68,Company_489,EdTech,US,2024-04-28,ads,Basic,10,False,False,S-10ab8d,2024-09-02,,2587,31044,False,False,annual,False,19.0,3.0,3.0,3.654184397163121
A-d3c88e,Company_490,DevTools,US,2024-10-18,event,Pro,16,False,False,S-80c01c,2024-12-16,,304,3648,True,False,annual,True,29.0,4.0,3.0,3.9875177304964544
A-d3c88e,Company_490,DevTools,US,2024-10-18,event,Pro,16,False,False,S-872bdd,2024-10-23,,3184,38208,False,False,annual,True,80.0,0.0,3.0,3.9875177304964544
A-d3c88e,Company_490,DevTools,US,2024-10-18,event,Pro,16,False,False,S-9d78e2,2024-12-28,,9353,112236,False,False,monthly,True,38.0,2.0,3.0,3.9875177304964544
A-d3c88e,Company_490,DevTools,US,2024-10-18,event,Pro,16,False,False,S-5488ba,2024-12-13,,3184,38208,False,False,annual,True,56.0,4.0,3.0,3.9875177304964544
A-d3c88e,Company_490,DevTools,US,2024-10-18,event,Pro,16,False,False,S-b5d3cc,2024-12-29,,3184,38208,False,False,monthly,True,60.0,10.0,3.0,3.9875177304964544
A-d3c88e,Company_490,DevTools,US,2024-10-18,event,Pro,16,False,False,S-9dbe8c,2024-10-27,,0,0,False,False,monthly,True,45.0,5.0,3.0,3.9875177304964544
A-d3c88e,Company_490,DevTools,US,2024-10-18,event,Pro,16,False,False,S-1dfa14,2024-11-19,,3184,38208,False,False,annual,False,31.0,4.0,3.0,3.9875177304964544
A-d3c88e,Company_490,DevTools,US,2024-10-18,event,Pro,16,False,False,S-ad1e4a,2024-11-01,,0,0,True,False,monthly,True,52.0,7.0,3.0,3.9875177304964544
A-d3c88e,Company_490,DevTools,US,2024-10-18,event,Pro,16,False,False,S-7c1eb9,2024-12-24,,399,4788,False,False,annual,False,17.0,0.0,3.0,3.9875177304964544
A-d3c88e,Company_490,DevTools,US,2024-10-18,event,Pro,16,False,False,S-96e3e8,2024-12-10,,304,3648,True,False,monthly,True,41.0,2.0,3.0,3.9875177304964544
A-d3c88e,Company_490,DevTools,US,2024-10-18,event,Pro,16,False,False,S-fae334,2024-12-03,,1519,18228,False,False,monthly,False,70.0,1.0,3.0,3.9875177304964544
A-d3c88e,Company_490,DevTools,US,2024-10-18,event,Pro,16,False,False,S-5ca0fe,2024-11-02,,784,9408,False,False,monthly,False,61.0,3.0,3.0,3.9875177304964544
A-d3c88e,Company_490,DevTools,US,2024-10-18,event,Pro,16,False,False,S-0ea795,2024-10-27,,784,9408,False,False,annual,True,64.0,6.0,3.0,3.9875177304964544
A-ccb686,Company_491,DevTools,US,2024-01-22,other,Basic,10,False,False,S-36f6ec,2024-08-16,,1029,12348,True,False,monthly,True,34.0,0.0,1.0,4.0
A-ccb686,Company_491,DevTools,US,2024-01-22,other,Basic,10,False,False,S-c4aa5f,2024-02-28,,2548,30576,False,False,annual,False,64.0,7.0,1.0,4.0
A-ccb686,Company_491,DevTools,US,2024-01-22,other,Basic,10,False,False,S-8f7c91,2024-12-11,,209,2508,False,False,annual,True,81.0,7.0,1.0,4.0
A-ccb686,Company_491,DevTools,US,2024-01-22,other,Basic,10,False,False,S-951de6,2024-05-04,2024-10-10,190,2280,False,False,annual,True,69.0,5.0,1.0,4.0
A-ccb686,Company_491,DevTools,US,2024-01-22,other,Basic,10,False,False,S-8fcce1,2024-06-20,,931,11172,False,True,monthly,True,86.0,5.0,1.0,4.0
A-ccb686,Company_491,DevTools,US,2024-01-22,other,Basic,10,False,False,S-af5a51,2024-08-22,,10547,126564,True,False,annual,True,34.0,1.0,1.0,4.0
A-ccb686,Company_491,DevTools,US,2024-01-22,other,Basic,10,False,False,S-3c4cae,2024-10-06,,1421,17052,True,False,annual,True,60.0,3.0,1.0,4.0
A-ccb686,Company_491,DevTools,US,2024-01-22,other,Basic,10,False,False,S-b8097b,2024-04-17,,0,0,False,False,monthly,False,57.0,4.0,1.0,4.0
A-ccb686,Company_491,DevTools,US,2024-01-22,other,Basic,10,False,False,S-c318ea,2024-08-17,,1990,23880,False,False,monthly,True,41.0,1.0,1.0,4.0
A-ccb686,Company_491,DevTools,US,2024-01-22,other,Basic,10,False,False,S-f4a92a,2024-02-02,,686,8232,False,False,annual,False,17.0,0.0,1.0,4.0
A-ccb686,Company_491,DevTools,US,2024-01-22,other,Basic,10,False,False,S-2e1ceb,2024-03-23,,0,0,True,False,annual,False,97.0,8.0,1.0,4.0
A-ccb686,Company_491,DevTools,US,2024-01-22,other,Basic,10,False,False,S-71fc3d,2024-12-06,,1990,23880,False,False,monthly,True,81.0,5.0,1.0,4.0
A-118f1c,Company_492,Cybersecurity,US,2024-10-31,other,Pro,32,False,False,S-2c1ca6,2024-11-11,,6368,76416,False,False,monthly,False,44.0,2.0,1.0,3.0
A-118f1c,Company_492,Cybersecurity,US,2024-10-31,other,Pro,32,False,False,S-05eff5,2024-12-23,,608,7296,False,False,monthly,True,56.0,2.0,1.0,3.0
A-118f1c,Company_492,Cybersecurity,US,2024-10-31,other,Pro,32,False,False,S-3fb8f4,2024-12-28,,6368,76416,False,False,annual,False,46.0,0.0,1.0,3.0
A-118f1c,Company_492,Cybersecurity,US,2024-10-31,other,Pro,32,False,False,S-eff39c,2024-10-31,,6368,76416,False,False,annual,True,34.0,4.0,1.0,3.0
A-118f1c,Company_492,Cybersecurity,US,2024-10-31,other,Pro,32,False,False,S-efcb1e,2024-12-10,,0,0,False,False,annual,True,28.0,1.0,1.0,3.0
A-118f1c,Company_492,Cybersecurity,US,2024-10-31,other,Pro,32,False,False,S-42671b,2024-12-11,,6368,76416,False,False,annual,True,59.0,2.0,1.0,3.0
A-118f1c,Company_492,Cybersecurity,US,2024-10-31,other,Pro,32,False,False,S-9f8b23,2024-12-24,2024-12-26,25472,305664,False,False,annual,True,53.0,2.0,1.0,3.0
A-118f1c,Company_492,Cybersecurity,US,2024-10-31,other,Pro,32,False,False,S-7e09c4,2024-12-21,2024-12-31,608,7296,False,False,annual,False,49.0,1.0,1.0,3.0
A-0e966d,Company_493,FinTech,IN,2024-06-25,ads,Basic,11,False,True,S-b042d9,2024-11-15,,2189,26268,False,False,annual,True,105.0,7.0,3.0,4.3270921985815605
A-0e966d,Company_493,FinTech,IN,2024-06-25,ads,Basic,11,False,True,S-df2fb8,2024-08-17,,0,0,False,False,annual,True,34.0,0.0,3.0,4.3270921985815605
A-0e966d,Company_493,FinTech,IN,2024-06-25,ads,Basic,11,False,True,S-0b25d7,2024-10-30,,418,5016,False,False,monthly,True,45.0,0.0,3.0,4.3270921985815605
A-0e966d,Company_493,FinTech,IN,2024-06-25,ads,Basic,11,False,True,S-9395a2,2024-09-05,,209,2508,False,False,monthly,True,70.0,3.0,3.0,4.3270921985815605
A-0e966d,Company_493,FinTech,IN,2024-06-25,ads,Basic,11,False,True,S-604bd0,2024-10-27,,2793,33516,False,False,monthly,False,63.0,4.0,3.0,4.3270921985815605
A-0e966d,Company_493,FinTech,IN,2024-06-25,ads,Basic,11,False,True,S-62c824,2024-11-26,2024-11-30,209,2508,False,False,annual,True,37.0,4.0,3.0,4.3270921985815605
A-0e966d,Company_493,FinTech,IN,2024-06-25,ads,Basic,11,False,True,S-c43a91,2024-09-06,,637,7644,False,False,annual,True,39.0,2.0,3.0,4.3270921985815605
A-0e966d,Company_493,FinTech,IN,2024-06-25,ads,Basic,11,False,True,S-3ca6d2,2024-11-11,,665,7980,False,False,monthly,True,64.0,3.0,3.0,4.3270921985815605
A-0e966d,Company_493,FinTech,IN,2024-06-25,ads,Basic,11,False,True,S-63d104,2024-09-03,,209,2508,False,False,annual,True,18.0,0.0,3.0,4.3270921985815605
A-0e966d,Company_493,FinTech,IN,2024-06-25,ads,Basic,11,False,True,S-b420be,2024-06-30,,4577,54924,False,False,annual,True,69.0,6.0,3.0,4.3270921985815605
A-0e966d,Company_493,FinTech,IN,2024-06-25,ads,Basic,11,False,True,S-d6dc7a,2024-10-02,,539,6468,False,False,monthly,False,92.0,5.0,3.0,4.3270921985815605
A-b9f5b1,Company_494,Cybersecurity,US,2023-01-24,other,Pro,15,True,False,S-3a28a1,2024-07-25,,2985,35820,False,False,annual,True,74.0,3.0,6.0,3.3333333333333335
A-b9f5b1,Company_494,Cybersecurity,US,2023-01-24,other,Pro,15,True,False,S-65071f,2024-08-11,,817,9804,False,False,monthly,True,56.0,2.0,6.0,3.3333333333333335
A-b9f5b1,Company_494,Cybersecurity,US,2023-01-24,other,Pro,15,True,False,S-b22602,2024-05-04,2024-09-29,0,0,False,False,annual,True,11.0,0.0,6.0,3.3333333333333335
A-b9f5b1,Company_494,Cybersecurity,US,2023-01-24,other,Pro,15,True,False,S-869bba,2023-10-31,,0,0,False,False,annual,False,80.0,2.0,6.0,3.3333333333333335
A-b9f5b1,Company_494,Cybersecurity,US,2023-01-24,other,Pro,15,True,False,S-e78c09,2024-10-15,,2985,35820,False,False,annual,True,12.0,2.0,6.0,3.3333333333333335
A-b9f5b1,Company_494,Cybersecurity,US,2023-01-24,other,Pro,15,True,False,S-12f05a,2024-06-23,,285,3420,False,False,annual,False,50.0,3.0,6.0,3.3333333333333335
A-b9f5b1,Company_494,Cybersecurity,US,2023-01-24,other,Pro,15,True,False,S-2ad954,2023-03-12,,0,0,False,False,monthly,True,24.0,0.0,6.0,3.3333333333333335
A-8ae3fc,Company_495,DevTools,CA,2024-06-28,ads,Pro,9,False,False,S-428e9a,2024-10-12,,0,0,False,False,monthly,True,37.0,4.0,4.0,3.7406382978723407
A-8ae3fc,Company_495,DevTools,CA,2024-06-28,ads,Pro,9,False,False,S-e505c1,2024-09-17,,1666,19992,False,False,annual,True,82.0,7.0,4.0,3.7406382978723407
A-8ae3fc,Company_495,DevTools,CA,2024-06-28,ads,Pro,9,False,False,S-121b4d,2024-11-22,,171,2052,False,False,annual,True,39.0,2.0,4.0,3.7406382978723407
A-8ae3fc,Company_495,DevTools,CA,2024-06-28,ads,Pro,9,False,False,S-89c03a,2024-09-20,,441,5292,False,False,monthly,True,46.0,8.0,4.0,3.7406382978723407
A-8ae3fc,Company_495,DevTools,CA,2024-06-28,ads,Pro,9,False,False,S-7456c5,2024-09-09,,171,2052,False,False,monthly,True,32.0,2.0,4.0,3.7406382978723407
A-8ae3fc,Company_495,DevTools,CA,2024-06-28,ads,Pro,9,False,False,S-90e2d7,2024-07-17,,589,7068,False,False,annual,True,51.0,0.0,4.0,3.7406382978723407
A-8ae3fc,Company_495,DevTools,CA,2024-06-28,ads,Pro,9,False,False,S-9a3e85,2024-08-06,,1029,12348,False,False,annual,True,84.0,7.0,4.0,3.7406382978723407
A-8ae3fc,Company_495,DevTools,CA,2024-06-28,ads,Pro,9,False,False,S-f20079,2024-12-16,,380,4560,False,False,monthly,True,31.0,0.0,4.0,3.7406382978723407
A-55f257,Company_496,FinTech,US,2023-12-21,organic,Basic,9,False,False,S-f0a2e5,2024-06-05,,0,0,False,False,annual,True,49.0,2.0,6.0,4.6604255319148935
A-55f257,Company_496,FinTech,US,2023-12-21,organic,Basic,9,False,False,S-c3bf1d,2024-03-15,,441,5292,False,False,annual,True,74.0,3.0,6.0,4.6604255319148935
A-55f257,Company_496,FinTech,US,2023-12-21,organic,Basic,9,False,False,S-da8d5f,2024-03-06,,686,8232,False,False,monthly,True,50.0,2.0,6.0,4.6604255319148935
A-55f257,Company_496,FinTech,US,2023-12-21,organic,Basic,9,False,False,S-caec41,2024-01-24,,4577,54924,True,False,annual,True,23.0,4.0,6.0,4.6604255319148935
A-55f257,Company_496,FinTech,US,2023-12-21,organic,Basic,9,False,False,S-6ca5ab,2024-07-31,,0,0,False,False,annual,True,44.0,3.0,6.0,4.6604255319148935
A-55f257,Company_496,FinTech,US,2023-12-21,organic,Basic,9,False,False,S-162e73,2024-01-12,,0,0,False,False,annual,True,42.0,1.0,6.0,4.6604255319148935
A-55f257,Company_496,FinTech,US,2023-12-21,organic,Basic,9,False,False,S-89c6dc,2024-06-29,,1176,14112,True,False,annual,True,57.0,4.0,6.0,4.6604255319148935
A-55f257,Company_496,FinTech,US,2023-12-21,organic,Basic,9,False,False,S-0a8acf,2024-02-16,,637,7644,True,False,monthly,True,46.0,2.0,6.0,4.6604255319148935
A-55f257,Company_496,FinTech,US,2023-12-21,organic,Basic,9,False,False,S-19edee,2024-08-19,,4179,50148,False,False,monthly,False,55.0,0.0,6.0,4.6604255319148935
A-55f257,Company_496,FinTech,US,2023-12-21,organic,Basic,9,False,False,S-80fa36,2024-01-18,,441,5292,False,False,monthly,False,36.0,4.0,6.0,4.6604255319148935
A-d26ab4,Company_497,DevTools,UK,2024-11-07,organic,Basic,9,False,True,S-6d12c1,2024-11-20,,209,2508,False,False,monthly,True,56.0,1.0,2.0,3.9906382978723407
A-d26ab4,Company_497,DevTools,UK,2024-11-07,organic,Basic,9,False,True,S-cc964d,2024-11-21,,0,0,False,False,annual,True,74.0,5.0,2.0,3.9906382978723407
A-d26ab4,Company_497,DevTools,UK,2024-11-07,organic,Basic,9,False,True,S-e561b9,2024-11-13,2024-11-30,882,10584,False,True,monthly,True,49.0,3.0,2.0,3.9906382978723407
A-d26ab4,Company_497,DevTools,UK,2024-11-07,organic,Basic,9,False,True,S-e60ba0,2024-11-18,,0,0,False,False,annual,False,50.0,1.0,2.0,3.9906382978723407
A-d26ab4,Company_497,DevTools,UK,2024-11-07,organic,Basic,9,False,True,S-1a0f22,2024-12-20,,3582,42984,False,False,monthly,True,59.0,3.0,2.0,3.9906382978723407
A-d26ab4,Company_497,DevTools,UK,2024-11-07,organic,Basic,9,False,True,S-1be5a9,2024-11-21,,5373,64476,False,False,monthly,True,54.0,1.0,2.0,3.9906382978723407
A-d26ab4,Company_497,DevTools,UK,2024-11-07,organic,Basic,9,False,True,S-86571c,2024-12-27,,6567,78804,False,False,monthly,True,21.0,4.0,2.0,3.9906382978723407
A-d26ab4,Company_497,DevTools,UK,2024-11-07,organic,Basic,9,False,True,S-15a897,2024-11-08,,0,0,False,False,annual,False,50.0,2.0,2.0,3.9906382978723407
A-d26ab4,Company_497,DevTools,UK,2024-11-07,organic,Basic,9,False,True,S-c288ef,2024-12-09,,0,0,False,False,annual,True,45.0,4.0,2.0,3.9906382978723407
A-712533,Company_498,EdTech,US,2023-07-31,organic,Pro,18,False,False,S-80c291,2024-01-06,,3582,42984,False,False,annual,True,19.0,2.0,5.0,3.796255319148936
A-712533,Company_498,EdTech,US,2023-07-31,organic,Pro,18,False,False,S-e72beb,2024-10-26,,3430,41160,True,False,annual,True,34.0,2.0,5.0,3.796255319148936
A-712533,Company_498,EdTech,US,2023-07-31,organic,Pro,18,False,False,S-24a63d,2023-11-23,,684,8208,False,False,annual,True,43.0,0.0,5.0,3.796255319148936
A-712533,Company_498,EdTech,US,2023-07-31,organic,Pro,18,False,False,S-e1ee60,2024-11-18,,3582,42984,False,False,monthly,True,91.0,8.0,5.0,3.796255319148936
A-712533,Company_498,EdTech,US,2023-07-31,organic,Pro,18,False,False,S-906b0c,2024-12-05,,882,10584,False,False,monthly,False,12.0,0.0,5.0,3.796255319148936
A-712533,Company_498,EdTech,US,2023-07-31,organic,Pro,18,False,False,S-b1c57d,2023-11-09,,342,4104,False,False,annual,True,22.0,6.0,5.0,3.796255319148936
A-712533,Company_498,EdTech,US,2023-07-31,organic,Pro,18,False,False,S-737994,2024-11-27,,456,5472,False,False,monthly,True,54.0,4.0,5.0,3.796255319148936
A-712533,Company_498,EdTech,US,2023-07-31,organic,Pro,18,False,False,S-aaaa83,2024-04-26,,0,0,False,False,monthly,True,44.0,1.0,5.0,3.796255319148936
A-712533,Company_498,EdTech,US,2023-07-31,organic,Pro,18,False,False,S-ea66df,2024-10-01,,1764,21168,False,False,monthly,True,34.0,1.0,5.0,3.796255319148936
A-712533,Company_498,EdTech,US,2023-07-31,organic,Pro,18,False,False,S-6c877e,2023-08-13,,0,0,False,False,monthly,True,60.0,2.0,5.0,3.796255319148936
A-712533,Company_498,EdTech,US,2023-07-31,organic,Pro,18,False,False,S-b3f236,2024-07-15,,3582,42984,False,False,monthly,True,87.0,5.0,5.0,3.796255319148936
A-712533,Company_498,EdTech,US,2023-07-31,organic,Pro,18,False,False,S-2d3096,2024-01-19,,1078,12936,False,False,annual,True,71.0,4.0,5.0,3.796255319148936
A-781cc0,Company_499,EdTech,US,2024-09-04,organic,Pro,12,False,False,S-120ae3,2024-09-24,,646,7752,False,False,annual,True,32.0,3.0,4.0,3.7453191489361704
A-781cc0,Company_499,EdTech,US,2024-09-04,organic,Pro,12,False,False,S-d32441,2024-09-19,2024-11-24,2388,28656,False,False,annual,True,19.0,0.0,4.0,3.7453191489361704
A-781cc0,Company_499,EdTech,US,2024-09-04,organic,Pro,12,False,False,S-d11408,2024-11-30,,0,0,False,False,monthly,True,72.0,3.0,4.0,3.7453191489361704
A-781cc0,Company_499,EdTech,US,2024-09-04,organic,Pro,12,False,False,S-1bbdf0,2024-10-08,,304,3648,False,False,annual,True,40.0,0.0,4.0,3.7453191489361704
A-781cc0,Company_499,EdTech,US,2024-09-04,organic,Pro,12,False,False,S-beaa35,2024-11-01,,0,0,False,False,monthly,False,49.0,5.0,4.0,3.7453191489361704
A-781cc0,Company_499,EdTech,US,2024-09-04,organic,Pro,12,False,False,S-4f5eb2,2024-09-07,,228,2736,False,False,monthly,False,43.0,3.0,4.0,3.7453191489361704
A-781cc0,Company_499,EdTech,US,2024-09-04,organic,Pro,12,False,False,S-83e7bb,2024-10-09,,0,0,True,False,annual,True,46.0,1.0,4.0,3.7453191489361704
A-781cc0,Company_499,EdTech,US,2024-09-04,organic,Pro,12,False,False,S-af2d97,2024-11-01,2024-11-02,1372,16464,False,False,monthly,False,36.0,3.0,4.0,3.7453191489361704
A-781cc0,Company_499,EdTech,US,2024-09-04,organic,Pro,12,False,False,S-509e88,2024-10-18,,399,4788,False,False,monthly,True,44.0,1.0,4.0,3.7453191489361704
A-781cc0,Company_499,EdTech,US,2024-09-04,organic,Pro,12,False,False,S-0f569f,2024-09-18,,2388,28656,False,False,monthly,True,20.0,0.0,4.0,3.7453191489361704
A-781cc0,Company_499,EdTech,US,2024-09-04,organic,Pro,12,False,False,S-3ce79c,2024-10-17,,4378,52536,False,False,monthly,False,42.0,1.0,4.0,3.7453191489361704
A-781cc0,Company_499,EdTech,US,2024-09-04,organic,Pro,12,False,False,S-0896f4,2024-12-08,,228,2736,False,False,annual,True,148.0,8.0,4.0,3.7453191489361704
A-781cc0,Company_499,EdTech,US,2024-09-04,organic,Pro,12,False,False,S-3a694d,2024-11-10,,980,11760,False,False,monthly,False,30.0,2.0,4.0,3.7453191489361704
A-781cc0,Company_499,EdTech,US,2024-09-04,organic,Pro,12,False,False,S-95aaf8,2024-10-30,,228,2736,False,False,annual,True,72.0,4.0,4.0,3.7453191489361704
A-781cc0,Company_499,EdTech,US,2024-09-04,organic,Pro,12,False,False,S-c59b3b,2024-09-18,,2388,28656,False,False,annual,True,91.0,5.0,4.0,3.7453191489361704
A-781cc0,Company_499,EdTech,US,2024-09-04,organic,Pro,12,False,False,S-f9469c,2024-09-04,,2388,28656,True,False,monthly,True,80.0,3.0,4.0,3.7453191489361704
